{ "properties": { "song": "", "songTransitionTime": 100.0, "pausecombo": 0.0, "roomX": 0.0, "levelWidth": 960.0, "roomY": 0.0, "levelHeight": 540.0 }, "isNoiseUpdate": 1.0, "editorVersion": 6.0, "instances": [ { "layer": 0.0, "object": "obj_solid", "deleted": 0.0, "variables": { "x": 0.0, "flipX": 0.0, "y": 448.0, "flipY": 0.0, "image_xscale": 30.0, "image_yscale": 3.0 } }, { "layer": 0.0, "object": "obj_tutorialbook", "deleted": 0.0, "variables": { "x": 448.0, "flipX": 0.0, "y": 394.5, "flipY": 0.0, "image_xscale": 1.0, "image_yscale": 1.0, "text": "if your seeing this, YOU JUST DECRYPTED MY FILE! CONGRATS! YOU ARE A REAL CRYPTER! WOOHOOO!" } } ], "tile_data": { }, "backgrounds": { "5": { "x": 0.0, "scroll_y": 1.0, "panic_sprite": -1.0, "hspeed": 0.0, "tile_y": 1.0, "character": "None", "y": 0.0, "escape": "None", "tile_x": 1.0, "sprite": "hehe", "vspeed": 0.0, "image_speed": 15.0, "scroll_x": 1.0 } } }