{ "isNoiseUpdate": 1.0, "properties": { "song": "event:\/music\/w5\/finalhallway", "songTransitionTime": 100.0, "pausecombo": 0.0, "roomX": 0.0, "levelWidth": 960.0, "roomY": 0.0, "levelHeight": 540.0 }, "editorVersion": 6.0, "instances": [ { "layer": 0.0, "object": "obj_darkcontroller", "deleted": 0.0, "variables": { "x": -128.0, "flipX": 0.0, "y": -64.0, "flipY": 0.0, "image_xscale": 1.0, "image_yscale": 1.0, "kidsparty": "Chateau" } }, { "layer": 0.0, "object": "obj_solid", "deleted": 0.0, "variables": { "x": -352.0, "flipX": 0.0, "y": 512.0, "flipY": 0.0, "image_xscale": 3.0, "image_yscale": 1.0 } }, { "layer": 0.0, "object": "obj_doorA", "deleted": 0.0, "variables": { "x": -320.0, "flipX": 0.0, "y": 384.0, "flipY": 0.0, "image_xscale": 1.0, "image_yscale": 1.0 } }, { "layer": 0.0, "object": "obj_solid", "deleted": 0.0, "variables": { "x": -352.0, "flipX": 0.0, "y": 320.0, "flipY": 0.0, "image_xscale": 1.0, "image_yscale": 7.0 } }, { "layer": 0.0, "object": "obj_solid", "deleted": 0.0, "variables": { "x": -352.0, "flipX": 0.0, "y": 320.0, "flipY": 0.0, "image_xscale": 3.0, "image_yscale": 1.0 } }, { "layer": 0.0, "object": "obj_solid", "deleted": 0.0, "variables": { "x": -288.0, "flipX": 0.0, "y": 320.0, "flipY": 0.0, "image_xscale": 1.0, "image_yscale": 7.0 } }, { "layer": 0.0, "object": "obj_sprite", "deleted": 0.0, "variables": { "x": -96.0, "flipX": 0.0, "y": 0.0, "flipY": 0.0, "image_xscale": 1.0, "image_yscale": 1.0, "image_speed": 0.29999999999999998889776975374843, "sprite_index": "spr_climbstairscutscene" } }, { "layer": 0.0, "object": "obj_hallway", "deleted": 0.0, "variables": { "targetDoor": "E", "x": -320.0, "flipX": 0.0, "y": 448.0, "flipY": 0.0, "image_xscale": 1.0, "image_yscale": 1.0, "targetRoom": "floor1" } }, { "layer": 0.0, "object": "obj_transfotip", "deleted": 0.0, "variables": { "x": 64.0, "flipX": 0.0, "y": -64.0, "flipY": 0.0, "image_xscale": 1.0, "image_yscale": 1.0, "text": "Up for next floor, Down for previous floor." } }, { "layer": 0.0, "object": "obj_sprite", "deleted": 0.0, "variables": { "x": 352.0, "flipX": 0.0, "y": 0.0, "flipY": 0.0, "image_xscale": 1.0, "image_yscale": 1.0, "image_speed": -0.29999999999999998889776975374843, "sprite_index": "spr_climbstairscutscene" } }, { "layer": 0.0, "object": "obj_platform", "deleted": 0.0, "variables": { "x": -320.0, "flipX": 0.0, "y": 416.0, "flipY": 0.0 } }, { "layer": 0.0, "object": "obj_ladder", "deleted": 0.0, "variables": { "x": -320.0, "flipX": 0.0, "y": 416.0, "flipY": 0.0, "image_xscale": 1.0, "image_yscale": 3.0 } }, { "layer": 0.0, "object": "obj_door", "deleted": 0.0, "variables": { "targetDoor": "E", "x": -352.0, "flipX": 0.0, "y": 320.0, "flipY": 0.0, "image_xscale": 1.0, "image_yscale": 1.0, "targetRoom": "floor2" } }, { "layer": 1.0, "object": "obj_doorE", "deleted": 0.0, "variables": { "x": -320.0, "flipX": 0.0, "y": 384.0, "flipY": 0.0 } }, { "layer": 1.0, "object": "obj_sprite", "deleted": 0.0, "variables": { "x": 0.0, "flipX": 0.0, "flipY": 0.0, "y": 480.0, "image_xscale": 15.0, "image_yscale": 1.0, "useLayerDepth": "true", "sprite_index": "sprite1122" } }, { "layer": 1.0, "object": "obj_sprite", "deleted": 0.0, "variables": { "x": 0.0, "flipX": 0.0, "flipY": 0.0, "y": 0.0, "image_xscale": 15.0, "image_yscale": 1.0, "useLayerDepth": "true", "sprite_index": "sprite1122" } } ], "tile_data": { "-1": { } }, "backgrounds": { "5": { "x": 0.0, "scroll_y": 0.75, "panic_sprite": -1.0, "hspeed": 0.0, "tile_y": 1.0, "character": "None", "y": 0.0, "escape": "None", "tile_x": 1.0, "sprite": "bg_farmceilling", "vspeed": 0.0, "image_speed": 15.0, "scroll_x": 0.75 } } }