{ "properties": { "song": "", "songTransitionTime": 100.0, "pausecombo": 0.0, "roomX": 0.0, "levelWidth": 960.0, "roomY": 0.0, "levelHeight": 540.0 }, "isNoiseUpdate": 1.0, "editorVersion": 6.0, "instances": [ ], "tile_data": { }, "backgrounds": { "5": { "x": -7.0, "scroll_y": 0.75, "panic_sprite": -1.0, "tile_y": 0.0, "hspeed": 0.0, "character": "None", "y": 124.0, "escape": "None", "tile_x": 1.0, "sprite": "bg_farm1", "vspeed": 0.0, "image_speed": 15.0, "scroll_x": 0.75 }, "6": { "x": 0.0, "scroll_y": 0.69999999999999995559107901499374, "panic_sprite": -1.0, "tile_y": 1.0, "hspeed": 1.0, "character": "None", "y": 0.0, "escape": "None", "tile_x": 1.0, "sprite": "bg_farm2", "vspeed": 0.0, "image_speed": 15.0, "scroll_x": 0.69999999999999995559107901499374 } } }