{ "isNoiseUpdate": 1.0, "properties": { "song": "event:\/music\/soundtest\/doise", "songTransitionTime": 100.0, "pausecombo": 0.0, "roomX": 0.0, "levelWidth": 960.0, "roomY": 0.0, "levelHeight": 540.0 }, "editorVersion": 6.0, "instances": [ { "layer": 0.0, "object": "obj_bosscontroller", "deleted": 0.0, "variables": { "x": -64.0, "flipX": 0.0, "image_xscale": 1.0, "vstitle": "spr_vstitle_noise", "playerspr": "spr_vspeppino", "player_hp": 9.0, "boss_rowmax": 2.0, "flipY": 0.0, "y": -32.0, "image_yscale": 1.0, "boss_hpsprite": "spr_bossfight_noiseHP", "boss_hp": 8.0 } }, { "layer": 0.0, "object": "obj_solid", "deleted": 0.0, "variables": { "x": 0.0, "flipX": 0.0, "y": 448.0, "flipY": 0.0, "image_xscale": 30.0, "image_yscale": 3.0 } }, { "layer": 0.0, "object": "obj_solid", "deleted": 0.0, "variables": { "x": 896.0, "flipX": 0.0, "y": -192.0, "flipY": 0.0, "image_xscale": 5.0, "image_yscale": 23.0 } }, { "layer": 0.0, "object": "obj_solid", "deleted": 0.0, "variables": { "x": -32.0, "flipX": 0.0, "y": -192.0, "flipY": 0.0, "image_xscale": 3.0, "image_yscale": 23.0 } }, { "layer": 0.0, "object": "obj_doorA", "deleted": 0.0, "variables": { "x": 192.0, "flipX": 0.0, "y": 416.0, "flipY": 0.0, "image_xscale": 1.0, "image_yscale": 1.0 } }, { "layer": 0.0, "object": "obj_hppickup", "deleted": 0.0, "variables": { "x": 96.0, "flipX": 0.0, "y": 416.0, "flipY": 0.0, "image_xscale": 1.0, "image_yscale": 1.0, "useLayerDepth": "true" } }, { "layer": 0.0, "object": "obj_tutorialbook", "deleted": 0.0, "variables": { "x": 32.0, "flipX": 0.0, "y": -21.5, "flipY": 0.0, "image_xscale": 1.0, "image_yscale": 1.0, "text": "[L][U][U]", "showgranny": "false" } }, { "layer": 0.0, "object": "obj_micnoise", "deleted": 0.0, "variables": { "x": 640.0, "flipX": 0.0, "flipY": 0.0, "y": 352.0, "image_xscale": 1.0, "image_yscale": 1.0, "useLayerDepth": "true", "target": "obj_noiseboss", "spd": "spr_micnoise" } }, { "layer": 0.0, "object": "obj_solid", "deleted": 0.0, "variables": { "x": 0.0, "flipX": 0.0, "y": -128.0, "flipY": 0.0, "image_xscale": 30.0, "image_yscale": 4.0 } }, { "layer": 0.0, "object": "obj_baddiespawner", "deleted": 0.0, "variables": { "x": 480.0, "flipX": 0.0, "y": -544.0, "flipY": 0.0, "image_xscale": 1.0, "image_yscale": 1.0, "content": "obj_johnecheese", "refresh": 1.0 } }, { "layer": 0.0, "object": "obj_noiseboss", "deleted": 0.0, "variables": { "x": 608.0, "flipX": 1.0, "flipY": 0.0, "y": 402.5, "image_xscale": 1.0, "image_yscale": 1.0, "useLayerDepth": "true" } }, { "layer": 0.0, "object": "obj_sprite", "deleted": 0.0, "variables": { "x": 803.0, "flipX": 0.0, "y": 385.0, "flipY": 0.0, "image_xscale": 1.0, "image_yscale": 1.0, "sprite_index": "spr_policecarstation" } }, { "layer": 0.0, "object": "obj_hppickup", "deleted": 0.0, "variables": { "x": 864.0, "flipX": 0.0, "y": 416.0, "flipY": 0.0, "image_xscale": 1.0, "image_yscale": 1.0, "useLayerDepth": "true" } }, { "layer": 0.0, "object": "obj_platform", "deleted": 0.0, "variables": { "x": 448.0, "flipX": 0.0, "y": 320.0, "flipY": 0.0, "image_xscale": 2.0, "image_yscale": 1.0 } }, { "layer": 0.0, "object": "obj_noiseyspawner2", "deleted": 0.0, "variables": { "x": 114.0, "flipX": 0.0, "flipY": 0.0, "y": 402.0, "image_xscale": 1.0, "image_yscale": 1.0, "useLayerDepth": "true" } }, { "layer": 0.0, "object": "obj_sprite", "deleted": 0.0, "variables": { "x": 82.0, "flipX": 0.0, "y": 384.0, "flipY": 0.0, "image_xscale": 1.0, "image_yscale": 1.0, "sprite_index": "spr_policecarstation" } }, { "layer": 0.0, "object": "obj_bosskeyspawn", "deleted": 0.0, "variables": { "x": 480.0, "flipX": 0.0, "y": 402.0, "flipY": 0.0 } }, { "layer": 0.0, "object": "obj_noiseyspawner", "deleted": 0.0, "variables": { "x": 96.0, "flipX": 0.0, "y": -64.0, "flipY": 0.0, "image_xscale": 1.0, "image_yscale": 1.0 } }, { "layer": 0.0, "object": "obj_solid", "deleted": 0.0, "variables": { "x": 448.0, "flipX": 0.0, "y": -512.0, "flipY": 0.0, "image_xscale": 2.0, "image_yscale": 1.0 } } ], "tile_data": { "6": { "448_320": { "flipX": 1.0, "flipY": 1.0, "tileset": "tile_graveyard3", "coord": [ 1.0, 1.0 ], "autotile_index": 0.0, "autotile": 0.0 }, "480_320": { "flipX": 1.0, "flipY": 1.0, "tileset": "tile_graveyard3", "coord": [ 3.0, 1.0 ], "autotile_index": 0.0, "autotile": 0.0 } } }, "backgrounds": { "-1": { "x": 0.0, "scroll_y": 1.0, "panic_sprite": -1.0, "hspeed": 0.0, "tile_y": 0.0, "character": "None", "y": 0.0, "escape": "None", "tile_x": 0.0, "sprite": "spr_fakepeppino_arena", "vspeed": 0.0, "image_speed": 15.0, "scroll_x": 1.0 }, "6": { "x": 0.0, "scroll_y": 1.0, "panic_sprite": -1.0, "tile_y": 1.0, "hspeed": 0.0, "character": "None", "y": 0.0, "escape": "None", "tile_x": 1.0, "sprite": "bg_noisebossBG1_2", "vspeed": 0.0, "image_speed": 15.0, "scroll_x": 1.0 }, "7": { "x": 0.0, "scroll_y": 1.0, "panic_sprite": -1.0, "tile_y": 1.0, "hspeed": 0.0, "character": "None", "y": 0.0, "escape": "None", "tile_x": 1.0, "sprite": "bg_noisebossBG4", "vspeed": 0.0, "image_speed": 15.0, "scroll_x": 1.0 } } }