{ "isNoiseUpdate": 1.0, "properties": { "song": "event:\/music\/w5\/finalhallway", "songTransitionTime": 100.0, "pausecombo": 0.0, "roomX": 0.0, "levelWidth": 960.0, "roomY": 0.0, "levelHeight": 540.0 }, "editorVersion": 6.0, "instances": [ { "layer": 0.0, "object": "obj_solid", "deleted": 0.0, "variables": { "x": 0.0, "flipX": 0.0, "y": 448.0, "flipY": 0.0, "image_xscale": 23.0, "image_yscale": 9.0 } }, { "layer": 0.0, "object": "obj_solid", "deleted": 0.0, "variables": { "x": 864.0, "flipX": 0.0, "y": -256.0, "flipY": 0.0, "image_xscale": 3.0, "image_yscale": 31.0 } }, { "layer": 0.0, "object": "obj_solid", "deleted": 0.0, "variables": { "x": 0.0, "flipX": 0.0, "y": -448.0, "flipY": 0.0, "image_xscale": 30.0, "image_yscale": 6.0 } }, { "layer": 0.0, "object": "obj_solid", "deleted": 0.0, "variables": { "x": 0.0, "flipX": 0.0, "y": -256.0, "flipY": 0.0, "image_xscale": 2.0, "image_yscale": 25.0 } }, { "layer": 1.0, "object": "obj_doorB", "deleted": 0.0, "variables": { "x": 640.0, "flipX": 0.0, "y": 416.0, "flipY": 0.0, "image_xscale": 1.0, "image_yscale": 1.0 } }, { "layer": 0.0, "object": "obj_doorA", "deleted": 0.0, "variables": { "x": 640.0, "flipX": 0.0, "y": 416.0, "flipY": 0.0, "image_xscale": 1.0, "image_yscale": 1.0 } }, { "layer": 0.0, "object": "obj_door", "deleted": 0.0, "variables": { "targetDoor": "B", "x": 608.0, "flipX": 0.0, "y": 352.0, "flipY": 0.0, "image_xscale": 1.0, "useLayerDepth": "true", "image_yscale": 1.0, "targetRoom": "main" } }, { "layer": 0.0, "object": "obj_darkcontroller", "deleted": 0.0, "variables": { "x": -96.0, "flipX": 0.0, "y": -96.0, "flipY": 0.0, "image_xscale": 1.0, "image_yscale": 1.0, "kidsparty": "Chateau" } }, { "layer": 2.0, "object": "obj_chateaulight", "deleted": 0.0, "variables": { "x": 640.0, "flipX": 0.0, "y": 416.0, "flipY": 0.0, "image_xscale": 1.0, "image_yscale": 1.0 } }, { "layer": 0.0, "object": "obj_sprite", "deleted": 0.0, "variables": { "x": 64.0, "flipX": 1.0, "y": 352.0, "flipY": 0.0, "image_xscale": 1.0, "image_yscale": 1.0, "sprite_index": "fencer_template" } }, { "layer": 0.0, "object": "obj_spike", "deleted": 0.0, "variables": { "x": 60.0, "flipX": 0.0, "y": 407.0, "flipY": 0.0, "image_xscale": 1.34375, "visible": "false", "image_yscale": 0.25 } }, { "layer": 1.0, "object": "obj_solid", "deleted": 0.0, "variables": { "x": 141.0, "flipX": 0.0, "y": 416.0, "flipY": 0.0, "image_xscale": 0.71875, "image_yscale": 0.375 } }, { "layer": 1.0, "object": "obj_solid", "deleted": 0.0, "variables": { "x": 125.0, "flipX": 0.0, "y": 354.0, "flipY": 0.0, "image_xscale": 0.84375, "image_yscale": 0.71875 } }, { "layer": 1.0, "object": "obj_solid", "deleted": 0.0, "variables": { "x": 104.0, "flipX": 0.0, "y": 406.0, "flipY": 0.0, "image_xscale": 0.59375, "image_yscale": 0.5 } }, { "layer": 1.0, "object": "obj_solid", "deleted": 0.0, "variables": { "x": 107.0, "flipX": 0.0, "y": 440.0, "flipY": 0.0, "image_xscale": 0.46875, "image_yscale": 0.15625 } }, { "layer": 1.0, "object": "obj_solid", "deleted": 0.0, "variables": { "x": 134.0, "flipX": 0.0, "y": 440.0, "flipY": 0.0, "image_xscale": 0.5625, "image_yscale": 0.15625 } }, { "layer": 1.0, "object": "obj_solid", "deleted": 0.0, "variables": { "x": 149.0, "flipX": 0.0, "y": 402.0, "flipY": 0.0, "image_xscale": 0.1875, "image_yscale": 0.40625 } }, { "layer": 1.0, "object": "obj_solid", "deleted": 0.0, "variables": { "x": 123.0, "flipX": 0.0, "y": 374.0, "flipY": 0.0, "image_xscale": 0.53125, "image_yscale": 1.71875 } }, { "layer": 1.0, "object": "obj_solid", "deleted": 0.0, "variables": { "x": 110.0, "flipX": 0.0, "y": 389.0, "flipY": 0.0, "image_xscale": 1.375, "image_yscale": 0.84375 } }, { "layer": 1.0, "object": "obj_solid", "deleted": 0.0, "variables": { "x": 133.0, "flipX": 0.0, "y": 427.0, "flipY": 0.0, "image_xscale": 0.3125, "image_yscale": 0.40625 } }, { "layer": 1.0, "object": "obj_solid", "deleted": 0.0, "variables": { "x": 118.0, "flipX": 0.0, "y": 423.0, "flipY": 0.0, "image_xscale": 0.375, "image_yscale": 0.53125 } }, { "layer": 0.0, "object": "obj_ventilator", "deleted": 0.0, "variables": { "x": 256.0, "flipX": 0.0, "y": -256.0, "flipY": 0.0, "image_xscale": 0.666666686534881591796875, "image_yscale": 11.0 } }, { "layer": 0.0, "object": "obj_solid", "deleted": 0.0, "variables": { "x": 192.0, "flipX": 0.0, "y": -256.0, "flipY": 0.0, "image_xscale": 2.0, "image_yscale": 19.0 } }, { "layer": 0.0, "object": "obj_solid", "deleted": 0.0, "variables": { "x": 320.0, "flipX": 0.0, "y": 256.0, "flipY": 0.0, "image_xscale": 2.0, "image_yscale": 5.0 } }, { "layer": 0.0, "object": "obj_secretblock", "deleted": 0.0, "variables": { "x": 320.0, "flipX": 0.0, "y": 416.0, "flipY": 0.0 } }, { "layer": 0.0, "object": "obj_solid", "deleted": 0.0, "variables": { "x": 0.0, "flipX": 0.0, "y": -256.0, "flipY": 0.0, "image_xscale": 6.0, "image_yscale": 14.0 } }, { "layer": 0.0, "object": "obj_teleporter", "deleted": 0.0, "variables": { "x": 288.0, "flipX": 0.0, "start": "true", "trigger": 1.0, "y": -256.0, "flipY": 0.0, "image_xscale": 1.0, "image_yscale": 1.0 } }, { "layer": 0.0, "object": "obj_bigcollect", "deleted": 0.0, "variables": { "x": 128.0, "flipX": 0.0, "y": 384.0, "flipY": 0.0, "image_xscale": 2.0, "visible": "false", "image_yscale": 2.0, "value": 2500.0 } }, { "layer": 0.0, "object": "obj_teleporter", "deleted": 0.0, "variables": { "x": 768.0, "flipX": 0.0, "start": "false", "trigger": 1.0, "y": 704.0, "flipY": 0.0, "image_xscale": 1.0, "image_yscale": 1.0 } }, { "layer": 0.0, "object": "obj_solid", "deleted": 0.0, "variables": { "x": 800.0, "flipX": 0.0, "y": 448.0, "flipY": 0.0, "image_xscale": 5.0, "image_yscale": 9.0 } }, { "layer": 0.0, "object": "obj_solid", "deleted": 0.0, "variables": { "x": 672.0, "flipX": 0.0, "y": 736.0, "flipY": 0.0, "image_xscale": 6.0, "image_yscale": 1.0 } }, { "layer": 0.0, "object": "obj_ventilator", "deleted": 0.0, "variables": { "x": 736.0, "flipX": 0.0, "y": 96.0, "flipY": 0.0, "image_xscale": 0.666666686534881591796875, "image_yscale": 10.0 } }, { "layer": 0.0, "object": "obj_solid", "deleted": 0.0, "variables": { "x": 320.0, "flipX": 0.0, "y": -256.0, "flipY": 0.0, "image_xscale": 13.0, "image_yscale": 14.0 } }, { "layer": 0.0, "object": "obj_solid", "deleted": 0.0, "variables": { "x": 320.0, "flipX": 0.0, "y": -256.0, "flipY": 0.0, "image_xscale": 20.0, "image_yscale": 11.0 } }, { "layer": 0.0, "object": "obj_secretblock", "deleted": 0.0, "variables": { "x": 352.0, "flipX": 0.0, "y": 416.0, "flipY": 0.0 } }, { "layer": 0.0, "object": "obj_cutoffsmall", "deleted": 0.0, "variables": { "x": 320.0, "flipX": 0.0, "y": 448.0, "flipY": 0.0 } }, { "layer": 0.0, "object": "obj_cutoffsmall", "deleted": 0.0, "variables": { "x": 352.0, "flipX": 0.0, "y": 448.0, "flipY": 0.0 } }, { "layer": 0.0, "object": "obj_cutoffsmall", "deleted": 0.0, "variables": { "x": 352.0, "flipX": 0.0, "y": 416.0, "flipY": 1.0 } }, { "layer": 0.0, "object": "obj_cutoffsmall", "deleted": 0.0, "variables": { "x": 320.0, "flipX": 0.0, "y": 416.0, "flipY": 1.0 } } ], "tile_data": { "-1": { "640_64": { "flipX": 1.0, "flipY": 1.0, "tileset": "tilesD_text", "coord": [ 5.0, 0.0 ], "autotile_index": 0.0, "autotile": 0.0 }, "608_64": { "flipX": 1.0, "flipY": 1.0, "tileset": "tilesD_text", "coord": [ 4.0, 0.0 ], "autotile_index": 0.0, "autotile": 0.0 }, "704_64": { "flipX": 1.0, "flipY": 1.0, "tileset": "tilesD_text", "coord": [ 7.0, 0.0 ], "autotile_index": 0.0, "autotile": 0.0 }, "128_480": { "flipX": 1.0, "flipY": 1.0, "tileset": "tilesD_text", "coord": [ 11.0, 0.0 ], "autotile_index": 0.0, "autotile": 0.0 }, "192_480": { "flipX": 1.0, "flipY": 1.0, "tileset": "tilesD_text", "coord": [ 13.0, 0.0 ], "autotile_index": 0.0, "autotile": 0.0 }, "288_480": { "flipX": 1.0, "flipY": 1.0, "tileset": "tilesD_text", "coord": [ 16.0, 0.0 ], "autotile_index": 0.0, "autotile": 0.0 }, "224_480": { "flipX": 1.0, "flipY": 1.0, "tileset": "tilesD_text", "coord": [ 14.0, 0.0 ], "autotile_index": 0.0, "autotile": 0.0 }, "96_480": { "flipX": 1.0, "flipY": 1.0, "tileset": "tilesD_text", "coord": [ 10.0, 0.0 ], "autotile_index": 0.0, "autotile": 0.0 }, "256_480": { "flipX": 1.0, "flipY": 1.0, "tileset": "tilesD_text", "coord": [ 15.0, 0.0 ], "autotile_index": 0.0, "autotile": 0.0 }, "672_64": { "flipX": 1.0, "flipY": 1.0, "tileset": "tilesD_text", "coord": [ 6.0, 0.0 ], "autotile_index": 0.0, "autotile": 0.0 }, "160_480": { "flipX": 1.0, "flipY": 1.0, "tileset": "tilesD_text", "coord": [ 12.0, 0.0 ], "autotile_index": 0.0, "autotile": 0.0 } }, "4": { "352_416": { "flipX": 1.0, "flipY": 1.0, "tileset": "tilesD_text", "coord": [ 16.0, 0.0 ], "autotile_index": 0.0, "autotile": 0.0 }, "320_416": { "flipX": 1.0, "flipY": 1.0, "tileset": "tilesD_text", "coord": [ 16.0, 1.0 ], "autotile_index": 0.0, "autotile": 0.0 } }, "5": { "416_32": { "flipX": 1.0, "flipY": 1.0, "tileset": "spr_pinballwooden", "coord": [ 3.0, 2.0 ], "autotile_index": 0.0, "autotile": 1.0 }, "384_128": { "flipX": 1.0, "flipY": 1.0, "tileset": "spr_pinballwooden", "coord": [ 3.0, 3.0 ], "autotile_index": 0.0, "autotile": 1.0 }, "192_160": { "flipX": 1.0, "flipY": 1.0, "tileset": "spr_pinballwooden", "coord": [ 3.0, 5.0 ], "autotile_index": 0.0, "autotile": 1.0 }, "544_32": { "flipX": 1.0, "flipY": 1.0, "tileset": "spr_pinballwooden", "coord": [ 3.0, 2.0 ], "autotile_index": 0.0, "autotile": 1.0 }, "224_32": { "flipX": 1.0, "flipY": 1.0, "tileset": "spr_pinballwooden", "coord": [ 5.0, 1.0 ], "autotile_index": 0.0, "autotile": 1.0 }, "224_160": { "flipX": 1.0, "flipY": 1.0, "tileset": "spr_pinballwooden", "coord": [ 5.0, 2.0 ], "autotile_index": 0.0, "autotile": 1.0 }, "832_480": { "flipX": 1.0, "flipY": 1.0, "tileset": "spr_pinballwooden", "coord": [ 2.0, 1.0 ], "autotile_index": 0.0, "autotile": 1.0 }, "352_320": { "flipX": 1.0, "flipY": 1.0, "tileset": "spr_pinballwooden", "coord": [ 5.0, 1.0 ], "autotile_index": 0.0, "autotile": 1.0 }, "672_96": { "flipX": 1.0, "flipY": 1.0, "tileset": "spr_pinballwooden", "coord": [ 4.0, 2.0 ], "autotile_index": 0.0, "autotile": 1.0 }, "320_128": { "flipX": 1.0, "flipY": 1.0, "tileset": "spr_pinballwooden", "coord": [ 1.0, 2.0 ], "autotile_index": 0.0, "autotile": 1.0 }, "160_448": { "flipX": 1.0, "flipY": 1.0, "tileset": "spr_pinballwooden", "coord": [ 3.0, 0.0 ], "autotile_index": 0.0, "autotile": 1.0 }, "352_32": { "flipX": 1.0, "flipY": 1.0, "tileset": "spr_pinballwooden", "coord": [ 2.0, 2.0 ], "autotile_index": 0.0, "autotile": 1.0 }, "32_416": { "flipX": 1.0, "flipY": 1.0, "tileset": "spr_pinballwooden", "coord": [ 5.0, 3.0 ], "autotile_index": 0.0, "autotile": 1.0 }, "224_512": { "flipX": 1.0, "flipY": 1.0, "tileset": "spr_pinballwooden", "coord": [ 3.0, 2.0 ], "autotile_index": 0.0, "autotile": 1.0 }, "640_32": { "flipX": 1.0, "flipY": 1.0, "tileset": "spr_pinballwooden", "coord": [ 3.0, 2.0 ], "autotile_index": 0.0, "autotile": 1.0 }, "640_96": { "flipX": 1.0, "flipY": 1.0, "tileset": "spr_pinballwooden", "coord": [ 3.0, 2.0 ], "autotile_index": 0.0, "autotile": 1.0 }, "896_192": { "flipX": 1.0, "flipY": 1.0, "tileset": "spr_pinballwooden", "coord": [ 2.0, 2.0 ], "autotile_index": 0.0, "autotile": 1.0 }, "416_512": { "flipX": 1.0, "flipY": 1.0, "tileset": "spr_pinballwooden", "coord": [ 3.0, 2.0 ], "autotile_index": 0.0, "autotile": 1.0 }, "160_128": { "flipX": 1.0, "flipY": 1.0, "tileset": "spr_pinballwooden", "coord": [ 3.0, 3.0 ], "autotile_index": 0.0, "autotile": 1.0 }, "928_256": { "flipX": 1.0, "flipY": 1.0, "tileset": "spr_pinballwooden", "coord": [ 3.0, 2.0 ], "autotile_index": 0.0, "autotile": 1.0 }, "800_32": { "flipX": 1.0, "flipY": 1.0, "tileset": "spr_pinballwooden", "coord": [ 1.0, 1.0 ], "autotile_index": 0.0, "autotile": 1.0 }, "576_480": { "flipX": 1.0, "flipY": 1.0, "tileset": "spr_pinballwooden", "coord": [ 3.0, 1.0 ], "autotile_index": 0.0, "autotile": 1.0 }, "928_384": { "flipX": 1.0, "flipY": 1.0, "tileset": "spr_pinballwooden", "coord": [ 3.0, 2.0 ], "autotile_index": 0.0, "autotile": 1.0 }, "352_160": { "flipX": 1.0, "flipY": 1.0, "tileset": "spr_pinballwooden", "coord": [ 3.0, 4.0 ], "autotile_index": 0.0, "autotile": 1.0 }, "928_480": { "flipX": 1.0, "flipY": 1.0, "tileset": "spr_pinballwooden", "coord": [ 3.0, 2.0 ], "autotile_index": 0.0, "autotile": 1.0 }, "608_128": { "flipX": 1.0, "flipY": 1.0, "tileset": "spr_pinballwooden", "coord": [ 3.0, 3.0 ], "autotile_index": 0.0, "autotile": 1.0 }, "800_448": { "flipX": 1.0, "flipY": 1.0, "tileset": "spr_pinballwooden", "coord": [ 1.0, 0.0 ], "autotile_index": 0.0, "autotile": 1.0 }, "512_448": { "flipX": 1.0, "flipY": 1.0, "tileset": "spr_pinballwooden", "coord": [ 2.0, 0.0 ], "autotile_index": 0.0, "autotile": 1.0 }, "448_96": { "flipX": 1.0, "flipY": 1.0, "tileset": "spr_pinballwooden", "coord": [ 3.0, 2.0 ], "autotile_index": 0.0, "autotile": 1.0 }, "64_448": { "flipX": 1.0, "flipY": 1.0, "tileset": "spr_pinballwooden", "coord": [ 2.0, 0.0 ], "autotile_index": 0.0, "autotile": 1.0 }, "352_416": { "flipX": 1.0, "flipY": 1.0, "tileset": "spr_pinballwooden", "coord": [ 5.0, 1.0 ], "autotile_index": 0.0, "autotile": 1.0 }, "416_64": { "flipX": 1.0, "flipY": 1.0, "tileset": "spr_pinballwooden", "coord": [ 3.0, 2.0 ], "autotile_index": 0.0, "autotile": 1.0 }, "704_64": { "flipX": 1.0, "flipY": 1.0, "tileset": "spr_pinballwooden", "coord": [ 5.0, 2.0 ], "autotile_index": 0.0, "autotile": 1.0 }, "928_0": { "flipX": 1.0, "flipY": 1.0, "tileset": "spr_pinballwooden", "coord": [ 3.0, 2.0 ], "autotile_index": 0.0, "autotile": 1.0 }, "384_96": { "flipX": 1.0, "flipY": 1.0, "tileset": "spr_pinballwooden", "coord": [ 3.0, 2.0 ], "autotile_index": 0.0, "autotile": 1.0 }, "384_64": { "flipX": 1.0, "flipY": 1.0, "tileset": "spr_pinballwooden", "coord": [ 3.0, 2.0 ], "autotile_index": 0.0, "autotile": 1.0 }, "224_64": { "flipX": 1.0, "flipY": 1.0, "tileset": "spr_pinballwooden", "coord": [ 5.0, 2.0 ], "autotile_index": 0.0, "autotile": 1.0 }, "0_512": { "flipX": 1.0, "flipY": 1.0, "tileset": "spr_pinballwooden", "coord": [ 3.0, 2.0 ], "autotile_index": 0.0, "autotile": 1.0 }, "32_192": { "flipX": 1.0, "flipY": 1.0, "tileset": "spr_pinballwooden", "coord": [ 5.0, 1.0 ], "autotile_index": 0.0, "autotile": 1.0 }, "480_64": { "flipX": 1.0, "flipY": 1.0, "tileset": "spr_pinballwooden", "coord": [ 3.0, 2.0 ], "autotile_index": 0.0, "autotile": 1.0 }, "64_32": { "flipX": 1.0, "flipY": 1.0, "tileset": "spr_pinballwooden", "coord": [ 3.0, 2.0 ], "autotile_index": 0.0, "autotile": 1.0 }, "896_224": { "flipX": 1.0, "flipY": 1.0, "tileset": "spr_pinballwooden", "coord": [ 2.0, 2.0 ], "autotile_index": 0.0, "autotile": 1.0 }, "864_480": { "flipX": 1.0, "flipY": 1.0, "tileset": "spr_pinballwooden", "coord": [ 3.0, 1.0 ], "autotile_index": 0.0, "autotile": 1.0 }, "480_32": { "flipX": 1.0, "flipY": 1.0, "tileset": "spr_pinballwooden", "coord": [ 3.0, 2.0 ], "autotile_index": 0.0, "autotile": 1.0 }, "352_0": { "flipX": 1.0, "flipY": 1.0, "tileset": "spr_pinballwooden", "coord": [ 2.0, 2.0 ], "autotile_index": 0.0, "autotile": 1.0 }, "576_128": { "flipX": 1.0, "flipY": 1.0, "tileset": "spr_pinballwooden", "coord": [ 3.0, 3.0 ], "autotile_index": 0.0, "autotile": 1.0 }, "608_0": { "flipX": 1.0, "flipY": 1.0, "tileset": "spr_pinballwooden", "coord": [ 3.0, 2.0 ], "autotile_index": 0.0, "autotile": 1.0 }, "896_512": { "flipX": 1.0, "flipY": 1.0, "tileset": "spr_pinballwooden", "coord": [ 3.0, 2.0 ], "autotile_index": 0.0, "autotile": 1.0 }, "96_512": { "flipX": 1.0, "flipY": 1.0, "tileset": "spr_pinballwooden", "coord": [ 3.0, 2.0 ], "autotile_index": 0.0, "autotile": 1.0 }, "128_64": { "flipX": 1.0, "flipY": 1.0, "tileset": "spr_pinballwooden", "coord": [ 3.0, 2.0 ], "autotile_index": 0.0, "autotile": 1.0 }, "416_128": { "flipX": 1.0, "flipY": 1.0, "tileset": "spr_pinballwooden", "coord": [ 3.0, 3.0 ], "autotile_index": 0.0, "autotile": 1.0 }, "128_128": { "flipX": 1.0, "flipY": 1.0, "tileset": "spr_pinballwooden", "coord": [ 3.0, 3.0 ], "autotile_index": 0.0, "autotile": 1.0 }, "896_288": { "flipX": 1.0, "flipY": 1.0, "tileset": "spr_pinballwooden", "coord": [ 2.0, 2.0 ], "autotile_index": 0.0, "autotile": 1.0 }, "512_0": { "flipX": 1.0, "flipY": 1.0, "tileset": "spr_pinballwooden", "coord": [ 3.0, 2.0 ], "autotile_index": 0.0, "autotile": 1.0 }, "416_0": { "flipX": 1.0, "flipY": 1.0, "tileset": "spr_pinballwooden", "coord": [ 3.0, 2.0 ], "autotile_index": 0.0, "autotile": 1.0 }, "544_0": { "flipX": 1.0, "flipY": 1.0, "tileset": "spr_pinballwooden", "coord": [ 3.0, 2.0 ], "autotile_index": 0.0, "autotile": 1.0 }, "928_64": { "flipX": 1.0, "flipY": 1.0, "tileset": "spr_pinballwooden", "coord": [ 3.0, 2.0 ], "autotile_index": 0.0, "autotile": 1.0 }, "0_416": { "flipX": 1.0, "flipY": 1.0, "tileset": "spr_pinballwooden", "coord": [ 4.0, 2.0 ], "autotile_index": 0.0, "autotile": 1.0 }, "928_160": { "flipX": 1.0, "flipY": 1.0, "tileset": "spr_pinballwooden", "coord": [ 3.0, 2.0 ], "autotile_index": 0.0, "autotile": 1.0 }, "0_192": { "flipX": 1.0, "flipY": 1.0, "tileset": "spr_pinballwooden", "coord": [ 4.0, 2.0 ], "autotile_index": 0.0, "autotile": 1.0 }, "864_32": { "flipX": 1.0, "flipY": 1.0, "tileset": "spr_pinballwooden", "coord": [ 3.0, 3.0 ], "autotile_index": 0.0, "autotile": 1.0 }, "480_160": { "flipX": 1.0, "flipY": 1.0, "tileset": "spr_pinballwooden", "coord": [ 4.0, 4.0 ], "autotile_index": 0.0, "autotile": 1.0 }, "896_384": { "flipX": 1.0, "flipY": 1.0, "tileset": "spr_pinballwooden", "coord": [ 2.0, 2.0 ], "autotile_index": 0.0, "autotile": 1.0 }, "32_320": { "flipX": 1.0, "flipY": 1.0, "tileset": "spr_pinballwooden", "coord": [ 5.0, 3.0 ], "autotile_index": 0.0, "autotile": 1.0 }, "864_448": { "flipX": 1.0, "flipY": 1.0, "tileset": "spr_pinballwooden", "coord": [ 3.0, 7.0 ], "autotile_index": 0.0, "autotile": 1.0 }, "320_352": { "flipX": 1.0, "flipY": 1.0, "tileset": "spr_pinballwooden", "coord": [ 1.0, 1.0 ], "autotile_index": 0.0, "autotile": 1.0 }, "64_160": { "flipX": 1.0, "flipY": 1.0, "tileset": "spr_pinballwooden", "coord": [ 3.0, 4.0 ], "autotile_index": 0.0, "autotile": 1.0 }, "704_32": { "flipX": 1.0, "flipY": 1.0, "tileset": "spr_pinballwooden", "coord": [ 5.0, 3.0 ], "autotile_index": 0.0, "autotile": 1.0 }, "352_384": { "flipX": 1.0, "flipY": 1.0, "tileset": "spr_pinballwooden", "coord": [ 5.0, 2.0 ], "autotile_index": 0.0, "autotile": 1.0 }, "896_0": { "flipX": 1.0, "flipY": 1.0, "tileset": "spr_pinballwooden", "coord": [ 3.0, 2.0 ], "autotile_index": 0.0, "autotile": 1.0 }, "672_512": { "flipX": 1.0, "flipY": 1.0, "tileset": "spr_pinballwooden", "coord": [ 4.0, 2.0 ], "autotile_index": 0.0, "autotile": 1.0 }, "864_224": { "flipX": 1.0, "flipY": 1.0, "tileset": "spr_pinballwooden", "coord": [ 1.0, 3.0 ], "autotile_index": 0.0, "autotile": 1.0 }, "32_96": { "flipX": 1.0, "flipY": 1.0, "tileset": "spr_pinballwooden", "coord": [ 3.0, 2.0 ], "autotile_index": 0.0, "autotile": 1.0 }, "864_160": { "flipX": 1.0, "flipY": 1.0, "tileset": "spr_pinballwooden", "coord": [ 1.0, 2.0 ], "autotile_index": 0.0, "autotile": 1.0 }, "480_480": { "flipX": 1.0, "flipY": 1.0, "tileset": "spr_pinballwooden", "coord": [ 3.0, 1.0 ], "autotile_index": 0.0, "autotile": 1.0 }, "64_96": { "flipX": 1.0, "flipY": 1.0, "tileset": "spr_pinballwooden", "coord": [ 3.0, 2.0 ], "autotile_index": 0.0, "autotile": 1.0 }, "480_448": { "flipX": 1.0, "flipY": 1.0, "tileset": "spr_pinballwooden", "coord": [ 3.0, 0.0 ], "autotile_index": 0.0, "autotile": 1.0 }, "288_480": { "flipX": 1.0, "flipY": 1.0, "tileset": "spr_pinballwooden", "coord": [ 3.0, 1.0 ], "autotile_index": 0.0, "autotile": 1.0 }, "64_0": { "flipX": 1.0, "flipY": 1.0, "tileset": "spr_pinballwooden", "coord": [ 3.0, 2.0 ], "autotile_index": 0.0, "autotile": 1.0 }, "128_0": { "flipX": 1.0, "flipY": 1.0, "tileset": "spr_pinballwooden", "coord": [ 3.0, 2.0 ], "autotile_index": 0.0, "autotile": 1.0 }, "32_384": { "flipX": 1.0, "flipY": 1.0, "tileset": "spr_pinballwooden", "coord": [ 5.0, 2.0 ], "autotile_index": 0.0, "autotile": 1.0 }, "192_128": { "flipX": 1.0, "flipY": 1.0, "tileset": "spr_pinballwooden", "coord": [ 4.0, 3.0 ], "autotile_index": 0.0, "autotile": 1.0 }, "192_512": { "flipX": 1.0, "flipY": 1.0, "tileset": "spr_pinballwooden", "coord": [ 3.0, 2.0 ], "autotile_index": 0.0, "autotile": 1.0 }, "320_64": { "flipX": 1.0, "flipY": 1.0, "tileset": "spr_pinballwooden", "coord": [ 1.0, 2.0 ], "autotile_index": 0.0, "autotile": 1.0 }, "320_96": { "flipX": 1.0, "flipY": 1.0, "tileset": "spr_pinballwooden", "coord": [ 1.0, 1.0 ], "autotile_index": 0.0, "autotile": 1.0 }, "448_512": { "flipX": 1.0, "flipY": 1.0, "tileset": "spr_pinballwooden", "coord": [ 3.0, 2.0 ], "autotile_index": 0.0, "autotile": 1.0 }, "256_480": { "flipX": 1.0, "flipY": 1.0, "tileset": "spr_pinballwooden", "coord": [ 3.0, 1.0 ], "autotile_index": 0.0, "autotile": 1.0 }, "384_448": { "flipX": 1.0, "flipY": 1.0, "tileset": "spr_pinballwooden", "coord": [ 2.0, 0.0 ], "autotile_index": 0.0, "autotile": 1.0 }, "864_0": { "flipX": 1.0, "flipY": 1.0, "tileset": "spr_pinballwooden", "coord": [ 3.0, 2.0 ], "autotile_index": 0.0, "autotile": 1.0 }, "128_448": { "flipX": 1.0, "flipY": 1.0, "tileset": "spr_pinballwooden", "coord": [ 4.0, 0.0 ], "autotile_index": 0.0, "autotile": 1.0 }, "640_160": { "flipX": 1.0, "flipY": 1.0, "tileset": "spr_pinballwooden", "coord": [ 3.0, 4.0 ], "autotile_index": 0.0, "autotile": 1.0 }, "64_64": { "flipX": 1.0, "flipY": 1.0, "tileset": "spr_pinballwooden", "coord": [ 3.0, 2.0 ], "autotile_index": 0.0, "autotile": 1.0 }, "352_256": { "flipX": 1.0, "flipY": 1.0, "tileset": "spr_pinballwooden", "coord": [ 5.0, 0.0 ], "autotile_index": 0.0, "autotile": 1.0 }, "224_96": { "flipX": 1.0, "flipY": 1.0, "tileset": "spr_pinballwooden", "coord": [ 5.0, 1.0 ], "autotile_index": 0.0, "autotile": 1.0 }, "224_256": { "flipX": 1.0, "flipY": 1.0, "tileset": "spr_pinballwooden", "coord": [ 5.0, 3.0 ], "autotile_index": 0.0, "autotile": 1.0 }, "864_288": { "flipX": 1.0, "flipY": 1.0, "tileset": "spr_pinballwooden", "coord": [ 1.0, 3.0 ], "autotile_index": 0.0, "autotile": 1.0 }, "480_128": { "flipX": 1.0, "flipY": 1.0, "tileset": "spr_pinballwooden", "coord": [ 3.0, 3.0 ], "autotile_index": 0.0, "autotile": 1.0 }, "672_160": { "flipX": 1.0, "flipY": 1.0, "tileset": "spr_pinballwooden", "coord": [ 2.0, 4.0 ], "autotile_index": 0.0, "autotile": 1.0 }, "512_480": { "flipX": 1.0, "flipY": 1.0, "tileset": "spr_pinballwooden", "coord": [ 3.0, 1.0 ], "autotile_index": 0.0, "autotile": 1.0 }, "512_64": { "flipX": 1.0, "flipY": 1.0, "tileset": "spr_pinballwooden", "coord": [ 3.0, 2.0 ], "autotile_index": 0.0, "autotile": 1.0 }, "896_32": { "flipX": 1.0, "flipY": 1.0, "tileset": "spr_pinballwooden", "coord": [ 3.0, 2.0 ], "autotile_index": 0.0, "autotile": 1.0 }, "704_480": { "flipX": 1.0, "flipY": 1.0, "tileset": "spr_pinballwooden", "coord": [ 5.0, 3.0 ], "autotile_index": 0.0, "autotile": 1.0 }, "0_128": { "flipX": 1.0, "flipY": 1.0, "tileset": "spr_pinballwooden", "coord": [ 3.0, 2.0 ], "autotile_index": 0.0, "autotile": 1.0 }, "864_352": { "flipX": 1.0, "flipY": 1.0, "tileset": "spr_pinballwooden", "coord": [ 1.0, 3.0 ], "autotile_index": 0.0, "autotile": 1.0 }, "608_160": { "flipX": 1.0, "flipY": 1.0, "tileset": "spr_pinballwooden", "coord": [ 4.0, 4.0 ], "autotile_index": 0.0, "autotile": 1.0 }, "0_160": { "flipX": 1.0, "flipY": 1.0, "tileset": "spr_pinballwooden", "coord": [ 4.0, 2.0 ], "autotile_index": 0.0, "autotile": 1.0 }, "576_160": { "flipX": 1.0, "flipY": 1.0, "tileset": "spr_pinballwooden", "coord": [ 3.0, 4.0 ], "autotile_index": 0.0, "autotile": 1.0 }, "416_480": { "flipX": 1.0, "flipY": 1.0, "tileset": "spr_pinballwooden", "coord": [ 3.0, 1.0 ], "autotile_index": 0.0, "autotile": 1.0 }, "192_448": { "flipX": 1.0, "flipY": 1.0, "tileset": "spr_pinballwooden", "coord": [ 2.0, 0.0 ], "autotile_index": 0.0, "autotile": 1.0 }, "32_160": { "flipX": 1.0, "flipY": 1.0, "tileset": "spr_pinballwooden", "coord": [ 1.0, 5.0 ], "autotile_index": 0.0, "autotile": 1.0 }, "864_192": { "flipX": 1.0, "flipY": 1.0, "tileset": "spr_pinballwooden", "coord": [ 1.0, 2.0 ], "autotile_index": 0.0, "autotile": 1.0 }, "800_0": { "flipX": 1.0, "flipY": 1.0, "tileset": "spr_pinballwooden", "coord": [ 1.0, 3.0 ], "autotile_index": 0.0, "autotile": 1.0 }, "576_96": { "flipX": 1.0, "flipY": 1.0, "tileset": "spr_pinballwooden", "coord": [ 3.0, 2.0 ], "autotile_index": 0.0, "autotile": 1.0 }, "672_64": { "flipX": 1.0, "flipY": 1.0, "tileset": "spr_pinballwooden", "coord": [ 4.0, 2.0 ], "autotile_index": 0.0, "autotile": 1.0 }, "512_160": { "flipX": 1.0, "flipY": 1.0, "tileset": "spr_pinballwooden", "coord": [ 2.0, 4.0 ], "autotile_index": 0.0, "autotile": 1.0 }, "352_128": { "flipX": 1.0, "flipY": 1.0, "tileset": "spr_pinballwooden", "coord": [ 2.0, 3.0 ], "autotile_index": 0.0, "autotile": 1.0 }, "640_64": { "flipX": 1.0, "flipY": 1.0, "tileset": "spr_pinballwooden", "coord": [ 3.0, 2.0 ], "autotile_index": 0.0, "autotile": 1.0 }, "608_64": { "flipX": 1.0, "flipY": 1.0, "tileset": "spr_pinballwooden", "coord": [ 3.0, 2.0 ], "autotile_index": 0.0, "autotile": 1.0 }, "128_480": { "flipX": 1.0, "flipY": 1.0, "tileset": "spr_pinballwooden", "coord": [ 3.0, 1.0 ], "autotile_index": 0.0, "autotile": 1.0 }, "864_96": { "flipX": 1.0, "flipY": 1.0, "tileset": "spr_pinballwooden", "coord": [ 1.0, 3.0 ], "autotile_index": 0.0, "autotile": 1.0 }, "480_512": { "flipX": 1.0, "flipY": 1.0, "tileset": "spr_pinballwooden", "coord": [ 3.0, 2.0 ], "autotile_index": 0.0, "autotile": 1.0 }, "480_0": { "flipX": 1.0, "flipY": 1.0, "tileset": "spr_pinballwooden", "coord": [ 3.0, 2.0 ], "autotile_index": 0.0, "autotile": 1.0 }, "32_256": { "flipX": 1.0, "flipY": 1.0, "tileset": "spr_pinballwooden", "coord": [ 5.0, 3.0 ], "autotile_index": 0.0, "autotile": 1.0 }, "128_32": { "flipX": 1.0, "flipY": 1.0, "tileset": "spr_pinballwooden", "coord": [ 3.0, 2.0 ], "autotile_index": 0.0, "autotile": 1.0 }, "896_480": { "flipX": 1.0, "flipY": 1.0, "tileset": "spr_pinballwooden", "coord": [ 3.0, 2.0 ], "autotile_index": 0.0, "autotile": 1.0 }, "96_480": { "flipX": 1.0, "flipY": 1.0, "tileset": "spr_pinballwooden", "coord": [ 3.0, 1.0 ], "autotile_index": 0.0, "autotile": 1.0 }, "864_256": { "flipX": 1.0, "flipY": 1.0, "tileset": "spr_pinballwooden", "coord": [ 1.0, 2.0 ], "autotile_index": 0.0, "autotile": 1.0 }, "672_128": { "flipX": 1.0, "flipY": 1.0, "tileset": "spr_pinballwooden", "coord": [ 4.0, 3.0 ], "autotile_index": 0.0, "autotile": 1.0 }, "224_224": { "flipX": 1.0, "flipY": 1.0, "tileset": "spr_pinballwooden", "coord": [ 5.0, 1.0 ], "autotile_index": 0.0, "autotile": 1.0 }, "704_160": { "flipX": 1.0, "flipY": 1.0, "tileset": "spr_pinballwooden", "coord": [ 5.0, 4.0 ], "autotile_index": 0.0, "autotile": 1.0 }, "0_224": { "flipX": 1.0, "flipY": 1.0, "tileset": "spr_pinballwooden", "coord": [ 4.0, 2.0 ], "autotile_index": 0.0, "autotile": 1.0 }, "928_192": { "flipX": 1.0, "flipY": 1.0, "tileset": "spr_pinballwooden", "coord": [ 3.0, 2.0 ], "autotile_index": 0.0, "autotile": 1.0 }, "128_96": { "flipX": 1.0, "flipY": 1.0, "tileset": "spr_pinballwooden", "coord": [ 3.0, 2.0 ], "autotile_index": 0.0, "autotile": 1.0 }, "384_32": { "flipX": 1.0, "flipY": 1.0, "tileset": "spr_pinballwooden", "coord": [ 3.0, 2.0 ], "autotile_index": 0.0, "autotile": 1.0 }, "320_256": { "flipX": 1.0, "flipY": 1.0, "tileset": "spr_pinballwooden", "coord": [ 1.0, 0.0 ], "autotile_index": 0.0, "autotile": 1.0 }, "320_448": { "flipX": 1.0, "flipY": 1.0, "tileset": "spr_pinballwooden", "coord": [ 3.0, 7.0 ], "autotile_index": 0.0, "autotile": 1.0 }, "896_96": { "flipX": 1.0, "flipY": 1.0, "tileset": "spr_pinballwooden", "coord": [ 2.0, 2.0 ], "autotile_index": 0.0, "autotile": 1.0 }, "160_64": { "flipX": 1.0, "flipY": 1.0, "tileset": "spr_pinballwooden", "coord": [ 3.0, 2.0 ], "autotile_index": 0.0, "autotile": 1.0 }, "928_32": { "flipX": 1.0, "flipY": 1.0, "tileset": "spr_pinballwooden", "coord": [ 3.0, 2.0 ], "autotile_index": 0.0, "autotile": 1.0 }, "224_192": { "flipX": 1.0, "flipY": 1.0, "tileset": "spr_pinballwooden", "coord": [ 5.0, 2.0 ], "autotile_index": 0.0, "autotile": 1.0 }, "352_64": { "flipX": 1.0, "flipY": 1.0, "tileset": "spr_pinballwooden", "coord": [ 2.0, 2.0 ], "autotile_index": 0.0, "autotile": 1.0 }, "192_32": { "flipX": 1.0, "flipY": 1.0, "tileset": "spr_pinballwooden", "coord": [ 4.0, 2.0 ], "autotile_index": 0.0, "autotile": 1.0 }, "512_32": { "flipX": 1.0, "flipY": 1.0, "tileset": "spr_pinballwooden", "coord": [ 3.0, 2.0 ], "autotile_index": 0.0, "autotile": 1.0 }, "512_128": { "flipX": 1.0, "flipY": 1.0, "tileset": "spr_pinballwooden", "coord": [ 3.0, 3.0 ], "autotile_index": 0.0, "autotile": 1.0 }, "448_32": { "flipX": 1.0, "flipY": 1.0, "tileset": "spr_pinballwooden", "coord": [ 3.0, 2.0 ], "autotile_index": 0.0, "autotile": 1.0 }, "256_448": { "flipX": 1.0, "flipY": 1.0, "tileset": "spr_pinballwooden", "coord": [ 4.0, 0.0 ], "autotile_index": 0.0, "autotile": 1.0 }, "320_0": { "flipX": 1.0, "flipY": 1.0, "tileset": "spr_pinballwooden", "coord": [ 1.0, 3.0 ], "autotile_index": 0.0, "autotile": 1.0 }, "864_512": { "flipX": 1.0, "flipY": 1.0, "tileset": "spr_pinballwooden", "coord": [ 3.0, 2.0 ], "autotile_index": 0.0, "autotile": 1.0 }, "640_448": { "flipX": 1.0, "flipY": 1.0, "tileset": "spr_pinballwooden", "coord": [ 3.0, 0.0 ], "autotile_index": 0.0, "autotile": 1.0 }, "192_288": { "flipX": 1.0, "flipY": 1.0, "tileset": "spr_pinballwooden", "coord": [ 1.0, 3.0 ], "autotile_index": 0.0, "autotile": 1.0 }, "640_512": { "flipX": 1.0, "flipY": 1.0, "tileset": "spr_pinballwooden", "coord": [ 3.0, 2.0 ], "autotile_index": 0.0, "autotile": 1.0 }, "896_448": { "flipX": 1.0, "flipY": 1.0, "tileset": "spr_pinballwooden", "coord": [ 2.0, 2.0 ], "autotile_index": 0.0, "autotile": 1.0 }, "192_96": { "flipX": 1.0, "flipY": 1.0, "tileset": "spr_pinballwooden", "coord": [ 4.0, 2.0 ], "autotile_index": 0.0, "autotile": 1.0 }, "32_128": { "flipX": 1.0, "flipY": 1.0, "tileset": "spr_pinballwooden", "coord": [ 3.0, 3.0 ], "autotile_index": 0.0, "autotile": 1.0 }, "0_32": { "flipX": 1.0, "flipY": 1.0, "tileset": "spr_pinballwooden", "coord": [ 3.0, 2.0 ], "autotile_index": 0.0, "autotile": 1.0 }, "864_128": { "flipX": 1.0, "flipY": 1.0, "tileset": "spr_pinballwooden", "coord": [ 1.0, 3.0 ], "autotile_index": 0.0, "autotile": 1.0 }, "512_512": { "flipX": 1.0, "flipY": 1.0, "tileset": "spr_pinballwooden", "coord": [ 3.0, 2.0 ], "autotile_index": 0.0, "autotile": 1.0 }, "224_448": { "flipX": 1.0, "flipY": 1.0, "tileset": "spr_pinballwooden", "coord": [ 4.0, 0.0 ], "autotile_index": 0.0, "autotile": 1.0 }, "224_128": { "flipX": 1.0, "flipY": 1.0, "tileset": "spr_pinballwooden", "coord": [ 5.0, 1.0 ], "autotile_index": 0.0, "autotile": 1.0 }, "64_512": { "flipX": 1.0, "flipY": 1.0, "tileset": "spr_pinballwooden", "coord": [ 3.0, 2.0 ], "autotile_index": 0.0, "autotile": 1.0 }, "320_288": { "flipX": 1.0, "flipY": 1.0, "tileset": "spr_pinballwooden", "coord": [ 1.0, 2.0 ], "autotile_index": 0.0, "autotile": 1.0 }, "576_32": { "flipX": 1.0, "flipY": 1.0, "tileset": "spr_pinballwooden", "coord": [ 3.0, 2.0 ], "autotile_index": 0.0, "autotile": 1.0 }, "160_512": { "flipX": 1.0, "flipY": 1.0, "tileset": "spr_pinballwooden", "coord": [ 3.0, 2.0 ], "autotile_index": 0.0, "autotile": 1.0 }, "320_320": { "flipX": 1.0, "flipY": 1.0, "tileset": "spr_pinballwooden", "coord": [ 1.0, 2.0 ], "autotile_index": 0.0, "autotile": 1.0 }, "32_352": { "flipX": 1.0, "flipY": 1.0, "tileset": "spr_pinballwooden", "coord": [ 5.0, 1.0 ], "autotile_index": 0.0, "autotile": 1.0 }, "96_0": { "flipX": 1.0, "flipY": 1.0, "tileset": "spr_pinballwooden", "coord": [ 3.0, 2.0 ], "autotile_index": 0.0, "autotile": 1.0 }, "544_96": { "flipX": 1.0, "flipY": 1.0, "tileset": "spr_pinballwooden", "coord": [ 3.0, 2.0 ], "autotile_index": 0.0, "autotile": 1.0 }, "928_224": { "flipX": 1.0, "flipY": 1.0, "tileset": "spr_pinballwooden", "coord": [ 3.0, 2.0 ], "autotile_index": 0.0, "autotile": 1.0 }, "928_512": { "flipX": 1.0, "flipY": 1.0, "tileset": "spr_pinballwooden", "coord": [ 3.0, 2.0 ], "autotile_index": 0.0, "autotile": 1.0 }, "672_0": { "flipX": 1.0, "flipY": 1.0, "tileset": "spr_pinballwooden", "coord": [ 4.0, 2.0 ], "autotile_index": 0.0, "autotile": 1.0 }, "320_480": { "flipX": 1.0, "flipY": 1.0, "tileset": "spr_pinballwooden", "coord": [ 3.0, 1.0 ], "autotile_index": 0.0, "autotile": 1.0 }, "864_416": { "flipX": 1.0, "flipY": 1.0, "tileset": "spr_pinballwooden", "coord": [ 1.0, 3.0 ], "autotile_index": 0.0, "autotile": 1.0 }, "544_480": { "flipX": 1.0, "flipY": 1.0, "tileset": "spr_pinballwooden", "coord": [ 3.0, 1.0 ], "autotile_index": 0.0, "autotile": 1.0 }, "32_224": { "flipX": 1.0, "flipY": 1.0, "tileset": "spr_pinballwooden", "coord": [ 5.0, 2.0 ], "autotile_index": 0.0, "autotile": 1.0 }, "864_320": { "flipX": 1.0, "flipY": 1.0, "tileset": "spr_pinballwooden", "coord": [ 1.0, 2.0 ], "autotile_index": 0.0, "autotile": 1.0 }, "160_32": { "flipX": 1.0, "flipY": 1.0, "tileset": "spr_pinballwooden", "coord": [ 3.0, 2.0 ], "autotile_index": 0.0, "autotile": 1.0 }, "928_416": { "flipX": 1.0, "flipY": 1.0, "tileset": "spr_pinballwooden", "coord": [ 3.0, 2.0 ], "autotile_index": 0.0, "autotile": 1.0 }, "448_64": { "flipX": 1.0, "flipY": 1.0, "tileset": "spr_pinballwooden", "coord": [ 3.0, 2.0 ], "autotile_index": 0.0, "autotile": 1.0 }, "192_64": { "flipX": 1.0, "flipY": 1.0, "tileset": "spr_pinballwooden", "coord": [ 4.0, 2.0 ], "autotile_index": 0.0, "autotile": 1.0 }, "96_128": { "flipX": 1.0, "flipY": 1.0, "tileset": "spr_pinballwooden", "coord": [ 3.0, 3.0 ], "autotile_index": 0.0, "autotile": 1.0 }, "640_128": { "flipX": 1.0, "flipY": 1.0, "tileset": "spr_pinballwooden", "coord": [ 3.0, 3.0 ], "autotile_index": 0.0, "autotile": 1.0 }, "32_480": { "flipX": 1.0, "flipY": 1.0, "tileset": "spr_pinballwooden", "coord": [ 3.0, 1.0 ], "autotile_index": 0.0, "autotile": 1.0 }, "352_96": { "flipX": 1.0, "flipY": 1.0, "tileset": "spr_pinballwooden", "coord": [ 2.0, 2.0 ], "autotile_index": 0.0, "autotile": 1.0 }, "640_0": { "flipX": 1.0, "flipY": 1.0, "tileset": "spr_pinballwooden", "coord": [ 3.0, 2.0 ], "autotile_index": 0.0, "autotile": 1.0 }, "0_96": { "flipX": 1.0, "flipY": 1.0, "tileset": "spr_pinballwooden", "coord": [ 3.0, 2.0 ], "autotile_index": 0.0, "autotile": 1.0 }, "832_0": { "flipX": 1.0, "flipY": 1.0, "tileset": "spr_pinballwooden", "coord": [ 2.0, 2.0 ], "autotile_index": 0.0, "autotile": 1.0 }, "896_64": { "flipX": 1.0, "flipY": 1.0, "tileset": "spr_pinballwooden", "coord": [ 2.0, 2.0 ], "autotile_index": 0.0, "autotile": 1.0 }, "608_32": { "flipX": 1.0, "flipY": 1.0, "tileset": "spr_pinballwooden", "coord": [ 3.0, 2.0 ], "autotile_index": 0.0, "autotile": 1.0 }, "832_448": { "flipX": 1.0, "flipY": 1.0, "tileset": "spr_pinballwooden", "coord": [ 2.0, 0.0 ], "autotile_index": 0.0, "autotile": 1.0 }, "256_512": { "flipX": 1.0, "flipY": 1.0, "tileset": "spr_pinballwooden", "coord": [ 3.0, 2.0 ], "autotile_index": 0.0, "autotile": 1.0 }, "96_32": { "flipX": 1.0, "flipY": 1.0, "tileset": "spr_pinballwooden", "coord": [ 3.0, 2.0 ], "autotile_index": 0.0, "autotile": 1.0 }, "448_0": { "flipX": 1.0, "flipY": 1.0, "tileset": "spr_pinballwooden", "coord": [ 3.0, 2.0 ], "autotile_index": 0.0, "autotile": 1.0 }, "928_288": { "flipX": 1.0, "flipY": 1.0, "tileset": "spr_pinballwooden", "coord": [ 3.0, 2.0 ], "autotile_index": 0.0, "autotile": 1.0 }, "672_480": { "flipX": 1.0, "flipY": 1.0, "tileset": "spr_pinballwooden", "coord": [ 4.0, 1.0 ], "autotile_index": 0.0, "autotile": 1.0 }, "544_160": { "flipX": 1.0, "flipY": 1.0, "tileset": "spr_pinballwooden", "coord": [ 3.0, 4.0 ], "autotile_index": 0.0, "autotile": 1.0 }, "192_224": { "flipX": 1.0, "flipY": 1.0, "tileset": "spr_pinballwooden", "coord": [ 1.0, 3.0 ], "autotile_index": 0.0, "autotile": 1.0 }, "832_512": { "flipX": 1.0, "flipY": 1.0, "tileset": "spr_pinballwooden", "coord": [ 2.0, 2.0 ], "autotile_index": 0.0, "autotile": 1.0 }, "864_384": { "flipX": 1.0, "flipY": 1.0, "tileset": "spr_pinballwooden", "coord": [ 1.0, 2.0 ], "autotile_index": 0.0, "autotile": 1.0 }, "800_512": { "flipX": 1.0, "flipY": 1.0, "tileset": "spr_pinballwooden", "coord": [ 1.0, 3.0 ], "autotile_index": 0.0, "autotile": 1.0 }, "384_512": { "flipX": 1.0, "flipY": 1.0, "tileset": "spr_pinballwooden", "coord": [ 3.0, 2.0 ], "autotile_index": 0.0, "autotile": 1.0 }, "928_352": { "flipX": 1.0, "flipY": 1.0, "tileset": "spr_pinballwooden", "coord": [ 3.0, 2.0 ], "autotile_index": 0.0, "autotile": 1.0 }, "576_64": { "flipX": 1.0, "flipY": 1.0, "tileset": "spr_pinballwooden", "coord": [ 3.0, 2.0 ], "autotile_index": 0.0, "autotile": 1.0 }, "32_448": { "flipX": 1.0, "flipY": 1.0, "tileset": "spr_pinballwooden", "coord": [ 1.0, 7.0 ], "autotile_index": 0.0, "autotile": 1.0 }, "416_160": { "flipX": 1.0, "flipY": 1.0, "tileset": "spr_pinballwooden", "coord": [ 2.0, 4.0 ], "autotile_index": 0.0, "autotile": 1.0 }, "384_480": { "flipX": 1.0, "flipY": 1.0, "tileset": "spr_pinballwooden", "coord": [ 3.0, 1.0 ], "autotile_index": 0.0, "autotile": 1.0 }, "96_448": { "flipX": 1.0, "flipY": 1.0, "tileset": "spr_pinballwooden", "coord": [ 3.0, 0.0 ], "autotile_index": 0.0, "autotile": 1.0 }, "800_64": { "flipX": 1.0, "flipY": 1.0, "tileset": "spr_pinballwooden", "coord": [ 1.0, 4.0 ], "autotile_index": 0.0, "autotile": 1.0 }, "32_0": { "flipX": 1.0, "flipY": 1.0, "tileset": "spr_pinballwooden", "coord": [ 3.0, 2.0 ], "autotile_index": 0.0, "autotile": 1.0 }, "160_160": { "flipX": 1.0, "flipY": 1.0, "tileset": "spr_pinballwooden", "coord": [ 3.0, 4.0 ], "autotile_index": 0.0, "autotile": 1.0 }, "544_64": { "flipX": 1.0, "flipY": 1.0, "tileset": "spr_pinballwooden", "coord": [ 3.0, 2.0 ], "autotile_index": 0.0, "autotile": 1.0 }, "0_448": { "flipX": 1.0, "flipY": 1.0, "tileset": "spr_pinballwooden", "coord": [ 4.0, 2.0 ], "autotile_index": 0.0, "autotile": 1.0 }, "608_512": { "flipX": 1.0, "flipY": 1.0, "tileset": "spr_pinballwooden", "coord": [ 3.0, 2.0 ], "autotile_index": 0.0, "autotile": 1.0 }, "96_96": { "flipX": 1.0, "flipY": 1.0, "tileset": "spr_pinballwooden", "coord": [ 3.0, 2.0 ], "autotile_index": 0.0, "autotile": 1.0 }, "928_448": { "flipX": 1.0, "flipY": 1.0, "tileset": "spr_pinballwooden", "coord": [ 3.0, 2.0 ], "autotile_index": 0.0, "autotile": 1.0 }, "800_480": { "flipX": 1.0, "flipY": 1.0, "tileset": "spr_pinballwooden", "coord": [ 1.0, 3.0 ], "autotile_index": 0.0, "autotile": 1.0 }, "544_512": { "flipX": 1.0, "flipY": 1.0, "tileset": "spr_pinballwooden", "coord": [ 3.0, 2.0 ], "autotile_index": 0.0, "autotile": 1.0 }, "896_320": { "flipX": 1.0, "flipY": 1.0, "tileset": "spr_pinballwooden", "coord": [ 2.0, 2.0 ], "autotile_index": 0.0, "autotile": 1.0 }, "0_384": { "flipX": 1.0, "flipY": 1.0, "tileset": "spr_pinballwooden", "coord": [ 4.0, 2.0 ], "autotile_index": 0.0, "autotile": 1.0 }, "288_512": { "flipX": 1.0, "flipY": 1.0, "tileset": "spr_pinballwooden", "coord": [ 3.0, 2.0 ], "autotile_index": 0.0, "autotile": 1.0 }, "896_416": { "flipX": 1.0, "flipY": 1.0, "tileset": "spr_pinballwooden", "coord": [ 2.0, 2.0 ], "autotile_index": 0.0, "autotile": 1.0 }, "64_480": { "flipX": 1.0, "flipY": 1.0, "tileset": "spr_pinballwooden", "coord": [ 3.0, 1.0 ], "autotile_index": 0.0, "autotile": 1.0 }, "0_480": { "flipX": 1.0, "flipY": 1.0, "tileset": "spr_pinballwooden", "coord": [ 3.0, 2.0 ], "autotile_index": 0.0, "autotile": 1.0 }, "864_64": { "flipX": 1.0, "flipY": 1.0, "tileset": "spr_pinballwooden", "coord": [ 3.0, 5.0 ], "autotile_index": 0.0, "autotile": 1.0 }, "96_64": { "flipX": 1.0, "flipY": 1.0, "tileset": "spr_pinballwooden", "coord": [ 3.0, 2.0 ], "autotile_index": 0.0, "autotile": 1.0 }, "0_256": { "flipX": 1.0, "flipY": 1.0, "tileset": "spr_pinballwooden", "coord": [ 4.0, 2.0 ], "autotile_index": 0.0, "autotile": 1.0 }, "896_128": { "flipX": 1.0, "flipY": 1.0, "tileset": "spr_pinballwooden", "coord": [ 2.0, 2.0 ], "autotile_index": 0.0, "autotile": 1.0 }, "160_0": { "flipX": 1.0, "flipY": 1.0, "tileset": "spr_pinballwooden", "coord": [ 3.0, 2.0 ], "autotile_index": 0.0, "autotile": 1.0 }, "608_448": { "flipX": 1.0, "flipY": 1.0, "tileset": "spr_pinballwooden", "coord": [ 4.0, 0.0 ], "autotile_index": 0.0, "autotile": 1.0 }, "544_448": { "flipX": 1.0, "flipY": 1.0, "tileset": "spr_pinballwooden", "coord": [ 3.0, 0.0 ], "autotile_index": 0.0, "autotile": 1.0 }, "576_448": { "flipX": 1.0, "flipY": 1.0, "tileset": "spr_pinballwooden", "coord": [ 3.0, 0.0 ], "autotile_index": 0.0, "autotile": 1.0 }, "352_288": { "flipX": 1.0, "flipY": 1.0, "tileset": "spr_pinballwooden", "coord": [ 5.0, 1.0 ], "autotile_index": 0.0, "autotile": 1.0 }, "0_320": { "flipX": 1.0, "flipY": 1.0, "tileset": "spr_pinballwooden", "coord": [ 4.0, 2.0 ], "autotile_index": 0.0, "autotile": 1.0 }, "32_512": { "flipX": 1.0, "flipY": 1.0, "tileset": "spr_pinballwooden", "coord": [ 3.0, 2.0 ], "autotile_index": 0.0, "autotile": 1.0 }, "704_0": { "flipX": 1.0, "flipY": 1.0, "tileset": "spr_pinballwooden", "coord": [ 5.0, 3.0 ], "autotile_index": 0.0, "autotile": 1.0 }, "896_352": { "flipX": 1.0, "flipY": 1.0, "tileset": "spr_pinballwooden", "coord": [ 2.0, 2.0 ], "autotile_index": 0.0, "autotile": 1.0 }, "576_512": { "flipX": 1.0, "flipY": 1.0, "tileset": "spr_pinballwooden", "coord": [ 3.0, 2.0 ], "autotile_index": 0.0, "autotile": 1.0 }, "192_192": { "flipX": 1.0, "flipY": 1.0, "tileset": "spr_pinballwooden", "coord": [ 1.0, 1.0 ], "autotile_index": 0.0, "autotile": 1.0 }, "32_32": { "flipX": 1.0, "flipY": 1.0, "tileset": "spr_pinballwooden", "coord": [ 3.0, 2.0 ], "autotile_index": 0.0, "autotile": 1.0 }, "448_448": { "flipX": 1.0, "flipY": 1.0, "tileset": "spr_pinballwooden", "coord": [ 2.0, 0.0 ], "autotile_index": 0.0, "autotile": 1.0 }, "448_128": { "flipX": 1.0, "flipY": 1.0, "tileset": "spr_pinballwooden", "coord": [ 3.0, 3.0 ], "autotile_index": 0.0, "autotile": 1.0 }, "288_448": { "flipX": 1.0, "flipY": 1.0, "tileset": "spr_pinballwooden", "coord": [ 2.0, 0.0 ], "autotile_index": 0.0, "autotile": 1.0 }, "416_448": { "flipX": 1.0, "flipY": 1.0, "tileset": "spr_pinballwooden", "coord": [ 3.0, 0.0 ], "autotile_index": 0.0, "autotile": 1.0 }, "320_416": { "flipX": 1.0, "flipY": 1.0, "tileset": "spr_pinballwooden", "coord": [ 1.0, 2.0 ], "autotile_index": 0.0, "autotile": 1.0 }, "480_96": { "flipX": 1.0, "flipY": 1.0, "tileset": "spr_pinballwooden", "coord": [ 3.0, 2.0 ], "autotile_index": 0.0, "autotile": 1.0 }, "192_480": { "flipX": 1.0, "flipY": 1.0, "tileset": "spr_pinballwooden", "coord": [ 3.0, 1.0 ], "autotile_index": 0.0, "autotile": 1.0 }, "96_160": { "flipX": 1.0, "flipY": 1.0, "tileset": "spr_pinballwooden", "coord": [ 2.0, 4.0 ], "autotile_index": 0.0, "autotile": 1.0 }, "384_0": { "flipX": 1.0, "flipY": 1.0, "tileset": "spr_pinballwooden", "coord": [ 3.0, 2.0 ], "autotile_index": 0.0, "autotile": 1.0 }, "32_64": { "flipX": 1.0, "flipY": 1.0, "tileset": "spr_pinballwooden", "coord": [ 3.0, 2.0 ], "autotile_index": 0.0, "autotile": 1.0 }, "224_480": { "flipX": 1.0, "flipY": 1.0, "tileset": "spr_pinballwooden", "coord": [ 3.0, 1.0 ], "autotile_index": 0.0, "autotile": 1.0 }, "0_288": { "flipX": 1.0, "flipY": 1.0, "tileset": "spr_pinballwooden", "coord": [ 4.0, 2.0 ], "autotile_index": 0.0, "autotile": 1.0 }, "128_512": { "flipX": 1.0, "flipY": 1.0, "tileset": "spr_pinballwooden", "coord": [ 3.0, 2.0 ], "autotile_index": 0.0, "autotile": 1.0 }, "32_288": { "flipX": 1.0, "flipY": 1.0, "tileset": "spr_pinballwooden", "coord": [ 5.0, 3.0 ], "autotile_index": 0.0, "autotile": 1.0 }, "224_320": { "flipX": 1.0, "flipY": 1.0, "tileset": "spr_pinballwooden", "coord": [ 5.0, 4.0 ], "autotile_index": 0.0, "autotile": 1.0 }, "704_448": { "flipX": 1.0, "flipY": 1.0, "tileset": "spr_pinballwooden", "coord": [ 5.0, 0.0 ], "autotile_index": 0.0, "autotile": 1.0 }, "640_480": { "flipX": 1.0, "flipY": 1.0, "tileset": "spr_pinballwooden", "coord": [ 3.0, 1.0 ], "autotile_index": 0.0, "autotile": 1.0 }, "0_0": { "flipX": 1.0, "flipY": 1.0, "tileset": "spr_pinballwooden", "coord": [ 3.0, 2.0 ], "autotile_index": 0.0, "autotile": 1.0 }, "320_160": { "flipX": 1.0, "flipY": 1.0, "tileset": "spr_pinballwooden", "coord": [ 1.0, 4.0 ], "autotile_index": 0.0, "autotile": 1.0 }, "704_512": { "flipX": 1.0, "flipY": 1.0, "tileset": "spr_pinballwooden", "coord": [ 5.0, 1.0 ], "autotile_index": 0.0, "autotile": 1.0 }, "608_96": { "flipX": 1.0, "flipY": 1.0, "tileset": "spr_pinballwooden", "coord": [ 3.0, 2.0 ], "autotile_index": 0.0, "autotile": 1.0 }, "320_512": { "flipX": 1.0, "flipY": 1.0, "tileset": "spr_pinballwooden", "coord": [ 3.0, 2.0 ], "autotile_index": 0.0, "autotile": 1.0 }, "896_256": { "flipX": 1.0, "flipY": 1.0, "tileset": "spr_pinballwooden", "coord": [ 2.0, 2.0 ], "autotile_index": 0.0, "autotile": 1.0 }, "352_448": { "flipX": 1.0, "flipY": 1.0, "tileset": "spr_pinballwooden", "coord": [ 1.0, 7.0 ], "autotile_index": 0.0, "autotile": 1.0 }, "672_32": { "flipX": 1.0, "flipY": 1.0, "tileset": "spr_pinballwooden", "coord": [ 4.0, 2.0 ], "autotile_index": 0.0, "autotile": 1.0 }, "0_64": { "flipX": 1.0, "flipY": 1.0, "tileset": "spr_pinballwooden", "coord": [ 3.0, 2.0 ], "autotile_index": 0.0, "autotile": 1.0 }, "128_160": { "flipX": 1.0, "flipY": 1.0, "tileset": "spr_pinballwooden", "coord": [ 4.0, 4.0 ], "autotile_index": 0.0, "autotile": 1.0 }, "352_512": { "flipX": 1.0, "flipY": 1.0, "tileset": "spr_pinballwooden", "coord": [ 3.0, 2.0 ], "autotile_index": 0.0, "autotile": 1.0 }, "320_384": { "flipX": 1.0, "flipY": 1.0, "tileset": "spr_pinballwooden", "coord": [ 1.0, 3.0 ], "autotile_index": 0.0, "autotile": 1.0 }, "160_96": { "flipX": 1.0, "flipY": 1.0, "tileset": "spr_pinballwooden", "coord": [ 3.0, 2.0 ], "autotile_index": 0.0, "autotile": 1.0 }, "704_96": { "flipX": 1.0, "flipY": 1.0, "tileset": "spr_pinballwooden", "coord": [ 5.0, 2.0 ], "autotile_index": 0.0, "autotile": 1.0 }, "928_128": { "flipX": 1.0, "flipY": 1.0, "tileset": "spr_pinballwooden", "coord": [ 3.0, 2.0 ], "autotile_index": 0.0, "autotile": 1.0 }, "544_128": { "flipX": 1.0, "flipY": 1.0, "tileset": "spr_pinballwooden", "coord": [ 3.0, 3.0 ], "autotile_index": 0.0, "autotile": 1.0 }, "192_0": { "flipX": 1.0, "flipY": 1.0, "tileset": "spr_pinballwooden", "coord": [ 4.0, 2.0 ], "autotile_index": 0.0, "autotile": 1.0 }, "448_160": { "flipX": 1.0, "flipY": 1.0, "tileset": "spr_pinballwooden", "coord": [ 4.0, 4.0 ], "autotile_index": 0.0, "autotile": 1.0 }, "320_32": { "flipX": 1.0, "flipY": 1.0, "tileset": "spr_pinballwooden", "coord": [ 1.0, 1.0 ], "autotile_index": 0.0, "autotile": 1.0 }, "832_32": { "flipX": 1.0, "flipY": 1.0, "tileset": "spr_pinballwooden", "coord": [ 2.0, 3.0 ], "autotile_index": 0.0, "autotile": 1.0 }, "64_128": { "flipX": 1.0, "flipY": 1.0, "tileset": "spr_pinballwooden", "coord": [ 3.0, 3.0 ], "autotile_index": 0.0, "autotile": 1.0 }, "416_96": { "flipX": 1.0, "flipY": 1.0, "tileset": "spr_pinballwooden", "coord": [ 3.0, 2.0 ], "autotile_index": 0.0, "autotile": 1.0 }, "224_288": { "flipX": 1.0, "flipY": 1.0, "tileset": "spr_pinballwooden", "coord": [ 5.0, 3.0 ], "autotile_index": 0.0, "autotile": 1.0 }, "448_480": { "flipX": 1.0, "flipY": 1.0, "tileset": "spr_pinballwooden", "coord": [ 3.0, 1.0 ], "autotile_index": 0.0, "autotile": 1.0 }, "928_320": { "flipX": 1.0, "flipY": 1.0, "tileset": "spr_pinballwooden", "coord": [ 3.0, 2.0 ], "autotile_index": 0.0, "autotile": 1.0 }, "832_64": { "flipX": 1.0, "flipY": 1.0, "tileset": "spr_pinballwooden", "coord": [ 2.0, 4.0 ], "autotile_index": 0.0, "autotile": 1.0 }, "192_256": { "flipX": 1.0, "flipY": 1.0, "tileset": "spr_pinballwooden", "coord": [ 1.0, 3.0 ], "autotile_index": 0.0, "autotile": 1.0 }, "608_480": { "flipX": 1.0, "flipY": 1.0, "tileset": "spr_pinballwooden", "coord": [ 3.0, 1.0 ], "autotile_index": 0.0, "autotile": 1.0 }, "576_0": { "flipX": 1.0, "flipY": 1.0, "tileset": "spr_pinballwooden", "coord": [ 3.0, 2.0 ], "autotile_index": 0.0, "autotile": 1.0 }, "192_320": { "flipX": 1.0, "flipY": 1.0, "tileset": "spr_pinballwooden", "coord": [ 1.0, 4.0 ], "autotile_index": 0.0, "autotile": 1.0 }, "672_448": { "flipX": 1.0, "flipY": 1.0, "tileset": "spr_pinballwooden", "coord": [ 3.0, 0.0 ], "autotile_index": 0.0, "autotile": 1.0 }, "384_160": { "flipX": 1.0, "flipY": 1.0, "tileset": "spr_pinballwooden", "coord": [ 4.0, 4.0 ], "autotile_index": 0.0, "autotile": 1.0 }, "0_352": { "flipX": 1.0, "flipY": 1.0, "tileset": "spr_pinballwooden", "coord": [ 4.0, 2.0 ], "autotile_index": 0.0, "autotile": 1.0 }, "512_96": { "flipX": 1.0, "flipY": 1.0, "tileset": "spr_pinballwooden", "coord": [ 3.0, 2.0 ], "autotile_index": 0.0, "autotile": 1.0 }, "896_160": { "flipX": 1.0, "flipY": 1.0, "tileset": "spr_pinballwooden", "coord": [ 2.0, 2.0 ], "autotile_index": 0.0, "autotile": 1.0 }, "928_96": { "flipX": 1.0, "flipY": 1.0, "tileset": "spr_pinballwooden", "coord": [ 3.0, 2.0 ], "autotile_index": 0.0, "autotile": 1.0 }, "352_352": { "flipX": 1.0, "flipY": 1.0, "tileset": "spr_pinballwooden", "coord": [ 5.0, 3.0 ], "autotile_index": 0.0, "autotile": 1.0 }, "224_0": { "flipX": 1.0, "flipY": 1.0, "tileset": "spr_pinballwooden", "coord": [ 5.0, 1.0 ], "autotile_index": 0.0, "autotile": 1.0 }, "352_480": { "flipX": 1.0, "flipY": 1.0, "tileset": "spr_pinballwooden", "coord": [ 3.0, 1.0 ], "autotile_index": 0.0, "autotile": 1.0 }, "704_128": { "flipX": 1.0, "flipY": 1.0, "tileset": "spr_pinballwooden", "coord": [ 5.0, 2.0 ], "autotile_index": 0.0, "autotile": 1.0 }, "160_480": { "flipX": 1.0, "flipY": 1.0, "tileset": "spr_pinballwooden", "coord": [ 3.0, 1.0 ], "autotile_index": 0.0, "autotile": 1.0 } }, "11": { "416_192": { "flipX": 1.0, "flipY": 1.0, "tileset": "tilesD_text", "coord": [ 15.0, 1.0 ], "autotile_index": 0.0, "autotile": 0.0 }, "608_288": { "flipX": 1.0, "flipY": 1.0, "tileset": "tilesD_text", "coord": [ 15.0, 1.0 ], "autotile_index": 0.0, "autotile": 0.0 }, "736_256": { "flipX": 1.0, "flipY": 1.0, "tileset": "tilesD_text", "coord": [ 15.0, 1.0 ], "autotile_index": 0.0, "autotile": 0.0 }, "96_352": { "flipX": 1.0, "flipY": 1.0, "tileset": "tilesD_text", "coord": [ 15.0, 1.0 ], "autotile_index": 0.0, "autotile": 0.0 }, "576_192": { "flipX": 1.0, "flipY": 1.0, "tileset": "tilesD_text", "coord": [ 14.0, 1.0 ], "autotile_index": 0.0, "autotile": 0.0 }, "480_416": { "flipX": 1.0, "flipY": 1.0, "tileset": "tilesD_text", "coord": [ 15.0, 1.0 ], "autotile_index": 0.0, "autotile": 0.0 }, "160_256": { "flipX": 1.0, "flipY": 1.0, "tileset": "tilesD_text", "coord": [ 15.0, 1.0 ], "autotile_index": 0.0, "autotile": 0.0 }, "640_288": { "flipX": 1.0, "flipY": 1.0, "tileset": "tilesD_text", "coord": [ 14.0, 1.0 ], "autotile_index": 0.0, "autotile": 0.0 }, "96_384": { "flipX": 1.0, "flipY": 1.0, "tileset": "tilesD_text", "coord": [ 15.0, 1.0 ], "autotile_index": 0.0, "autotile": 0.0 }, "288_224": { "flipX": 1.0, "flipY": 1.0, "tileset": "tilesD_text", "coord": [ 15.0, 1.0 ], "autotile_index": 0.0, "autotile": 0.0 }, "448_320": { "flipX": 1.0, "flipY": 1.0, "tileset": "tilesD_text", "coord": [ 14.0, 1.0 ], "autotile_index": 0.0, "autotile": 0.0 }, "768_320": { "flipX": 1.0, "flipY": 1.0, "tileset": "tilesD_text", "coord": [ 14.0, 1.0 ], "autotile_index": 0.0, "autotile": 0.0 }, "352_320": { "flipX": 1.0, "flipY": 1.0, "tileset": "tilesD_text", "coord": [ 15.0, 1.0 ], "autotile_index": 0.0, "autotile": 0.0 }, "672_256": { "flipX": 1.0, "flipY": 1.0, "tileset": "tilesD_text", "coord": [ 15.0, 1.0 ], "autotile_index": 0.0, "autotile": 0.0 }, "64_256": { "flipX": 1.0, "flipY": 1.0, "tileset": "tilesD_text", "coord": [ 14.0, 1.0 ], "autotile_index": 0.0, "autotile": 0.0 }, "832_224": { "flipX": 1.0, "flipY": 1.0, "tileset": "tilesD_text", "coord": [ 14.0, 1.0 ], "autotile_index": 0.0, "autotile": 0.0 }, "640_416": { "flipX": 1.0, "flipY": 1.0, "tileset": "tilesD_text", "coord": [ 14.0, 1.0 ], "autotile_index": 0.0, "autotile": 0.0 }, "512_352": { "flipX": 1.0, "flipY": 1.0, "tileset": "tilesD_text", "coord": [ 14.0, 1.0 ], "autotile_index": 0.0, "autotile": 0.0 }, "64_224": { "flipX": 1.0, "flipY": 1.0, "tileset": "tilesD_text", "coord": [ 14.0, 1.0 ], "autotile_index": 0.0, "autotile": 0.0 }, "96_416": { "flipX": 1.0, "flipY": 1.0, "tileset": "tilesD_text", "coord": [ 15.0, 1.0 ], "autotile_index": 0.0, "autotile": 0.0 }, "576_224": { "flipX": 1.0, "flipY": 1.0, "tileset": "tilesD_text", "coord": [ 14.0, 1.0 ], "autotile_index": 0.0, "autotile": 0.0 }, "160_192": { "flipX": 1.0, "flipY": 1.0, "tileset": "tilesD_text", "coord": [ 15.0, 1.0 ], "autotile_index": 0.0, "autotile": 0.0 }, "544_224": { "flipX": 1.0, "flipY": 1.0, "tileset": "tilesD_text", "coord": [ 15.0, 1.0 ], "autotile_index": 0.0, "autotile": 0.0 }, "288_128": { "flipX": 1.0, "flipY": 1.0, "tileset": "tilesD_text", "coord": [ 15.0, 1.0 ], "autotile_index": 0.0, "autotile": 0.0 }, "832_352": { "flipX": 1.0, "flipY": 1.0, "tileset": "tilesD_text", "coord": [ 14.0, 1.0 ], "autotile_index": 0.0, "autotile": 0.0 }, "768_64": { "flipX": 1.0, "flipY": 1.0, "tileset": "tilesD_text", "coord": [ 14.0, 1.0 ], "autotile_index": 0.0, "autotile": 0.0 }, "416_352": { "flipX": 1.0, "flipY": 1.0, "tileset": "tilesD_text", "coord": [ 15.0, 1.0 ], "autotile_index": 0.0, "autotile": 0.0 }, "768_288": { "flipX": 1.0, "flipY": 1.0, "tileset": "tilesD_text", "coord": [ 14.0, 1.0 ], "autotile_index": 0.0, "autotile": 0.0 }, "736_32": { "flipX": 1.0, "flipY": 1.0, "tileset": "tilesD_text", "coord": [ 15.0, 1.0 ], "autotile_index": 0.0, "autotile": 0.0 }, "736_448": { "flipX": 1.0, "flipY": 1.0, "tileset": "tilesD_text", "coord": [ 15.0, 1.0 ], "autotile_index": 0.0, "autotile": 0.0 }, "352_416": { "flipX": 1.0, "flipY": 1.0, "tileset": "tilesD_text", "coord": [ 15.0, 1.0 ], "autotile_index": 0.0, "autotile": 0.0 }, "704_320": { "flipX": 1.0, "flipY": 1.0, "tileset": "tilesD_text", "coord": [ 14.0, 1.0 ], "autotile_index": 0.0, "autotile": 0.0 }, "768_0": { "flipX": 1.0, "flipY": 1.0, "tileset": "tilesD_text", "coord": [ 14.0, 1.0 ], "autotile_index": 0.0, "autotile": 0.0 }, "512_288": { "flipX": 1.0, "flipY": 1.0, "tileset": "tilesD_text", "coord": [ 14.0, 1.0 ], "autotile_index": 0.0, "autotile": 0.0 }, "160_416": { "flipX": 1.0, "flipY": 1.0, "tileset": "tilesD_text", "coord": [ 15.0, 1.0 ], "autotile_index": 0.0, "autotile": 0.0 }, "288_64": { "flipX": 1.0, "flipY": 1.0, "tileset": "tilesD_text", "coord": [ 15.0, 1.0 ], "autotile_index": 0.0, "autotile": 0.0 }, "352_224": { "flipX": 1.0, "flipY": 1.0, "tileset": "tilesD_text", "coord": [ 15.0, 1.0 ], "autotile_index": 0.0, "autotile": 0.0 }, "608_352": { "flipX": 1.0, "flipY": 1.0, "tileset": "tilesD_text", "coord": [ 15.0, 1.0 ], "autotile_index": 0.0, "autotile": 0.0 }, "736_192": { "flipX": 1.0, "flipY": 1.0, "tileset": "tilesD_text", "coord": [ 15.0, 1.0 ], "autotile_index": 0.0, "autotile": 0.0 }, "128_352": { "flipX": 1.0, "flipY": 1.0, "tileset": "tilesD_text", "coord": [ 14.0, 1.0 ], "autotile_index": 0.0, "autotile": 0.0 }, "96_192": { "flipX": 1.0, "flipY": 1.0, "tileset": "tilesD_text", "coord": [ 15.0, 1.0 ], "autotile_index": 0.0, "autotile": 0.0 }, "384_416": { "flipX": 1.0, "flipY": 1.0, "tileset": "tilesD_text", "coord": [ 14.0, 1.0 ], "autotile_index": 0.0, "autotile": 0.0 }, "768_224": { "flipX": 1.0, "flipY": 1.0, "tileset": "tilesD_text", "coord": [ 14.0, 1.0 ], "autotile_index": 0.0, "autotile": 0.0 }, "736_480": { "flipX": 1.0, "flipY": 1.0, "tileset": "tilesD_text", "coord": [ 15.0, 1.0 ], "autotile_index": 0.0, "autotile": 0.0 }, "480_288": { "flipX": 1.0, "flipY": 1.0, "tileset": "tilesD_text", "coord": [ 15.0, 1.0 ], "autotile_index": 0.0, "autotile": 0.0 }, "320_192": { "flipX": 1.0, "flipY": 1.0, "tileset": "tilesD_text", "coord": [ 14.0, 1.0 ], "autotile_index": 0.0, "autotile": 0.0 }, "608_256": { "flipX": 1.0, "flipY": 1.0, "tileset": "tilesD_text", "coord": [ 15.0, 1.0 ], "autotile_index": 0.0, "autotile": 0.0 }, "800_288": { "flipX": 1.0, "flipY": 1.0, "tileset": "tilesD_text", "coord": [ 15.0, 1.0 ], "autotile_index": 0.0, "autotile": 0.0 }, "768_192": { "flipX": 1.0, "flipY": 1.0, "tileset": "tilesD_text", "coord": [ 14.0, 1.0 ], "autotile_index": 0.0, "autotile": 0.0 }, "736_0": { "flipX": 1.0, "flipY": 1.0, "tileset": "tilesD_text", "coord": [ 15.0, 1.0 ], "autotile_index": 0.0, "autotile": 0.0 }, "224_384": { "flipX": 1.0, "flipY": 1.0, "tileset": "tilesD_text", "coord": [ 15.0, 1.0 ], "autotile_index": 0.0, "autotile": 0.0 }, "512_256": { "flipX": 1.0, "flipY": 1.0, "tileset": "tilesD_text", "coord": [ 14.0, 1.0 ], "autotile_index": 0.0, "autotile": 0.0 }, "320_352": { "flipX": 1.0, "flipY": 1.0, "tileset": "tilesD_text", "coord": [ 14.0, 1.0 ], "autotile_index": 0.0, "autotile": 0.0 }, "544_256": { "flipX": 1.0, "flipY": 1.0, "tileset": "tilesD_text", "coord": [ 15.0, 1.0 ], "autotile_index": 0.0, "autotile": 0.0 }, "64_352": { "flipX": 1.0, "flipY": 1.0, "tileset": "tilesD_text", "coord": [ 14.0, 1.0 ], "autotile_index": 0.0, "autotile": 0.0 }, "640_320": { "flipX": 1.0, "flipY": 1.0, "tileset": "tilesD_text", "coord": [ 14.0, 1.0 ], "autotile_index": 0.0, "autotile": 0.0 }, "352_384": { "flipX": 1.0, "flipY": 1.0, "tileset": "tilesD_text", "coord": [ 15.0, 1.0 ], "autotile_index": 0.0, "autotile": 0.0 }, "256_32": { "flipX": 1.0, "flipY": 1.0, "tileset": "tilesD_text", "coord": [ 14.0, 1.0 ], "autotile_index": 0.0, "autotile": 0.0 }, "128_288": { "flipX": 1.0, "flipY": 1.0, "tileset": "tilesD_text", "coord": [ 14.0, 1.0 ], "autotile_index": 0.0, "autotile": 0.0 }, "480_384": { "flipX": 1.0, "flipY": 1.0, "tileset": "tilesD_text", "coord": [ 15.0, 1.0 ], "autotile_index": 0.0, "autotile": 0.0 }, "480_352": { "flipX": 1.0, "flipY": 1.0, "tileset": "tilesD_text", "coord": [ 15.0, 1.0 ], "autotile_index": 0.0, "autotile": 0.0 }, "480_256": { "flipX": 1.0, "flipY": 1.0, "tileset": "tilesD_text", "coord": [ 15.0, 1.0 ], "autotile_index": 0.0, "autotile": 0.0 }, "736_416": { "flipX": 1.0, "flipY": 1.0, "tileset": "tilesD_text", "coord": [ 15.0, 1.0 ], "autotile_index": 0.0, "autotile": 0.0 }, "832_256": { "flipX": 1.0, "flipY": 1.0, "tileset": "tilesD_text", "coord": [ 14.0, 1.0 ], "autotile_index": 0.0, "autotile": 0.0 }, "704_224": { "flipX": 1.0, "flipY": 1.0, "tileset": "tilesD_text", "coord": [ 14.0, 1.0 ], "autotile_index": 0.0, "autotile": 0.0 }, "832_288": { "flipX": 1.0, "flipY": 1.0, "tileset": "tilesD_text", "coord": [ 14.0, 1.0 ], "autotile_index": 0.0, "autotile": 0.0 }, "416_224": { "flipX": 1.0, "flipY": 1.0, "tileset": "tilesD_text", "coord": [ 15.0, 1.0 ], "autotile_index": 0.0, "autotile": 0.0 }, "352_256": { "flipX": 1.0, "flipY": 1.0, "tileset": "tilesD_text", "coord": [ 15.0, 1.0 ], "autotile_index": 0.0, "autotile": 0.0 }, "224_256": { "flipX": 1.0, "flipY": 1.0, "tileset": "tilesD_text", "coord": [ 15.0, 1.0 ], "autotile_index": 0.0, "autotile": 0.0 }, "256_0": { "flipX": 1.0, "flipY": 1.0, "tileset": "tilesD_text", "coord": [ 14.0, 1.0 ], "autotile_index": 0.0, "autotile": 0.0 }, "704_384": { "flipX": 1.0, "flipY": 1.0, "tileset": "tilesD_text", "coord": [ 14.0, 1.0 ], "autotile_index": 0.0, "autotile": 0.0 }, "768_96": { "flipX": 1.0, "flipY": 1.0, "tileset": "tilesD_text", "coord": [ 14.0, 1.0 ], "autotile_index": 0.0, "autotile": 0.0 }, "256_352": { "flipX": 1.0, "flipY": 1.0, "tileset": "tilesD_text", "coord": [ 14.0, 1.0 ], "autotile_index": 0.0, "autotile": 0.0 }, "160_288": { "flipX": 1.0, "flipY": 1.0, "tileset": "tilesD_text", "coord": [ 15.0, 1.0 ], "autotile_index": 0.0, "autotile": 0.0 }, "800_320": { "flipX": 1.0, "flipY": 1.0, "tileset": "tilesD_text", "coord": [ 15.0, 1.0 ], "autotile_index": 0.0, "autotile": 0.0 }, "544_288": { "flipX": 1.0, "flipY": 1.0, "tileset": "tilesD_text", "coord": [ 15.0, 1.0 ], "autotile_index": 0.0, "autotile": 0.0 }, "800_224": { "flipX": 1.0, "flipY": 1.0, "tileset": "tilesD_text", "coord": [ 15.0, 1.0 ], "autotile_index": 0.0, "autotile": 0.0 }, "736_512": { "flipX": 1.0, "flipY": 1.0, "tileset": "tilesD_text", "coord": [ 15.0, 1.0 ], "autotile_index": 0.0, "autotile": 0.0 }, "448_416": { "flipX": 1.0, "flipY": 1.0, "tileset": "tilesD_text", "coord": [ 14.0, 1.0 ], "autotile_index": 0.0, "autotile": 0.0 }, "608_224": { "flipX": 1.0, "flipY": 1.0, "tileset": "tilesD_text", "coord": [ 15.0, 1.0 ], "autotile_index": 0.0, "autotile": 0.0 }, "736_352": { "flipX": 1.0, "flipY": 1.0, "tileset": "tilesD_text", "coord": [ 15.0, 1.0 ], "autotile_index": 0.0, "autotile": 0.0 }, "800_96": { "flipX": 1.0, "flipY": 1.0, "tileset": "tilesD_text", "coord": [ 15.0, 1.0 ], "autotile_index": 0.0, "autotile": 0.0 }, "256_192": { "flipX": 1.0, "flipY": 1.0, "tileset": "tilesD_text", "coord": [ 14.0, 1.0 ], "autotile_index": 0.0, "autotile": 0.0 }, "416_416": { "flipX": 1.0, "flipY": 1.0, "tileset": "tilesD_text", "coord": [ 15.0, 1.0 ], "autotile_index": 0.0, "autotile": 0.0 }, "416_256": { "flipX": 1.0, "flipY": 1.0, "tileset": "tilesD_text", "coord": [ 15.0, 1.0 ], "autotile_index": 0.0, "autotile": 0.0 }, "736_384": { "flipX": 1.0, "flipY": 1.0, "tileset": "tilesD_text", "coord": [ 15.0, 1.0 ], "autotile_index": 0.0, "autotile": 0.0 }, "384_256": { "flipX": 1.0, "flipY": 1.0, "tileset": "tilesD_text", "coord": [ 14.0, 1.0 ], "autotile_index": 0.0, "autotile": 0.0 }, "768_32": { "flipX": 1.0, "flipY": 1.0, "tileset": "tilesD_text", "coord": [ 14.0, 1.0 ], "autotile_index": 0.0, "autotile": 0.0 }, "768_352": { "flipX": 1.0, "flipY": 1.0, "tileset": "tilesD_text", "coord": [ 14.0, 1.0 ], "autotile_index": 0.0, "autotile": 0.0 }, "256_288": { "flipX": 1.0, "flipY": 1.0, "tileset": "tilesD_text", "coord": [ 14.0, 1.0 ], "autotile_index": 0.0, "autotile": 0.0 }, "288_160": { "flipX": 1.0, "flipY": 1.0, "tileset": "tilesD_text", "coord": [ 15.0, 1.0 ], "autotile_index": 0.0, "autotile": 0.0 }, "544_192": { "flipX": 1.0, "flipY": 1.0, "tileset": "tilesD_text", "coord": [ 15.0, 1.0 ], "autotile_index": 0.0, "autotile": 0.0 }, "736_224": { "flipX": 1.0, "flipY": 1.0, "tileset": "tilesD_text", "coord": [ 15.0, 1.0 ], "autotile_index": 0.0, "autotile": 0.0 }, "384_288": { "flipX": 1.0, "flipY": 1.0, "tileset": "tilesD_text", "coord": [ 14.0, 1.0 ], "autotile_index": 0.0, "autotile": 0.0 }, "96_288": { "flipX": 1.0, "flipY": 1.0, "tileset": "tilesD_text", "coord": [ 15.0, 1.0 ], "autotile_index": 0.0, "autotile": 0.0 }, "640_192": { "flipX": 1.0, "flipY": 1.0, "tileset": "tilesD_text", "coord": [ 14.0, 1.0 ], "autotile_index": 0.0, "autotile": 0.0 }, "512_320": { "flipX": 1.0, "flipY": 1.0, "tileset": "tilesD_text", "coord": [ 14.0, 1.0 ], "autotile_index": 0.0, "autotile": 0.0 }, "384_320": { "flipX": 1.0, "flipY": 1.0, "tileset": "tilesD_text", "coord": [ 14.0, 1.0 ], "autotile_index": 0.0, "autotile": 0.0 }, "256_96": { "flipX": 1.0, "flipY": 1.0, "tileset": "tilesD_text", "coord": [ 14.0, 1.0 ], "autotile_index": 0.0, "autotile": 0.0 }, "704_352": { "flipX": 1.0, "flipY": 1.0, "tileset": "tilesD_text", "coord": [ 14.0, 1.0 ], "autotile_index": 0.0, "autotile": 0.0 }, "224_224": { "flipX": 1.0, "flipY": 1.0, "tileset": "tilesD_text", "coord": [ 15.0, 1.0 ], "autotile_index": 0.0, "autotile": 0.0 }, "576_384": { "flipX": 1.0, "flipY": 1.0, "tileset": "tilesD_text", "coord": [ 14.0, 1.0 ], "autotile_index": 0.0, "autotile": 0.0 }, "320_256": { "flipX": 1.0, "flipY": 1.0, "tileset": "tilesD_text", "coord": [ 14.0, 1.0 ], "autotile_index": 0.0, "autotile": 0.0 }, "544_416": { "flipX": 1.0, "flipY": 1.0, "tileset": "tilesD_text", "coord": [ 15.0, 1.0 ], "autotile_index": 0.0, "autotile": 0.0 }, "736_128": { "flipX": 1.0, "flipY": 1.0, "tileset": "tilesD_text", "coord": [ 15.0, 1.0 ], "autotile_index": 0.0, "autotile": 0.0 }, "224_192": { "flipX": 1.0, "flipY": 1.0, "tileset": "tilesD_text", "coord": [ 15.0, 1.0 ], "autotile_index": 0.0, "autotile": 0.0 }, "256_256": { "flipX": 1.0, "flipY": 1.0, "tileset": "tilesD_text", "coord": [ 14.0, 1.0 ], "autotile_index": 0.0, "autotile": 0.0 }, "288_320": { "flipX": 1.0, "flipY": 1.0, "tileset": "tilesD_text", "coord": [ 15.0, 1.0 ], "autotile_index": 0.0, "autotile": 0.0 }, "256_160": { "flipX": 1.0, "flipY": 1.0, "tileset": "tilesD_text", "coord": [ 14.0, 1.0 ], "autotile_index": 0.0, "autotile": 0.0 }, "384_384": { "flipX": 1.0, "flipY": 1.0, "tileset": "tilesD_text", "coord": [ 14.0, 1.0 ], "autotile_index": 0.0, "autotile": 0.0 }, "672_192": { "flipX": 1.0, "flipY": 1.0, "tileset": "tilesD_text", "coord": [ 15.0, 1.0 ], "autotile_index": 0.0, "autotile": 0.0 }, "448_256": { "flipX": 1.0, "flipY": 1.0, "tileset": "tilesD_text", "coord": [ 14.0, 1.0 ], "autotile_index": 0.0, "autotile": 0.0 }, "704_416": { "flipX": 1.0, "flipY": 1.0, "tileset": "tilesD_text", "coord": [ 14.0, 1.0 ], "autotile_index": 0.0, "autotile": 0.0 }, "128_320": { "flipX": 1.0, "flipY": 1.0, "tileset": "tilesD_text", "coord": [ 14.0, 1.0 ], "autotile_index": 0.0, "autotile": 0.0 }, "512_224": { "flipX": 1.0, "flipY": 1.0, "tileset": "tilesD_text", "coord": [ 14.0, 1.0 ], "autotile_index": 0.0, "autotile": 0.0 }, "192_288": { "flipX": 1.0, "flipY": 1.0, "tileset": "tilesD_text", "coord": [ 14.0, 1.0 ], "autotile_index": 0.0, "autotile": 0.0 }, "800_352": { "flipX": 1.0, "flipY": 1.0, "tileset": "tilesD_text", "coord": [ 15.0, 1.0 ], "autotile_index": 0.0, "autotile": 0.0 }, "768_512": { "flipX": 1.0, "flipY": 1.0, "tileset": "tilesD_text", "coord": [ 14.0, 1.0 ], "autotile_index": 0.0, "autotile": 0.0 }, "288_416": { "flipX": 1.0, "flipY": 1.0, "tileset": "tilesD_text", "coord": [ 15.0, 1.0 ], "autotile_index": 0.0, "autotile": 0.0 }, "544_384": { "flipX": 1.0, "flipY": 1.0, "tileset": "tilesD_text", "coord": [ 15.0, 1.0 ], "autotile_index": 0.0, "autotile": 0.0 }, "672_416": { "flipX": 1.0, "flipY": 1.0, "tileset": "tilesD_text", "coord": [ 15.0, 1.0 ], "autotile_index": 0.0, "autotile": 0.0 }, "448_352": { "flipX": 1.0, "flipY": 1.0, "tileset": "tilesD_text", "coord": [ 14.0, 1.0 ], "autotile_index": 0.0, "autotile": 0.0 }, "576_320": { "flipX": 1.0, "flipY": 1.0, "tileset": "tilesD_text", "coord": [ 14.0, 1.0 ], "autotile_index": 0.0, "autotile": 0.0 }, "832_416": { "flipX": 1.0, "flipY": 1.0, "tileset": "tilesD_text", "coord": [ 16.0, 1.0 ], "autotile_index": 0.0, "autotile": 0.0 }, "480_192": { "flipX": 1.0, "flipY": 1.0, "tileset": "tilesD_text", "coord": [ 15.0, 1.0 ], "autotile_index": 0.0, "autotile": 0.0 }, "512_192": { "flipX": 1.0, "flipY": 1.0, "tileset": "tilesD_text", "coord": [ 14.0, 1.0 ], "autotile_index": 0.0, "autotile": 0.0 }, "768_128": { "flipX": 1.0, "flipY": 1.0, "tileset": "tilesD_text", "coord": [ 14.0, 1.0 ], "autotile_index": 0.0, "autotile": 0.0 }, "832_96": { "flipX": 1.0, "flipY": 1.0, "tileset": "tilesD_text", "coord": [ 14.0, 1.0 ], "autotile_index": 0.0, "autotile": 0.0 }, "256_64": { "flipX": 1.0, "flipY": 1.0, "tileset": "tilesD_text", "coord": [ 14.0, 1.0 ], "autotile_index": 0.0, "autotile": 0.0 }, "416_288": { "flipX": 1.0, "flipY": 1.0, "tileset": "tilesD_text", "coord": [ 15.0, 1.0 ], "autotile_index": 0.0, "autotile": 0.0 }, "320_288": { "flipX": 1.0, "flipY": 1.0, "tileset": "tilesD_text", "coord": [ 14.0, 1.0 ], "autotile_index": 0.0, "autotile": 0.0 }, "288_192": { "flipX": 1.0, "flipY": 1.0, "tileset": "tilesD_text", "coord": [ 15.0, 1.0 ], "autotile_index": 0.0, "autotile": 0.0 }, "320_320": { "flipX": 1.0, "flipY": 1.0, "tileset": "tilesD_text", "coord": [ 14.0, 1.0 ], "autotile_index": 0.0, "autotile": 0.0 }, "704_288": { "flipX": 1.0, "flipY": 1.0, "tileset": "tilesD_text", "coord": [ 14.0, 1.0 ], "autotile_index": 0.0, "autotile": 0.0 }, "576_352": { "flipX": 1.0, "flipY": 1.0, "tileset": "tilesD_text", "coord": [ 14.0, 1.0 ], "autotile_index": 0.0, "autotile": 0.0 }, "736_96": { "flipX": 1.0, "flipY": 1.0, "tileset": "tilesD_text", "coord": [ 15.0, 1.0 ], "autotile_index": 0.0, "autotile": 0.0 }, "128_192": { "flipX": 1.0, "flipY": 1.0, "tileset": "tilesD_text", "coord": [ 14.0, 1.0 ], "autotile_index": 0.0, "autotile": 0.0 }, "800_384": { "flipX": 1.0, "flipY": 1.0, "tileset": "tilesD_text", "coord": [ 15.0, 1.0 ], "autotile_index": 0.0, "autotile": 0.0 }, "544_320": { "flipX": 1.0, "flipY": 1.0, "tileset": "tilesD_text", "coord": [ 15.0, 1.0 ], "autotile_index": 0.0, "autotile": 0.0 }, "256_320": { "flipX": 1.0, "flipY": 1.0, "tileset": "tilesD_text", "coord": [ 14.0, 1.0 ], "autotile_index": 0.0, "autotile": 0.0 }, "736_160": { "flipX": 1.0, "flipY": 1.0, "tileset": "tilesD_text", "coord": [ 15.0, 1.0 ], "autotile_index": 0.0, "autotile": 0.0 }, "512_416": { "flipX": 1.0, "flipY": 1.0, "tileset": "tilesD_text", "coord": [ 14.0, 1.0 ], "autotile_index": 0.0, "autotile": 0.0 }, "640_256": { "flipX": 1.0, "flipY": 1.0, "tileset": "tilesD_text", "coord": [ 14.0, 1.0 ], "autotile_index": 0.0, "autotile": 0.0 }, "128_416": { "flipX": 1.0, "flipY": 1.0, "tileset": "tilesD_text", "coord": [ 14.0, 1.0 ], "autotile_index": 0.0, "autotile": 0.0 }, "288_96": { "flipX": 1.0, "flipY": 1.0, "tileset": "tilesD_text", "coord": [ 15.0, 1.0 ], "autotile_index": 0.0, "autotile": 0.0 }, "288_256": { "flipX": 1.0, "flipY": 1.0, "tileset": "tilesD_text", "coord": [ 15.0, 1.0 ], "autotile_index": 0.0, "autotile": 0.0 }, "64_192": { "flipX": 1.0, "flipY": 1.0, "tileset": "tilesD_text", "coord": [ 14.0, 1.0 ], "autotile_index": 0.0, "autotile": 0.0 }, "384_224": { "flipX": 1.0, "flipY": 1.0, "tileset": "tilesD_text", "coord": [ 14.0, 1.0 ], "autotile_index": 0.0, "autotile": 0.0 }, "480_224": { "flipX": 1.0, "flipY": 1.0, "tileset": "tilesD_text", "coord": [ 15.0, 1.0 ], "autotile_index": 0.0, "autotile": 0.0 }, "384_352": { "flipX": 1.0, "flipY": 1.0, "tileset": "tilesD_text", "coord": [ 14.0, 1.0 ], "autotile_index": 0.0, "autotile": 0.0 }, "192_416": { "flipX": 1.0, "flipY": 1.0, "tileset": "tilesD_text", "coord": [ 14.0, 1.0 ], "autotile_index": 0.0, "autotile": 0.0 }, "704_256": { "flipX": 1.0, "flipY": 1.0, "tileset": "tilesD_text", "coord": [ 14.0, 1.0 ], "autotile_index": 0.0, "autotile": 0.0 }, "96_224": { "flipX": 1.0, "flipY": 1.0, "tileset": "tilesD_text", "coord": [ 15.0, 1.0 ], "autotile_index": 0.0, "autotile": 0.0 }, "672_320": { "flipX": 1.0, "flipY": 1.0, "tileset": "tilesD_text", "coord": [ 15.0, 1.0 ], "autotile_index": 0.0, "autotile": 0.0 }, "192_224": { "flipX": 1.0, "flipY": 1.0, "tileset": "tilesD_text", "coord": [ 14.0, 1.0 ], "autotile_index": 0.0, "autotile": 0.0 }, "160_384": { "flipX": 1.0, "flipY": 1.0, "tileset": "tilesD_text", "coord": [ 15.0, 1.0 ], "autotile_index": 0.0, "autotile": 0.0 }, "768_384": { "flipX": 1.0, "flipY": 1.0, "tileset": "tilesD_text", "coord": [ 14.0, 1.0 ], "autotile_index": 0.0, "autotile": 0.0 }, "288_352": { "flipX": 1.0, "flipY": 1.0, "tileset": "tilesD_text", "coord": [ 15.0, 1.0 ], "autotile_index": 0.0, "autotile": 0.0 }, "800_256": { "flipX": 1.0, "flipY": 1.0, "tileset": "tilesD_text", "coord": [ 15.0, 1.0 ], "autotile_index": 0.0, "autotile": 0.0 }, "160_352": { "flipX": 1.0, "flipY": 1.0, "tileset": "tilesD_text", "coord": [ 15.0, 1.0 ], "autotile_index": 0.0, "autotile": 0.0 }, "672_384": { "flipX": 1.0, "flipY": 1.0, "tileset": "tilesD_text", "coord": [ 15.0, 1.0 ], "autotile_index": 0.0, "autotile": 0.0 }, "288_384": { "flipX": 1.0, "flipY": 1.0, "tileset": "tilesD_text", "coord": [ 15.0, 1.0 ], "autotile_index": 0.0, "autotile": 0.0 }, "384_192": { "flipX": 1.0, "flipY": 1.0, "tileset": "tilesD_text", "coord": [ 14.0, 1.0 ], "autotile_index": 0.0, "autotile": 0.0 }, "256_416": { "flipX": 1.0, "flipY": 1.0, "tileset": "tilesD_text", "coord": [ 14.0, 1.0 ], "autotile_index": 0.0, "autotile": 0.0 }, "224_352": { "flipX": 1.0, "flipY": 1.0, "tileset": "tilesD_text", "coord": [ 15.0, 1.0 ], "autotile_index": 0.0, "autotile": 0.0 }, "192_352": { "flipX": 1.0, "flipY": 1.0, "tileset": "tilesD_text", "coord": [ 14.0, 1.0 ], "autotile_index": 0.0, "autotile": 0.0 }, "608_416": { "flipX": 1.0, "flipY": 1.0, "tileset": "tilesD_text", "coord": [ 15.0, 1.0 ], "autotile_index": 0.0, "autotile": 0.0 }, "608_384": { "flipX": 1.0, "flipY": 1.0, "tileset": "tilesD_text", "coord": [ 15.0, 1.0 ], "autotile_index": 0.0, "autotile": 0.0 }, "160_224": { "flipX": 1.0, "flipY": 1.0, "tileset": "tilesD_text", "coord": [ 15.0, 1.0 ], "autotile_index": 0.0, "autotile": 0.0 }, "832_320": { "flipX": 1.0, "flipY": 1.0, "tileset": "tilesD_text", "coord": [ 14.0, 1.0 ], "autotile_index": 0.0, "autotile": 0.0 }, "416_384": { "flipX": 1.0, "flipY": 1.0, "tileset": "tilesD_text", "coord": [ 15.0, 1.0 ], "autotile_index": 0.0, "autotile": 0.0 }, "96_320": { "flipX": 1.0, "flipY": 1.0, "tileset": "tilesD_text", "coord": [ 15.0, 1.0 ], "autotile_index": 0.0, "autotile": 0.0 }, "608_192": { "flipX": 1.0, "flipY": 1.0, "tileset": "tilesD_text", "coord": [ 15.0, 1.0 ], "autotile_index": 0.0, "autotile": 0.0 }, "128_384": { "flipX": 1.0, "flipY": 1.0, "tileset": "tilesD_text", "coord": [ 14.0, 1.0 ], "autotile_index": 0.0, "autotile": 0.0 }, "640_352": { "flipX": 1.0, "flipY": 1.0, "tileset": "tilesD_text", "coord": [ 14.0, 1.0 ], "autotile_index": 0.0, "autotile": 0.0 }, "448_384": { "flipX": 1.0, "flipY": 1.0, "tileset": "tilesD_text", "coord": [ 14.0, 1.0 ], "autotile_index": 0.0, "autotile": 0.0 }, "64_288": { "flipX": 1.0, "flipY": 1.0, "tileset": "tilesD_text", "coord": [ 14.0, 1.0 ], "autotile_index": 0.0, "autotile": 0.0 }, "224_416": { "flipX": 1.0, "flipY": 1.0, "tileset": "tilesD_text", "coord": [ 15.0, 1.0 ], "autotile_index": 0.0, "autotile": 0.0 }, "800_128": { "flipX": 1.0, "flipY": 1.0, "tileset": "tilesD_text", "coord": [ 15.0, 1.0 ], "autotile_index": 0.0, "autotile": 0.0 }, "288_0": { "flipX": 1.0, "flipY": 1.0, "tileset": "tilesD_text", "coord": [ 15.0, 1.0 ], "autotile_index": 0.0, "autotile": 0.0 }, "352_288": { "flipX": 1.0, "flipY": 1.0, "tileset": "tilesD_text", "coord": [ 15.0, 1.0 ], "autotile_index": 0.0, "autotile": 0.0 }, "768_256": { "flipX": 1.0, "flipY": 1.0, "tileset": "tilesD_text", "coord": [ 14.0, 1.0 ], "autotile_index": 0.0, "autotile": 0.0 }, "128_224": { "flipX": 1.0, "flipY": 1.0, "tileset": "tilesD_text", "coord": [ 14.0, 1.0 ], "autotile_index": 0.0, "autotile": 0.0 }, "192_192": { "flipX": 1.0, "flipY": 1.0, "tileset": "tilesD_text", "coord": [ 14.0, 1.0 ], "autotile_index": 0.0, "autotile": 0.0 }, "768_448": { "flipX": 1.0, "flipY": 1.0, "tileset": "tilesD_text", "coord": [ 14.0, 1.0 ], "autotile_index": 0.0, "autotile": 0.0 }, "768_416": { "flipX": 1.0, "flipY": 1.0, "tileset": "tilesD_text", "coord": [ 14.0, 1.0 ], "autotile_index": 0.0, "autotile": 0.0 }, "448_192": { "flipX": 1.0, "flipY": 1.0, "tileset": "tilesD_text", "coord": [ 14.0, 1.0 ], "autotile_index": 0.0, "autotile": 0.0 }, "832_192": { "flipX": 1.0, "flipY": 1.0, "tileset": "tilesD_text", "coord": [ 14.0, 1.0 ], "autotile_index": 0.0, "autotile": 0.0 }, "448_288": { "flipX": 1.0, "flipY": 1.0, "tileset": "tilesD_text", "coord": [ 14.0, 1.0 ], "autotile_index": 0.0, "autotile": 0.0 }, "736_288": { "flipX": 1.0, "flipY": 1.0, "tileset": "tilesD_text", "coord": [ 15.0, 1.0 ], "autotile_index": 0.0, "autotile": 0.0 }, "160_320": { "flipX": 1.0, "flipY": 1.0, "tileset": "tilesD_text", "coord": [ 15.0, 1.0 ], "autotile_index": 0.0, "autotile": 0.0 }, "320_416": { "flipX": 1.0, "flipY": 1.0, "tileset": "tilesD_text", "coord": [ 14.0, 1.0 ], "autotile_index": 0.0, "autotile": 0.0 }, "672_288": { "flipX": 1.0, "flipY": 1.0, "tileset": "tilesD_text", "coord": [ 15.0, 1.0 ], "autotile_index": 0.0, "autotile": 0.0 }, "800_160": { "flipX": 1.0, "flipY": 1.0, "tileset": "tilesD_text", "coord": [ 15.0, 1.0 ], "autotile_index": 0.0, "autotile": 0.0 }, "256_224": { "flipX": 1.0, "flipY": 1.0, "tileset": "tilesD_text", "coord": [ 14.0, 1.0 ], "autotile_index": 0.0, "autotile": 0.0 }, "800_416": { "flipX": 1.0, "flipY": 1.0, "tileset": "tilesD_text", "coord": [ 15.0, 1.0 ], "autotile_index": 0.0, "autotile": 0.0 }, "672_224": { "flipX": 1.0, "flipY": 1.0, "tileset": "tilesD_text", "coord": [ 15.0, 1.0 ], "autotile_index": 0.0, "autotile": 0.0 }, "224_320": { "flipX": 1.0, "flipY": 1.0, "tileset": "tilesD_text", "coord": [ 15.0, 1.0 ], "autotile_index": 0.0, "autotile": 0.0 }, "512_384": { "flipX": 1.0, "flipY": 1.0, "tileset": "tilesD_text", "coord": [ 14.0, 1.0 ], "autotile_index": 0.0, "autotile": 0.0 }, "544_352": { "flipX": 1.0, "flipY": 1.0, "tileset": "tilesD_text", "coord": [ 15.0, 1.0 ], "autotile_index": 0.0, "autotile": 0.0 }, "768_160": { "flipX": 1.0, "flipY": 1.0, "tileset": "tilesD_text", "coord": [ 14.0, 1.0 ], "autotile_index": 0.0, "autotile": 0.0 }, "128_256": { "flipX": 1.0, "flipY": 1.0, "tileset": "tilesD_text", "coord": [ 14.0, 1.0 ], "autotile_index": 0.0, "autotile": 0.0 }, "768_480": { "flipX": 1.0, "flipY": 1.0, "tileset": "tilesD_text", "coord": [ 14.0, 1.0 ], "autotile_index": 0.0, "autotile": 0.0 }, "672_352": { "flipX": 1.0, "flipY": 1.0, "tileset": "tilesD_text", "coord": [ 15.0, 1.0 ], "autotile_index": 0.0, "autotile": 0.0 }, "352_192": { "flipX": 1.0, "flipY": 1.0, "tileset": "tilesD_text", "coord": [ 15.0, 1.0 ], "autotile_index": 0.0, "autotile": 0.0 }, "736_320": { "flipX": 1.0, "flipY": 1.0, "tileset": "tilesD_text", "coord": [ 15.0, 1.0 ], "autotile_index": 0.0, "autotile": 0.0 }, "640_224": { "flipX": 1.0, "flipY": 1.0, "tileset": "tilesD_text", "coord": [ 14.0, 1.0 ], "autotile_index": 0.0, "autotile": 0.0 }, "64_416": { "flipX": 1.0, "flipY": 1.0, "tileset": "tilesD_text", "coord": [ 14.0, 1.0 ], "autotile_index": 0.0, "autotile": 0.0 }, "576_288": { "flipX": 1.0, "flipY": 1.0, "tileset": "tilesD_text", "coord": [ 14.0, 1.0 ], "autotile_index": 0.0, "autotile": 0.0 }, "64_384": { "flipX": 1.0, "flipY": 1.0, "tileset": "tilesD_text", "coord": [ 14.0, 1.0 ], "autotile_index": 0.0, "autotile": 0.0 }, "288_32": { "flipX": 1.0, "flipY": 1.0, "tileset": "tilesD_text", "coord": [ 15.0, 1.0 ], "autotile_index": 0.0, "autotile": 0.0 }, "320_384": { "flipX": 1.0, "flipY": 1.0, "tileset": "tilesD_text", "coord": [ 14.0, 1.0 ], "autotile_index": 0.0, "autotile": 0.0 }, "704_192": { "flipX": 1.0, "flipY": 1.0, "tileset": "tilesD_text", "coord": [ 14.0, 1.0 ], "autotile_index": 0.0, "autotile": 0.0 }, "480_320": { "flipX": 1.0, "flipY": 1.0, "tileset": "tilesD_text", "coord": [ 15.0, 1.0 ], "autotile_index": 0.0, "autotile": 0.0 }, "256_384": { "flipX": 1.0, "flipY": 1.0, "tileset": "tilesD_text", "coord": [ 14.0, 1.0 ], "autotile_index": 0.0, "autotile": 0.0 }, "608_320": { "flipX": 1.0, "flipY": 1.0, "tileset": "tilesD_text", "coord": [ 15.0, 1.0 ], "autotile_index": 0.0, "autotile": 0.0 }, "224_288": { "flipX": 1.0, "flipY": 1.0, "tileset": "tilesD_text", "coord": [ 15.0, 1.0 ], "autotile_index": 0.0, "autotile": 0.0 }, "576_416": { "flipX": 1.0, "flipY": 1.0, "tileset": "tilesD_text", "coord": [ 14.0, 1.0 ], "autotile_index": 0.0, "autotile": 0.0 }, "416_320": { "flipX": 1.0, "flipY": 1.0, "tileset": "tilesD_text", "coord": [ 15.0, 1.0 ], "autotile_index": 0.0, "autotile": 0.0 }, "288_288": { "flipX": 1.0, "flipY": 1.0, "tileset": "tilesD_text", "coord": [ 15.0, 1.0 ], "autotile_index": 0.0, "autotile": 0.0 }, "96_256": { "flipX": 1.0, "flipY": 1.0, "tileset": "tilesD_text", "coord": [ 15.0, 1.0 ], "autotile_index": 0.0, "autotile": 0.0 }, "320_224": { "flipX": 1.0, "flipY": 1.0, "tileset": "tilesD_text", "coord": [ 14.0, 1.0 ], "autotile_index": 0.0, "autotile": 0.0 }, "192_256": { "flipX": 1.0, "flipY": 1.0, "tileset": "tilesD_text", "coord": [ 14.0, 1.0 ], "autotile_index": 0.0, "autotile": 0.0 }, "800_192": { "flipX": 1.0, "flipY": 1.0, "tileset": "tilesD_text", "coord": [ 15.0, 1.0 ], "autotile_index": 0.0, "autotile": 0.0 }, "448_224": { "flipX": 1.0, "flipY": 1.0, "tileset": "tilesD_text", "coord": [ 14.0, 1.0 ], "autotile_index": 0.0, "autotile": 0.0 }, "640_384": { "flipX": 1.0, "flipY": 1.0, "tileset": "tilesD_text", "coord": [ 14.0, 1.0 ], "autotile_index": 0.0, "autotile": 0.0 }, "192_320": { "flipX": 1.0, "flipY": 1.0, "tileset": "tilesD_text", "coord": [ 14.0, 1.0 ], "autotile_index": 0.0, "autotile": 0.0 }, "832_160": { "flipX": 1.0, "flipY": 1.0, "tileset": "tilesD_text", "coord": [ 14.0, 1.0 ], "autotile_index": 0.0, "autotile": 0.0 }, "832_384": { "flipX": 1.0, "flipY": 1.0, "tileset": "tilesD_text", "coord": [ 14.0, 1.0 ], "autotile_index": 0.0, "autotile": 0.0 }, "576_256": { "flipX": 1.0, "flipY": 1.0, "tileset": "tilesD_text", "coord": [ 14.0, 1.0 ], "autotile_index": 0.0, "autotile": 0.0 }, "64_320": { "flipX": 1.0, "flipY": 1.0, "tileset": "tilesD_text", "coord": [ 14.0, 1.0 ], "autotile_index": 0.0, "autotile": 0.0 }, "736_64": { "flipX": 1.0, "flipY": 1.0, "tileset": "tilesD_text", "coord": [ 15.0, 1.0 ], "autotile_index": 0.0, "autotile": 0.0 }, "832_128": { "flipX": 1.0, "flipY": 1.0, "tileset": "tilesD_text", "coord": [ 14.0, 1.0 ], "autotile_index": 0.0, "autotile": 0.0 }, "256_128": { "flipX": 1.0, "flipY": 1.0, "tileset": "tilesD_text", "coord": [ 14.0, 1.0 ], "autotile_index": 0.0, "autotile": 0.0 }, "352_352": { "flipX": 1.0, "flipY": 1.0, "tileset": "tilesD_text", "coord": [ 15.0, 1.0 ], "autotile_index": 0.0, "autotile": 0.0 }, "192_384": { "flipX": 1.0, "flipY": 1.0, "tileset": "tilesD_text", "coord": [ 14.0, 1.0 ], "autotile_index": 0.0, "autotile": 0.0 } } }, "backgrounds": { "5": { "x": 0.0, "scroll_y": 1.0, "panic_sprite": -1.0, "hspeed": 0.0, "tile_y": 1.0, "character": "None", "y": 0.0, "escape": "None", "tile_x": 1.0, "sprite": "bg_pizzaface2", "vspeed": 0.0, "image_speed": 15.0, "scroll_x": 1.0 } } }