{ "isNoiseUpdate": 1.0, "properties": { "song": "event:\/music\/w5\/finalhallway", "songTransitionTime": 100.0, "pausecombo": 0.0, "roomX": 0.0, "levelWidth": 1632.0, "roomY": 0.0, "levelHeight": 540.0 }, "editorVersion": 6.0, "instances": [ { "layer": 0.0, "object": "obj_doorA", "deleted": 0.0, "variables": { "x": 192.0, "y": 447.0, "image_xscale": 1.0, "image_yscale": 1.0 } }, { "layer": 0.0, "object": "obj_exitgate", "deleted": 0.0, "variables": { "x": 208.0, "flipX": 0.0, "y": 351.0, "flipY": 0.0, "image_xscale": 1.0, "visible": "false", "image_yscale": 1.0 } }, { "layer": 0.0, "object": "obj_solid", "deleted": 0.0, "variables": { "x": 0.0, "flipX": 0.0, "y": 480.0, "flipY": 0.0, "image_xscale": 59.0, "image_yscale": 2.0 } }, { "layer": 0.0, "object": "obj_solid", "deleted": 0.0, "variables": { "x": 0.0, "flipX": 0.0, "y": 0.0, "flipY": 0.0, "image_xscale": 2.0, "image_yscale": 17.0 } }, { "layer": 0.0, "object": "obj_solid", "deleted": 0.0, "variables": { "x": 0.0, "flipX": 0.0, "y": 0.0, "flipY": 0.0, "image_xscale": 51.0, "image_yscale": 6.0 } }, { "layer": 0.0, "object": "obj_solid", "deleted": 0.0, "variables": { "x": 1472.0, "flipX": 0.0, "y": 0.0, "flipY": 0.0, "image_xscale": 13.0, "image_yscale": 13.0 } }, { "layer": 0.0, "object": "obj_darkcontroller", "deleted": 0.0, "variables": { "x": -96.0, "flipX": 0.0, "y": -96.0, "flipY": 0.0, "image_xscale": 1.0, "image_yscale": 1.0, "kidsparty": "DMAS" } }, { "layer": 0.0, "object": "obj_door", "deleted": 0.0, "variables": { "targetDoor": "B", "x": 717.0, "flipX": 0.0, "y": 384.0, "flipY": 0.0, "image_xscale": 1.0, "visible": "false", "image_yscale": 1.0, "targetRoom": "fakeoutside" } }, { "layer": 1.0, "object": "obj_doorB", "deleted": 0.0, "variables": { "x": 749.0, "flipX": 0.0, "y": 448.0, "flipY": 0.0 } }, { "layer": 0.0, "object": "obj_platform", "deleted": 0.0, "variables": { "x": 802.0, "flipX": 0.0, "y": 323.0, "flipY": 0.0, "image_xscale": 0.78125, "image_yscale": 0.78125 } }, { "layer": 1.0, "object": "obj_doorC", "deleted": 0.0, "variables": { "x": 1696.0, "flipX": 0.0, "y": 448.0, "flipY": 0.0 } }, { "layer": 0.0, "object": "obj_hallway", "deleted": 0.0, "variables": { "targetDoor": "C", "x": 1760.0, "flipX": 0.0, "y": 416.0, "flipY": 0.0, "image_xscale": 4.0, "image_yscale": 1.0, "targetRoom": "room1" } }, { "layer": 0.0, "object": "obj_minipillar", "deleted": 0.0, "variables": { "x": 1472.0, "flipX": 0.0, "y": 416.0, "flipY": 0.0 } }, { "layer": 0.0, "object": "obj_minipillar", "deleted": 0.0, "variables": { "x": 1504.0, "flipX": 0.0, "y": 448.0, "flipY": 0.0 } }, { "layer": 0.0, "object": "obj_minipillar", "deleted": 0.0, "variables": { "x": 1472.0, "flipX": 0.0, "y": 448.0, "flipY": 0.0 } }, { "layer": 0.0, "object": "obj_minipillar", "deleted": 0.0, "variables": { "x": 1504.0, "flipX": 0.0, "y": 416.0, "flipY": 0.0 } } ], "tile_data": { "-1": { "992_448": { "flipX": 1.0, "flipY": 1.0, "tileset": "tiles_shouse", "coord": [ 7.0, 0.0 ], "autotile_index": 0.0, "autotile": 0.0 }, "1056_448": { "flipX": 1.0, "flipY": 1.0, "tileset": "tiles_shouse", "coord": [ 7.0, 0.0 ], "autotile_index": 0.0, "autotile": 0.0 }, "480_448": { "flipX": 1.0, "flipY": 1.0, "tileset": "tiles_shouse", "coord": [ 7.0, 0.0 ], "autotile_index": 0.0, "autotile": 0.0 }, "512_448": { "flipX": 1.0, "flipY": 1.0, "tileset": "tiles_shouse", "coord": [ 7.0, 0.0 ], "autotile_index": 0.0, "autotile": 0.0 }, "1024_448": { "flipX": 1.0, "flipY": 1.0, "tileset": "tiles_shouse", "coord": [ 7.0, 0.0 ], "autotile_index": 0.0, "autotile": 0.0 }, "448_448": { "flipX": 1.0, "flipY": 1.0, "tileset": "tiles_shouse", "coord": [ 7.0, 0.0 ], "autotile_index": 0.0, "autotile": 0.0 } }, "3": { "640_512": { "flipX": 1.0, "flipY": 1.0, "tileset": "tiles_shouse", "coord": [ 1.0, 1.0 ], "autotile_index": 0.0, "autotile": 0.0 }, "960_480": { "flipX": 1.0, "flipY": 1.0, "tileset": "tiles_shouse", "coord": [ 2.0, 0.0 ], "autotile_index": 0.0, "autotile": 0.0 }, "512_480": { "flipX": 1.0, "flipY": 1.0, "tileset": "tiles_shouse", "coord": [ 7.0, 1.0 ], "autotile_index": 0.0, "autotile": 0.0 }, "800_512": { "flipX": 1.0, "flipY": 1.0, "tileset": "tiles_shouse", "coord": [ 1.0, 1.0 ], "autotile_index": 0.0, "autotile": 0.0 }, "864_512": { "flipX": 1.0, "flipY": 1.0, "tileset": "tiles_shouse", "coord": [ 1.0, 1.0 ], "autotile_index": 0.0, "autotile": 0.0 }, "736_480": { "flipX": 1.0, "flipY": 1.0, "tileset": "tiles_shouse", "coord": [ 1.0, 0.0 ], "autotile_index": 0.0, "autotile": 0.0 }, "992_480": { "flipX": 1.0, "flipY": 1.0, "tileset": "tiles_shouse", "coord": [ 7.0, 1.0 ], "autotile_index": 0.0, "autotile": 0.0 }, "608_480": { "flipX": 1.0, "flipY": 1.0, "tileset": "tiles_shouse", "coord": [ 1.0, 0.0 ], "autotile_index": 0.0, "autotile": 0.0 }, "864_480": { "flipX": 1.0, "flipY": 1.0, "tileset": "tiles_shouse", "coord": [ 1.0, 0.0 ], "autotile_index": 0.0, "autotile": 0.0 }, "928_480": { "flipX": 1.0, "flipY": 1.0, "tileset": "tiles_shouse", "coord": [ 1.0, 0.0 ], "autotile_index": 0.0, "autotile": 0.0 }, "832_512": { "flipX": 1.0, "flipY": 1.0, "tileset": "tiles_shouse", "coord": [ 1.0, 1.0 ], "autotile_index": 0.0, "autotile": 0.0 }, "448_480": { "flipX": 1.0, "flipY": 1.0, "tileset": "tiles_shouse", "coord": [ 7.0, 1.0 ], "autotile_index": 0.0, "autotile": 0.0 }, "960_512": { "flipX": 1.0, "flipY": 1.0, "tileset": "tiles_shouse", "coord": [ 2.0, 1.0 ], "autotile_index": 0.0, "autotile": 0.0 }, "576_480": { "flipX": 1.0, "flipY": 1.0, "tileset": "tiles_shouse", "coord": [ 1.0, 0.0 ], "autotile_index": 0.0, "autotile": 0.0 }, "672_480": { "flipX": 1.0, "flipY": 1.0, "tileset": "tiles_shouse", "coord": [ 1.0, 0.0 ], "autotile_index": 0.0, "autotile": 0.0 }, "544_480": { "flipX": 1.0, "flipY": 1.0, "tileset": "tiles_shouse", "coord": [ 0.0, 0.0 ], "autotile_index": 0.0, "autotile": 0.0 }, "544_512": { "flipX": 1.0, "flipY": 1.0, "tileset": "tiles_shouse", "coord": [ 0.0, 1.0 ], "autotile_index": 0.0, "autotile": 0.0 }, "576_512": { "flipX": 1.0, "flipY": 1.0, "tileset": "tiles_shouse", "coord": [ 1.0, 1.0 ], "autotile_index": 0.0, "autotile": 0.0 }, "928_512": { "flipX": 1.0, "flipY": 1.0, "tileset": "tiles_shouse", "coord": [ 1.0, 1.0 ], "autotile_index": 0.0, "autotile": 0.0 }, "480_480": { "flipX": 1.0, "flipY": 1.0, "tileset": "tiles_shouse", "coord": [ 7.0, 1.0 ], "autotile_index": 0.0, "autotile": 0.0 }, "800_480": { "flipX": 1.0, "flipY": 1.0, "tileset": "tiles_shouse", "coord": [ 1.0, 0.0 ], "autotile_index": 0.0, "autotile": 0.0 }, "1024_480": { "flipX": 1.0, "flipY": 1.0, "tileset": "tiles_shouse", "coord": [ 7.0, 1.0 ], "autotile_index": 0.0, "autotile": 0.0 }, "768_480": { "flipX": 1.0, "flipY": 1.0, "tileset": "tiles_shouse", "coord": [ 1.0, 0.0 ], "autotile_index": 0.0, "autotile": 0.0 }, "672_512": { "flipX": 1.0, "flipY": 1.0, "tileset": "tiles_shouse", "coord": [ 1.0, 1.0 ], "autotile_index": 0.0, "autotile": 0.0 }, "896_480": { "flipX": 1.0, "flipY": 1.0, "tileset": "tiles_shouse", "coord": [ 1.0, 0.0 ], "autotile_index": 0.0, "autotile": 0.0 }, "736_512": { "flipX": 1.0, "flipY": 1.0, "tileset": "tiles_shouse", "coord": [ 1.0, 1.0 ], "autotile_index": 0.0, "autotile": 0.0 }, "704_512": { "flipX": 1.0, "flipY": 1.0, "tileset": "tiles_shouse", "coord": [ 1.0, 1.0 ], "autotile_index": 0.0, "autotile": 0.0 }, "768_512": { "flipX": 1.0, "flipY": 1.0, "tileset": "tiles_shouse", "coord": [ 1.0, 1.0 ], "autotile_index": 0.0, "autotile": 0.0 }, "832_480": { "flipX": 1.0, "flipY": 1.0, "tileset": "tiles_shouse", "coord": [ 1.0, 0.0 ], "autotile_index": 0.0, "autotile": 0.0 }, "608_512": { "flipX": 1.0, "flipY": 1.0, "tileset": "tiles_shouse", "coord": [ 1.0, 1.0 ], "autotile_index": 0.0, "autotile": 0.0 }, "896_512": { "flipX": 1.0, "flipY": 1.0, "tileset": "tiles_shouse", "coord": [ 1.0, 1.0 ], "autotile_index": 0.0, "autotile": 0.0 }, "640_480": { "flipX": 1.0, "flipY": 1.0, "tileset": "tiles_shouse", "coord": [ 1.0, 0.0 ], "autotile_index": 0.0, "autotile": 0.0 }, "704_480": { "flipX": 1.0, "flipY": 1.0, "tileset": "tiles_shouse", "coord": [ 1.0, 0.0 ], "autotile_index": 0.0, "autotile": 0.0 }, "1056_480": { "flipX": 1.0, "flipY": 1.0, "tileset": "tiles_shouse", "coord": [ 7.0, 1.0 ], "autotile_index": 0.0, "autotile": 0.0 } }, "5": { "1024_160": { "flipX": 1.0, "flipY": 1.0, "tileset": "tile_graveyard2", "coord": [ 10.0, 4.0 ], "autotile_index": 1.0, "autotile": 1.0 }, "160_384": { "flipX": 1.0, "flipY": 1.0, "tileset": "tiles_doors", "coord": [ 18.0, 14.0 ], "autotile_index": 0.0, "autotile": 0.0 }, "512_96": { "flipX": 1.0, "flipY": 1.0, "tileset": "tile_graveyard2", "coord": [ 11.0, 2.0 ], "autotile_index": 1.0, "autotile": 1.0 }, "320_0": { "flipX": 1.0, "flipY": 1.0, "tileset": "tile_graveyard2", "coord": [ 11.0, 2.0 ], "autotile_index": 1.0, "autotile": 1.0 }, "224_480": { "flipX": 1.0, "flipY": 1.0, "tileset": "tile_graveyard2", "coord": [ 10.0, 0.0 ], "autotile_index": 1.0, "autotile": 1.0 }, "32_448": { "flipX": 1.0, "flipY": 1.0, "tileset": "tile_graveyard2", "coord": [ 13.0, 2.0 ], "autotile_index": 1.0, "autotile": 1.0 }, "1088_0": { "flipX": 1.0, "flipY": 1.0, "tileset": "tile_graveyard2", "coord": [ 11.0, 2.0 ], "autotile_index": 1.0, "autotile": 1.0 }, "352_32": { "flipX": 1.0, "flipY": 1.0, "tileset": "tile_graveyard2", "coord": [ 11.0, 2.0 ], "autotile_index": 1.0, "autotile": 1.0 }, "1376_512": { "flipX": 1.0, "flipY": 1.0, "tileset": "tile_graveyard2", "coord": [ 11.0, 1.0 ], "autotile_index": 1.0, "autotile": 1.0 }, "0_256": { "flipX": 1.0, "flipY": 1.0, "tileset": "tile_graveyard2", "coord": [ 12.0, 2.0 ], "autotile_index": 1.0, "autotile": 1.0 }, "480_0": { "flipX": 1.0, "flipY": 1.0, "tileset": "tile_graveyard2", "coord": [ 11.0, 2.0 ], "autotile_index": 1.0, "autotile": 1.0 }, "1568_192": { "flipX": 1.0, "flipY": 1.0, "tileset": "tile_graveyard2", "coord": [ 11.0, 2.0 ], "autotile_index": 1.0, "autotile": 1.0 }, "960_128": { "flipX": 1.0, "flipY": 1.0, "tileset": "tile_graveyard2", "coord": [ 11.0, 3.0 ], "autotile_index": 1.0, "autotile": 1.0 }, "160_96": { "flipX": 1.0, "flipY": 1.0, "tileset": "tile_graveyard2", "coord": [ 11.0, 2.0 ], "autotile_index": 1.0, "autotile": 1.0 }, "0_224": { "flipX": 1.0, "flipY": 1.0, "tileset": "tile_graveyard2", "coord": [ 12.0, 2.0 ], "autotile_index": 1.0, "autotile": 1.0 }, "1184_128": { "flipX": 1.0, "flipY": 1.0, "tileset": "tile_graveyard2", "coord": [ 11.0, 3.0 ], "autotile_index": 1.0, "autotile": 1.0 }, "1568_352": { "flipX": 1.0, "flipY": 1.0, "tileset": "tile_graveyard2", "coord": [ 11.0, 3.0 ], "autotile_index": 1.0, "autotile": 1.0 }, "928_0": { "flipX": 1.0, "flipY": 1.0, "tileset": "tile_graveyard2", "coord": [ 11.0, 2.0 ], "autotile_index": 1.0, "autotile": 1.0 }, "1312_96": { "flipX": 1.0, "flipY": 1.0, "tileset": "tile_graveyard2", "coord": [ 11.0, 2.0 ], "autotile_index": 1.0, "autotile": 1.0 }, "224_384": { "flipX": 1.0, "flipY": 1.0, "tileset": "tiles_doors", "coord": [ 20.0, 14.0 ], "autotile_index": 0.0, "autotile": 0.0 }, "224_128": { "flipX": 1.0, "flipY": 1.0, "tileset": "tile_graveyard2", "coord": [ 11.0, 3.0 ], "autotile_index": 1.0, "autotile": 1.0 }, "1600_128": { "flipX": 1.0, "flipY": 1.0, "tileset": "tile_graveyard2", "coord": [ 11.0, 2.0 ], "autotile_index": 1.0, "autotile": 1.0 }, "1152_480": { "flipX": 1.0, "flipY": 1.0, "tileset": "tile_graveyard2", "coord": [ 12.0, 0.0 ], "autotile_index": 1.0, "autotile": 1.0 }, "1344_0": { "flipX": 1.0, "flipY": 1.0, "tileset": "tile_graveyard2", "coord": [ 11.0, 2.0 ], "autotile_index": 1.0, "autotile": 1.0 }, "1088_32": { "flipX": 1.0, "flipY": 1.0, "tileset": "tile_graveyard2", "coord": [ 11.0, 2.0 ], "autotile_index": 1.0, "autotile": 1.0 }, "832_0": { "flipX": 1.0, "flipY": 1.0, "tileset": "tile_graveyard2", "coord": [ 11.0, 2.0 ], "autotile_index": 1.0, "autotile": 1.0 }, "1568_288": { "flipX": 1.0, "flipY": 1.0, "tileset": "tile_graveyard2", "coord": [ 11.0, 2.0 ], "autotile_index": 1.0, "autotile": 1.0 }, "160_320": { "flipX": 1.0, "flipY": 1.0, "tileset": "tiles_doors", "coord": [ 18.0, 12.0 ], "autotile_index": 0.0, "autotile": 0.0 }, "736_96": { "flipX": 1.0, "flipY": 1.0, "tileset": "tile_graveyard2", "coord": [ 11.0, 2.0 ], "autotile_index": 1.0, "autotile": 1.0 }, "224_512": { "flipX": 1.0, "flipY": 1.0, "tileset": "tile_graveyard2", "coord": [ 11.0, 1.0 ], "autotile_index": 1.0, "autotile": 1.0 }, "1472_384": { "flipX": 1.0, "flipY": 1.0, "tileset": "tile_graveyard2", "coord": [ 9.0, 4.0 ], "autotile_index": 1.0, "autotile": 1.0 }, "576_0": { "flipX": 1.0, "flipY": 1.0, "tileset": "tile_graveyard2", "coord": [ 11.0, 2.0 ], "autotile_index": 1.0, "autotile": 1.0 }, "288_96": { "flipX": 1.0, "flipY": 1.0, "tileset": "tile_graveyard2", "coord": [ 11.0, 2.0 ], "autotile_index": 1.0, "autotile": 1.0 }, "1408_0": { "flipX": 1.0, "flipY": 1.0, "tileset": "tile_graveyard2", "coord": [ 11.0, 2.0 ], "autotile_index": 1.0, "autotile": 1.0 }, "128_512": { "flipX": 1.0, "flipY": 1.0, "tileset": "tile_graveyard2", "coord": [ 11.0, 1.0 ], "autotile_index": 1.0, "autotile": 1.0 }, "480_32": { "flipX": 1.0, "flipY": 1.0, "tileset": "tile_graveyard2", "coord": [ 11.0, 2.0 ], "autotile_index": 1.0, "autotile": 1.0 }, "1216_480": { "flipX": 1.0, "flipY": 1.0, "tileset": "tile_graveyard2", "coord": [ 12.0, 0.0 ], "autotile_index": 1.0, "autotile": 1.0 }, "64_160": { "flipX": 1.0, "flipY": 1.0, "tileset": "tile_graveyard2", "coord": [ 11.0, 4.0 ], "autotile_index": 1.0, "autotile": 1.0 }, "992_160": { "flipX": 1.0, "flipY": 1.0, "tileset": "tile_graveyard2", "coord": [ 10.0, 4.0 ], "autotile_index": 1.0, "autotile": 1.0 }, "832_64": { "flipX": 1.0, "flipY": 1.0, "tileset": "tile_graveyard2", "coord": [ 11.0, 2.0 ], "autotile_index": 1.0, "autotile": 1.0 }, "288_480": { "flipX": 1.0, "flipY": 1.0, "tileset": "tile_graveyard2", "coord": [ 10.0, 0.0 ], "autotile_index": 1.0, "autotile": 1.0 }, "1408_32": { "flipX": 1.0, "flipY": 1.0, "tileset": "tile_graveyard2", "coord": [ 11.0, 2.0 ], "autotile_index": 1.0, "autotile": 1.0 }, "1024_0": { "flipX": 1.0, "flipY": 1.0, "tileset": "tile_graveyard2", "coord": [ 11.0, 2.0 ], "autotile_index": 1.0, "autotile": 1.0 }, "1408_160": { "flipX": 1.0, "flipY": 1.0, "tileset": "tile_graveyard2", "coord": [ 10.0, 4.0 ], "autotile_index": 1.0, "autotile": 1.0 }, "1088_480": { "flipX": 1.0, "flipY": 1.0, "tileset": "tile_graveyard2", "coord": [ 9.0, 0.0 ], "autotile_index": 1.0, "autotile": 1.0 }, "1056_64": { "flipX": 1.0, "flipY": 1.0, "tileset": "tile_graveyard2", "coord": [ 11.0, 2.0 ], "autotile_index": 1.0, "autotile": 1.0 }, "1184_32": { "flipX": 1.0, "flipY": 1.0, "tileset": "tile_graveyard2", "coord": [ 11.0, 2.0 ], "autotile_index": 1.0, "autotile": 1.0 }, "1600_288": { "flipX": 1.0, "flipY": 1.0, "tileset": "tile_graveyard2", "coord": [ 11.0, 2.0 ], "autotile_index": 1.0, "autotile": 1.0 }, "224_160": { "flipX": 1.0, "flipY": 1.0, "tileset": "tile_graveyard2", "coord": [ 10.0, 4.0 ], "autotile_index": 1.0, "autotile": 1.0 }, "608_160": { "flipX": 1.0, "flipY": 1.0, "tileset": "tile_graveyard2", "coord": [ 10.0, 4.0 ], "autotile_index": 1.0, "autotile": 1.0 }, "1344_160": { "flipX": 1.0, "flipY": 1.0, "tileset": "tile_graveyard2", "coord": [ 12.0, 4.0 ], "autotile_index": 1.0, "autotile": 1.0 }, "1600_224": { "flipX": 1.0, "flipY": 1.0, "tileset": "tile_graveyard2", "coord": [ 11.0, 2.0 ], "autotile_index": 1.0, "autotile": 1.0 }, "992_128": { "flipX": 1.0, "flipY": 1.0, "tileset": "tile_graveyard2", "coord": [ 11.0, 3.0 ], "autotile_index": 1.0, "autotile": 1.0 }, "1600_512": { "flipX": 1.0, "flipY": 1.0, "tileset": "tile_graveyard2", "coord": [ 11.0, 1.0 ], "autotile_index": 1.0, "autotile": 1.0 }, "1088_512": { "flipX": 1.0, "flipY": 1.0, "tileset": "tile_graveyard2", "coord": [ 9.0, 1.0 ], "autotile_index": 1.0, "autotile": 1.0 }, "544_128": { "flipX": 1.0, "flipY": 1.0, "tileset": "tile_graveyard2", "coord": [ 11.0, 3.0 ], "autotile_index": 1.0, "autotile": 1.0 }, "1472_224": { "flipX": 1.0, "flipY": 1.0, "tileset": "tile_graveyard2", "coord": [ 9.0, 2.0 ], "autotile_index": 1.0, "autotile": 1.0 }, "1536_320": { "flipX": 1.0, "flipY": 1.0, "tileset": "tile_graveyard2", "coord": [ 11.0, 2.0 ], "autotile_index": 1.0, "autotile": 1.0 }, "1376_32": { "flipX": 1.0, "flipY": 1.0, "tileset": "tile_graveyard2", "coord": [ 11.0, 2.0 ], "autotile_index": 1.0, "autotile": 1.0 }, "1152_128": { "flipX": 1.0, "flipY": 1.0, "tileset": "tile_graveyard2", "coord": [ 11.0, 3.0 ], "autotile_index": 1.0, "autotile": 1.0 }, "832_160": { "flipX": 1.0, "flipY": 1.0, "tileset": "tile_graveyard2", "coord": [ 12.0, 4.0 ], "autotile_index": 1.0, "autotile": 1.0 }, "192_512": { "flipX": 1.0, "flipY": 1.0, "tileset": "tile_graveyard2", "coord": [ 11.0, 1.0 ], "autotile_index": 1.0, "autotile": 1.0 }, "192_0": { "flipX": 1.0, "flipY": 1.0, "tileset": "tile_graveyard2", "coord": [ 11.0, 2.0 ], "autotile_index": 1.0, "autotile": 1.0 }, "576_64": { "flipX": 1.0, "flipY": 1.0, "tileset": "tile_graveyard2", "coord": [ 11.0, 2.0 ], "autotile_index": 1.0, "autotile": 1.0 }, "192_384": { "flipX": 1.0, "flipY": 1.0, "tileset": "tiles_doors", "coord": [ 19.0, 14.0 ], "autotile_index": 0.0, "autotile": 0.0 }, "1600_0": { "flipX": 1.0, "flipY": 1.0, "tileset": "tile_graveyard2", "coord": [ 11.0, 2.0 ], "autotile_index": 1.0, "autotile": 1.0 }, "1184_96": { "flipX": 1.0, "flipY": 1.0, "tileset": "tile_graveyard2", "coord": [ 11.0, 2.0 ], "autotile_index": 1.0, "autotile": 1.0 }, "1568_32": { "flipX": 1.0, "flipY": 1.0, "tileset": "tile_graveyard2", "coord": [ 11.0, 2.0 ], "autotile_index": 1.0, "autotile": 1.0 }, "1568_64": { "flipX": 1.0, "flipY": 1.0, "tileset": "tile_graveyard2", "coord": [ 11.0, 2.0 ], "autotile_index": 1.0, "autotile": 1.0 }, "96_64": { "flipX": 1.0, "flipY": 1.0, "tileset": "tile_graveyard2", "coord": [ 11.0, 2.0 ], "autotile_index": 1.0, "autotile": 1.0 }, "1600_96": { "flipX": 1.0, "flipY": 1.0, "tileset": "tile_graveyard2", "coord": [ 11.0, 2.0 ], "autotile_index": 1.0, "autotile": 1.0 }, "352_96": { "flipX": 1.0, "flipY": 1.0, "tileset": "tile_graveyard2", "coord": [ 11.0, 2.0 ], "autotile_index": 1.0, "autotile": 1.0 }, "1312_160": { "flipX": 1.0, "flipY": 1.0, "tileset": "tile_graveyard2", "coord": [ 10.0, 4.0 ], "autotile_index": 1.0, "autotile": 1.0 }, "704_0": { "flipX": 1.0, "flipY": 1.0, "tileset": "tile_graveyard2", "coord": [ 11.0, 2.0 ], "autotile_index": 1.0, "autotile": 1.0 }, "1536_128": { "flipX": 1.0, "flipY": 1.0, "tileset": "tile_graveyard2", "coord": [ 11.0, 2.0 ], "autotile_index": 1.0, "autotile": 1.0 }, "640_64": { "flipX": 1.0, "flipY": 1.0, "tileset": "tile_graveyard2", "coord": [ 11.0, 2.0 ], "autotile_index": 1.0, "autotile": 1.0 }, "1056_32": { "flipX": 1.0, "flipY": 1.0, "tileset": "tile_graveyard2", "coord": [ 11.0, 2.0 ], "autotile_index": 1.0, "autotile": 1.0 }, "416_512": { "flipX": 1.0, "flipY": 1.0, "tileset": "tile_graveyard2", "coord": [ 13.0, 1.0 ], "autotile_index": 1.0, "autotile": 1.0 }, "224_448": { "flipX": 1.0, "flipY": 1.0, "tileset": "tiles_doors", "coord": [ 20.0, 16.0 ], "autotile_index": 0.0, "autotile": 0.0 }, "1344_32": { "flipX": 1.0, "flipY": 1.0, "tileset": "tile_graveyard2", "coord": [ 11.0, 2.0 ], "autotile_index": 1.0, "autotile": 1.0 }, "0_352": { "flipX": 1.0, "flipY": 1.0, "tileset": "tile_graveyard2", "coord": [ 12.0, 2.0 ], "autotile_index": 1.0, "autotile": 1.0 }, "1536_256": { "flipX": 1.0, "flipY": 1.0, "tileset": "tile_graveyard2", "coord": [ 11.0, 2.0 ], "autotile_index": 1.0, "autotile": 1.0 }, "1568_512": { "flipX": 1.0, "flipY": 1.0, "tileset": "tile_graveyard2", "coord": [ 11.0, 1.0 ], "autotile_index": 1.0, "autotile": 1.0 }, "768_160": { "flipX": 1.0, "flipY": 1.0, "tileset": "tile_graveyard2", "coord": [ 12.0, 4.0 ], "autotile_index": 1.0, "autotile": 1.0 }, "1472_320": { "flipX": 1.0, "flipY": 1.0, "tileset": "tile_graveyard2", "coord": [ 9.0, 1.0 ], "autotile_index": 1.0, "autotile": 1.0 }, "64_480": { "flipX": 1.0, "flipY": 1.0, "tileset": "tile_graveyard2", "coord": [ 12.0, 0.0 ], "autotile_index": 1.0, "autotile": 1.0 }, "32_96": { "flipX": 1.0, "flipY": 1.0, "tileset": "tile_graveyard2", "coord": [ 11.0, 2.0 ], "autotile_index": 1.0, "autotile": 1.0 }, "1152_32": { "flipX": 1.0, "flipY": 1.0, "tileset": "tile_graveyard2", "coord": [ 11.0, 2.0 ], "autotile_index": 1.0, "autotile": 1.0 }, "544_160": { "flipX": 1.0, "flipY": 1.0, "tileset": "tile_graveyard2", "coord": [ 12.0, 4.0 ], "autotile_index": 1.0, "autotile": 1.0 }, "288_64": { "flipX": 1.0, "flipY": 1.0, "tileset": "tile_graveyard2", "coord": [ 11.0, 2.0 ], "autotile_index": 1.0, "autotile": 1.0 }, "768_128": { "flipX": 1.0, "flipY": 1.0, "tileset": "tile_graveyard2", "coord": [ 11.0, 3.0 ], "autotile_index": 1.0, "autotile": 1.0 }, "32_64": { "flipX": 1.0, "flipY": 1.0, "tileset": "tile_graveyard2", "coord": [ 11.0, 2.0 ], "autotile_index": 1.0, "autotile": 1.0 }, "288_128": { "flipX": 1.0, "flipY": 1.0, "tileset": "tile_graveyard2", "coord": [ 11.0, 3.0 ], "autotile_index": 1.0, "autotile": 1.0 }, "1408_96": { "flipX": 1.0, "flipY": 1.0, "tileset": "tile_graveyard2", "coord": [ 11.0, 2.0 ], "autotile_index": 1.0, "autotile": 1.0 }, "1408_64": { "flipX": 1.0, "flipY": 1.0, "tileset": "tile_graveyard2", "coord": [ 11.0, 2.0 ], "autotile_index": 1.0, "autotile": 1.0 }, "416_64": { "flipX": 1.0, "flipY": 1.0, "tileset": "tile_graveyard2", "coord": [ 11.0, 2.0 ], "autotile_index": 1.0, "autotile": 1.0 }, "1600_352": { "flipX": 1.0, "flipY": 1.0, "tileset": "tile_graveyard2", "coord": [ 11.0, 3.0 ], "autotile_index": 1.0, "autotile": 1.0 }, "1504_512": { "flipX": 1.0, "flipY": 1.0, "tileset": "tile_graveyard2", "coord": [ 11.0, 1.0 ], "autotile_index": 1.0, "autotile": 1.0 }, "960_160": { "flipX": 1.0, "flipY": 1.0, "tileset": "tile_graveyard2", "coord": [ 11.0, 4.0 ], "autotile_index": 1.0, "autotile": 1.0 }, "1152_96": { "flipX": 1.0, "flipY": 1.0, "tileset": "tile_graveyard2", "coord": [ 11.0, 2.0 ], "autotile_index": 1.0, "autotile": 1.0 }, "0_64": { "flipX": 1.0, "flipY": 1.0, "tileset": "tile_graveyard2", "coord": [ 11.0, 2.0 ], "autotile_index": 1.0, "autotile": 1.0 }, "288_32": { "flipX": 1.0, "flipY": 1.0, "tileset": "tile_graveyard2", "coord": [ 11.0, 2.0 ], "autotile_index": 1.0, "autotile": 1.0 }, "64_32": { "flipX": 1.0, "flipY": 1.0, "tileset": "tile_graveyard2", "coord": [ 11.0, 2.0 ], "autotile_index": 1.0, "autotile": 1.0 }, "192_96": { "flipX": 1.0, "flipY": 1.0, "tileset": "tile_graveyard2", "coord": [ 11.0, 2.0 ], "autotile_index": 1.0, "autotile": 1.0 }, "0_96": { "flipX": 1.0, "flipY": 1.0, "tileset": "tile_graveyard2", "coord": [ 11.0, 2.0 ], "autotile_index": 1.0, "autotile": 1.0 }, "800_96": { "flipX": 1.0, "flipY": 1.0, "tileset": "tile_graveyard2", "coord": [ 11.0, 2.0 ], "autotile_index": 1.0, "autotile": 1.0 }, "736_0": { "flipX": 1.0, "flipY": 1.0, "tileset": "tile_graveyard2", "coord": [ 11.0, 2.0 ], "autotile_index": 1.0, "autotile": 1.0 }, "64_0": { "flipX": 1.0, "flipY": 1.0, "tileset": "tile_graveyard2", "coord": [ 11.0, 2.0 ], "autotile_index": 1.0, "autotile": 1.0 }, "1280_64": { "flipX": 1.0, "flipY": 1.0, "tileset": "tile_graveyard2", "coord": [ 11.0, 2.0 ], "autotile_index": 1.0, "autotile": 1.0 }, "256_160": { "flipX": 1.0, "flipY": 1.0, "tileset": "tile_graveyard2", "coord": [ 12.0, 4.0 ], "autotile_index": 1.0, "autotile": 1.0 }, "288_0": { "flipX": 1.0, "flipY": 1.0, "tileset": "tile_graveyard2", "coord": [ 11.0, 2.0 ], "autotile_index": 1.0, "autotile": 1.0 }, "1120_0": { "flipX": 1.0, "flipY": 1.0, "tileset": "tile_graveyard2", "coord": [ 11.0, 2.0 ], "autotile_index": 1.0, "autotile": 1.0 }, "1024_128": { "flipX": 1.0, "flipY": 1.0, "tileset": "tile_graveyard2", "coord": [ 11.0, 3.0 ], "autotile_index": 1.0, "autotile": 1.0 }, "928_128": { "flipX": 1.0, "flipY": 1.0, "tileset": "tile_graveyard2", "coord": [ 11.0, 3.0 ], "autotile_index": 1.0, "autotile": 1.0 }, "1120_480": { "flipX": 1.0, "flipY": 1.0, "tileset": "tile_graveyard2", "coord": [ 11.0, 0.0 ], "autotile_index": 1.0, "autotile": 1.0 }, "1536_192": { "flipX": 1.0, "flipY": 1.0, "tileset": "tile_graveyard2", "coord": [ 11.0, 2.0 ], "autotile_index": 1.0, "autotile": 1.0 }, "608_32": { "flipX": 1.0, "flipY": 1.0, "tileset": "tile_graveyard2", "coord": [ 11.0, 2.0 ], "autotile_index": 1.0, "autotile": 1.0 }, "1536_160": { "flipX": 1.0, "flipY": 1.0, "tileset": "tile_graveyard2", "coord": [ 11.0, 2.0 ], "autotile_index": 1.0, "autotile": 1.0 }, "800_128": { "flipX": 1.0, "flipY": 1.0, "tileset": "tile_graveyard2", "coord": [ 11.0, 3.0 ], "autotile_index": 1.0, "autotile": 1.0 }, "416_0": { "flipX": 1.0, "flipY": 1.0, "tileset": "tile_graveyard2", "coord": [ 11.0, 2.0 ], "autotile_index": 1.0, "autotile": 1.0 }, "1504_480": { "flipX": 1.0, "flipY": 1.0, "tileset": "tile_graveyard2", "coord": [ 12.0, 0.0 ], "autotile_index": 1.0, "autotile": 1.0 }, "672_64": { "flipX": 1.0, "flipY": 1.0, "tileset": "tile_graveyard2", "coord": [ 11.0, 2.0 ], "autotile_index": 1.0, "autotile": 1.0 }, "1312_64": { "flipX": 1.0, "flipY": 1.0, "tileset": "tile_graveyard2", "coord": [ 11.0, 2.0 ], "autotile_index": 1.0, "autotile": 1.0 }, "480_160": { "flipX": 1.0, "flipY": 1.0, "tileset": "tile_graveyard2", "coord": [ 11.0, 4.0 ], "autotile_index": 1.0, "autotile": 1.0 }, "64_64": { "flipX": 1.0, "flipY": 1.0, "tileset": "tile_graveyard2", "coord": [ 11.0, 2.0 ], "autotile_index": 1.0, "autotile": 1.0 }, "416_96": { "flipX": 1.0, "flipY": 1.0, "tileset": "tile_graveyard2", "coord": [ 11.0, 2.0 ], "autotile_index": 1.0, "autotile": 1.0 }, "192_160": { "flipX": 1.0, "flipY": 1.0, "tileset": "tile_graveyard2", "coord": [ 11.0, 4.0 ], "autotile_index": 1.0, "autotile": 1.0 }, "0_128": { "flipX": 1.0, "flipY": 1.0, "tileset": "tile_graveyard2", "coord": [ 4.0, 8.0 ], "autotile_index": 1.0, "autotile": 1.0 }, "192_128": { "flipX": 1.0, "flipY": 1.0, "tileset": "tile_graveyard2", "coord": [ 11.0, 3.0 ], "autotile_index": 1.0, "autotile": 1.0 }, "32_256": { "flipX": 1.0, "flipY": 1.0, "tileset": "tile_graveyard2", "coord": [ 13.0, 2.0 ], "autotile_index": 1.0, "autotile": 1.0 }, "32_320": { "flipX": 1.0, "flipY": 1.0, "tileset": "tile_graveyard2", "coord": [ 13.0, 1.0 ], "autotile_index": 1.0, "autotile": 1.0 }, "32_512": { "flipX": 1.0, "flipY": 1.0, "tileset": "tile_graveyard2", "coord": [ 11.0, 1.0 ], "autotile_index": 1.0, "autotile": 1.0 }, "224_96": { "flipX": 1.0, "flipY": 1.0, "tileset": "tile_graveyard2", "coord": [ 11.0, 2.0 ], "autotile_index": 1.0, "autotile": 1.0 }, "256_512": { "flipX": 1.0, "flipY": 1.0, "tileset": "tile_graveyard2", "coord": [ 11.0, 1.0 ], "autotile_index": 1.0, "autotile": 1.0 }, "352_128": { "flipX": 1.0, "flipY": 1.0, "tileset": "tile_graveyard2", "coord": [ 11.0, 3.0 ], "autotile_index": 1.0, "autotile": 1.0 }, "544_32": { "flipX": 1.0, "flipY": 1.0, "tileset": "tile_graveyard2", "coord": [ 11.0, 2.0 ], "autotile_index": 1.0, "autotile": 1.0 }, "480_96": { "flipX": 1.0, "flipY": 1.0, "tileset": "tile_graveyard2", "coord": [ 11.0, 2.0 ], "autotile_index": 1.0, "autotile": 1.0 }, "640_32": { "flipX": 1.0, "flipY": 1.0, "tileset": "tile_graveyard2", "coord": [ 11.0, 2.0 ], "autotile_index": 1.0, "autotile": 1.0 }, "672_32": { "flipX": 1.0, "flipY": 1.0, "tileset": "tile_graveyard2", "coord": [ 11.0, 2.0 ], "autotile_index": 1.0, "autotile": 1.0 }, "1152_160": { "flipX": 1.0, "flipY": 1.0, "tileset": "tile_graveyard2", "coord": [ 12.0, 4.0 ], "autotile_index": 1.0, "autotile": 1.0 }, "1024_32": { "flipX": 1.0, "flipY": 1.0, "tileset": "tile_graveyard2", "coord": [ 11.0, 2.0 ], "autotile_index": 1.0, "autotile": 1.0 }, "448_96": { "flipX": 1.0, "flipY": 1.0, "tileset": "tile_graveyard2", "coord": [ 11.0, 2.0 ], "autotile_index": 1.0, "autotile": 1.0 }, "1440_32": { "flipX": 1.0, "flipY": 1.0, "tileset": "tile_graveyard2", "coord": [ 11.0, 2.0 ], "autotile_index": 1.0, "autotile": 1.0 }, "224_0": { "flipX": 1.0, "flipY": 1.0, "tileset": "tile_graveyard2", "coord": [ 11.0, 2.0 ], "autotile_index": 1.0, "autotile": 1.0 }, "960_64": { "flipX": 1.0, "flipY": 1.0, "tileset": "tile_graveyard2", "coord": [ 11.0, 2.0 ], "autotile_index": 1.0, "autotile": 1.0 }, "160_160": { "flipX": 1.0, "flipY": 1.0, "tileset": "tile_graveyard2", "coord": [ 10.0, 4.0 ], "autotile_index": 1.0, "autotile": 1.0 }, "448_0": { "flipX": 1.0, "flipY": 1.0, "tileset": "tile_graveyard2", "coord": [ 11.0, 2.0 ], "autotile_index": 1.0, "autotile": 1.0 }, "192_320": { "flipX": 1.0, "flipY": 1.0, "tileset": "tiles_doors", "coord": [ 19.0, 12.0 ], "autotile_index": 0.0, "autotile": 0.0 }, "960_0": { "flipX": 1.0, "flipY": 1.0, "tileset": "tile_graveyard2", "coord": [ 11.0, 2.0 ], "autotile_index": 1.0, "autotile": 1.0 }, "96_160": { "flipX": 1.0, "flipY": 1.0, "tileset": "tile_graveyard2", "coord": [ 10.0, 4.0 ], "autotile_index": 1.0, "autotile": 1.0 }, "1184_160": { "flipX": 1.0, "flipY": 1.0, "tileset": "tile_graveyard2", "coord": [ 11.0, 4.0 ], "autotile_index": 1.0, "autotile": 1.0 }, "608_0": { "flipX": 1.0, "flipY": 1.0, "tileset": "tile_graveyard2", "coord": [ 11.0, 2.0 ], "autotile_index": 1.0, "autotile": 1.0 }, "0_384": { "flipX": 1.0, "flipY": 1.0, "tileset": "tile_graveyard2", "coord": [ 12.0, 2.0 ], "autotile_index": 1.0, "autotile": 1.0 }, "160_448": { "flipX": 1.0, "flipY": 1.0, "tileset": "tiles_doors", "coord": [ 18.0, 16.0 ], "autotile_index": 0.0, "autotile": 0.0 }, "1472_288": { "flipX": 1.0, "flipY": 1.0, "tileset": "tile_graveyard2", "coord": [ 9.0, 3.0 ], "autotile_index": 1.0, "autotile": 1.0 }, "1248_96": { "flipX": 1.0, "flipY": 1.0, "tileset": "tile_graveyard2", "coord": [ 11.0, 2.0 ], "autotile_index": 1.0, "autotile": 1.0 }, "864_64": { "flipX": 1.0, "flipY": 1.0, "tileset": "tile_graveyard2", "coord": [ 11.0, 2.0 ], "autotile_index": 1.0, "autotile": 1.0 }, "384_0": { "flipX": 1.0, "flipY": 1.0, "tileset": "tile_graveyard2", "coord": [ 11.0, 2.0 ], "autotile_index": 1.0, "autotile": 1.0 }, "160_416": { "flipX": 1.0, "flipY": 1.0, "tileset": "tiles_doors", "coord": [ 18.0, 15.0 ], "autotile_index": 0.0, "autotile": 0.0 }, "256_96": { "flipX": 1.0, "flipY": 1.0, "tileset": "tile_graveyard2", "coord": [ 11.0, 2.0 ], "autotile_index": 1.0, "autotile": 1.0 }, "1408_128": { "flipX": 1.0, "flipY": 1.0, "tileset": "tile_graveyard2", "coord": [ 11.0, 3.0 ], "autotile_index": 1.0, "autotile": 1.0 }, "1248_128": { "flipX": 1.0, "flipY": 1.0, "tileset": "tile_graveyard2", "coord": [ 11.0, 3.0 ], "autotile_index": 1.0, "autotile": 1.0 }, "928_32": { "flipX": 1.0, "flipY": 1.0, "tileset": "tile_graveyard2", "coord": [ 11.0, 2.0 ], "autotile_index": 1.0, "autotile": 1.0 }, "128_64": { "flipX": 1.0, "flipY": 1.0, "tileset": "tile_graveyard2", "coord": [ 11.0, 2.0 ], "autotile_index": 1.0, "autotile": 1.0 }, "1120_64": { "flipX": 1.0, "flipY": 1.0, "tileset": "tile_graveyard2", "coord": [ 11.0, 2.0 ], "autotile_index": 1.0, "autotile": 1.0 }, "1184_480": { "flipX": 1.0, "flipY": 1.0, "tileset": "tile_graveyard2", "coord": [ 11.0, 0.0 ], "autotile_index": 1.0, "autotile": 1.0 }, "128_480": { "flipX": 1.0, "flipY": 1.0, "tileset": "tile_graveyard2", "coord": [ 12.0, 0.0 ], "autotile_index": 1.0, "autotile": 1.0 }, "0_192": { "flipX": 1.0, "flipY": 1.0, "tileset": "tile_graveyard2", "coord": [ 12.0, 2.0 ], "autotile_index": 1.0, "autotile": 1.0 }, "928_160": { "flipX": 1.0, "flipY": 1.0, "tileset": "tile_graveyard2", "coord": [ 11.0, 4.0 ], "autotile_index": 1.0, "autotile": 1.0 }, "160_0": { "flipX": 1.0, "flipY": 1.0, "tileset": "tile_graveyard2", "coord": [ 11.0, 2.0 ], "autotile_index": 1.0, "autotile": 1.0 }, "1248_64": { "flipX": 1.0, "flipY": 1.0, "tileset": "tile_graveyard2", "coord": [ 11.0, 2.0 ], "autotile_index": 1.0, "autotile": 1.0 }, "448_160": { "flipX": 1.0, "flipY": 1.0, "tileset": "tile_graveyard2", "coord": [ 11.0, 4.0 ], "autotile_index": 1.0, "autotile": 1.0 }, "992_0": { "flipX": 1.0, "flipY": 1.0, "tileset": "tile_graveyard2", "coord": [ 11.0, 2.0 ], "autotile_index": 1.0, "autotile": 1.0 }, "1568_128": { "flipX": 1.0, "flipY": 1.0, "tileset": "tile_graveyard2", "coord": [ 11.0, 2.0 ], "autotile_index": 1.0, "autotile": 1.0 }, "320_160": { "flipX": 1.0, "flipY": 1.0, "tileset": "tile_graveyard2", "coord": [ 10.0, 4.0 ], "autotile_index": 1.0, "autotile": 1.0 }, "1504_192": { "flipX": 1.0, "flipY": 1.0, "tileset": "tile_graveyard2", "coord": [ 10.0, 2.0 ], "autotile_index": 1.0, "autotile": 1.0 }, "1440_480": { "flipX": 1.0, "flipY": 1.0, "tileset": "tile_graveyard2", "coord": [ 10.0, 0.0 ], "autotile_index": 1.0, "autotile": 1.0 }, "800_32": { "flipX": 1.0, "flipY": 1.0, "tileset": "tile_graveyard2", "coord": [ 11.0, 2.0 ], "autotile_index": 1.0, "autotile": 1.0 }, "1504_352": { "flipX": 1.0, "flipY": 1.0, "tileset": "tile_graveyard2", "coord": [ 10.0, 3.0 ], "autotile_index": 1.0, "autotile": 1.0 }, "1600_32": { "flipX": 1.0, "flipY": 1.0, "tileset": "tile_graveyard2", "coord": [ 11.0, 2.0 ], "autotile_index": 1.0, "autotile": 1.0 }, "864_32": { "flipX": 1.0, "flipY": 1.0, "tileset": "tile_graveyard2", "coord": [ 11.0, 2.0 ], "autotile_index": 1.0, "autotile": 1.0 }, "0_0": { "flipX": 1.0, "flipY": 1.0, "tileset": "tile_graveyard2", "coord": [ 11.0, 2.0 ], "autotile_index": 1.0, "autotile": 1.0 }, "864_96": { "flipX": 1.0, "flipY": 1.0, "tileset": "tile_graveyard2", "coord": [ 11.0, 2.0 ], "autotile_index": 1.0, "autotile": 1.0 }, "1344_480": { "flipX": 1.0, "flipY": 1.0, "tileset": "tile_graveyard2", "coord": [ 10.0, 0.0 ], "autotile_index": 1.0, "autotile": 1.0 }, "864_160": { "flipX": 1.0, "flipY": 1.0, "tileset": "tile_graveyard2", "coord": [ 11.0, 4.0 ], "autotile_index": 1.0, "autotile": 1.0 }, "160_128": { "flipX": 1.0, "flipY": 1.0, "tileset": "tile_graveyard2", "coord": [ 11.0, 3.0 ], "autotile_index": 1.0, "autotile": 1.0 }, "672_160": { "flipX": 1.0, "flipY": 1.0, "tileset": "tile_graveyard2", "coord": [ 12.0, 4.0 ], "autotile_index": 1.0, "autotile": 1.0 }, "1472_96": { "flipX": 1.0, "flipY": 1.0, "tileset": "tile_graveyard2", "coord": [ 11.0, 2.0 ], "autotile_index": 1.0, "autotile": 1.0 }, "1216_160": { "flipX": 1.0, "flipY": 1.0, "tileset": "tile_graveyard2", "coord": [ 12.0, 4.0 ], "autotile_index": 1.0, "autotile": 1.0 }, "1440_64": { "flipX": 1.0, "flipY": 1.0, "tileset": "tile_graveyard2", "coord": [ 11.0, 2.0 ], "autotile_index": 1.0, "autotile": 1.0 }, "576_96": { "flipX": 1.0, "flipY": 1.0, "tileset": "tile_graveyard2", "coord": [ 11.0, 2.0 ], "autotile_index": 1.0, "autotile": 1.0 }, "384_32": { "flipX": 1.0, "flipY": 1.0, "tileset": "tile_graveyard2", "coord": [ 11.0, 2.0 ], "autotile_index": 1.0, "autotile": 1.0 }, "64_96": { "flipX": 1.0, "flipY": 1.0, "tileset": "tile_graveyard2", "coord": [ 11.0, 2.0 ], "autotile_index": 1.0, "autotile": 1.0 }, "512_64": { "flipX": 1.0, "flipY": 1.0, "tileset": "tile_graveyard2", "coord": [ 11.0, 2.0 ], "autotile_index": 1.0, "autotile": 1.0 }, "1472_352": { "flipX": 1.0, "flipY": 1.0, "tileset": "tile_graveyard2", "coord": [ 9.0, 3.0 ], "autotile_index": 1.0, "autotile": 1.0 }, "320_512": { "flipX": 1.0, "flipY": 1.0, "tileset": "tile_graveyard2", "coord": [ 11.0, 1.0 ], "autotile_index": 1.0, "autotile": 1.0 }, "832_96": { "flipX": 1.0, "flipY": 1.0, "tileset": "tile_graveyard2", "coord": [ 11.0, 2.0 ], "autotile_index": 1.0, "autotile": 1.0 }, "0_288": { "flipX": 1.0, "flipY": 1.0, "tileset": "tile_graveyard2", "coord": [ 12.0, 2.0 ], "autotile_index": 1.0, "autotile": 1.0 }, "352_160": { "flipX": 1.0, "flipY": 1.0, "tileset": "tile_graveyard2", "coord": [ 11.0, 4.0 ], "autotile_index": 1.0, "autotile": 1.0 }, "1600_480": { "flipX": 1.0, "flipY": 1.0, "tileset": "tile_graveyard2", "coord": [ 11.0, 0.0 ], "autotile_index": 1.0, "autotile": 1.0 }, "1024_64": { "flipX": 1.0, "flipY": 1.0, "tileset": "tile_graveyard2", "coord": [ 11.0, 2.0 ], "autotile_index": 1.0, "autotile": 1.0 }, "256_128": { "flipX": 1.0, "flipY": 1.0, "tileset": "tile_graveyard2", "coord": [ 11.0, 3.0 ], "autotile_index": 1.0, "autotile": 1.0 }, "896_64": { "flipX": 1.0, "flipY": 1.0, "tileset": "tile_graveyard2", "coord": [ 11.0, 2.0 ], "autotile_index": 1.0, "autotile": 1.0 }, "384_96": { "flipX": 1.0, "flipY": 1.0, "tileset": "tile_graveyard2", "coord": [ 11.0, 2.0 ], "autotile_index": 1.0, "autotile": 1.0 }, "1056_128": { "flipX": 1.0, "flipY": 1.0, "tileset": "tile_graveyard2", "coord": [ 11.0, 3.0 ], "autotile_index": 1.0, "autotile": 1.0 }, "512_0": { "flipX": 1.0, "flipY": 1.0, "tileset": "tile_graveyard2", "coord": [ 11.0, 2.0 ], "autotile_index": 1.0, "autotile": 1.0 }, "1280_160": { "flipX": 1.0, "flipY": 1.0, "tileset": "tile_graveyard2", "coord": [ 11.0, 4.0 ], "autotile_index": 1.0, "autotile": 1.0 }, "1408_512": { "flipX": 1.0, "flipY": 1.0, "tileset": "tile_graveyard2", "coord": [ 11.0, 1.0 ], "autotile_index": 1.0, "autotile": 1.0 }, "96_96": { "flipX": 1.0, "flipY": 1.0, "tileset": "tile_graveyard2", "coord": [ 11.0, 2.0 ], "autotile_index": 1.0, "autotile": 1.0 }, "896_160": { "flipX": 1.0, "flipY": 1.0, "tileset": "tile_graveyard2", "coord": [ 10.0, 4.0 ], "autotile_index": 1.0, "autotile": 1.0 }, "640_160": { "flipX": 1.0, "flipY": 1.0, "tileset": "tile_graveyard2", "coord": [ 10.0, 4.0 ], "autotile_index": 1.0, "autotile": 1.0 }, "800_64": { "flipX": 1.0, "flipY": 1.0, "tileset": "tile_graveyard2", "coord": [ 11.0, 2.0 ], "autotile_index": 1.0, "autotile": 1.0 }, "1152_0": { "flipX": 1.0, "flipY": 1.0, "tileset": "tile_graveyard2", "coord": [ 11.0, 2.0 ], "autotile_index": 1.0, "autotile": 1.0 }, "1120_512": { "flipX": 1.0, "flipY": 1.0, "tileset": "tile_graveyard2", "coord": [ 10.0, 1.0 ], "autotile_index": 1.0, "autotile": 1.0 }, "1568_320": { "flipX": 1.0, "flipY": 1.0, "tileset": "tile_graveyard2", "coord": [ 11.0, 2.0 ], "autotile_index": 1.0, "autotile": 1.0 }, "768_32": { "flipX": 1.0, "flipY": 1.0, "tileset": "tile_graveyard2", "coord": [ 11.0, 2.0 ], "autotile_index": 1.0, "autotile": 1.0 }, "1312_512": { "flipX": 1.0, "flipY": 1.0, "tileset": "tile_graveyard2", "coord": [ 11.0, 1.0 ], "autotile_index": 1.0, "autotile": 1.0 }, "1216_128": { "flipX": 1.0, "flipY": 1.0, "tileset": "tile_graveyard2", "coord": [ 11.0, 3.0 ], "autotile_index": 1.0, "autotile": 1.0 }, "0_320": { "flipX": 1.0, "flipY": 1.0, "tileset": "tile_graveyard2", "coord": [ 12.0, 2.0 ], "autotile_index": 1.0, "autotile": 1.0 }, "1600_384": { "flipX": 1.0, "flipY": 1.0, "tileset": "tile_graveyard2", "coord": [ 10.0, 4.0 ], "autotile_index": 1.0, "autotile": 1.0 }, "1312_32": { "flipX": 1.0, "flipY": 1.0, "tileset": "tile_graveyard2", "coord": [ 11.0, 2.0 ], "autotile_index": 1.0, "autotile": 1.0 }, "32_128": { "flipX": 1.0, "flipY": 1.0, "tileset": "tile_graveyard2", "coord": [ 11.0, 3.0 ], "autotile_index": 1.0, "autotile": 1.0 }, "160_64": { "flipX": 1.0, "flipY": 1.0, "tileset": "tile_graveyard2", "coord": [ 11.0, 2.0 ], "autotile_index": 1.0, "autotile": 1.0 }, "1568_256": { "flipX": 1.0, "flipY": 1.0, "tileset": "tile_graveyard2", "coord": [ 11.0, 2.0 ], "autotile_index": 1.0, "autotile": 1.0 }, "1536_96": { "flipX": 1.0, "flipY": 1.0, "tileset": "tile_graveyard2", "coord": [ 11.0, 2.0 ], "autotile_index": 1.0, "autotile": 1.0 }, "512_128": { "flipX": 1.0, "flipY": 1.0, "tileset": "tile_graveyard2", "coord": [ 11.0, 3.0 ], "autotile_index": 1.0, "autotile": 1.0 }, "1440_128": { "flipX": 1.0, "flipY": 1.0, "tileset": "tile_graveyard2", "coord": [ 11.0, 3.0 ], "autotile_index": 1.0, "autotile": 1.0 }, "1216_32": { "flipX": 1.0, "flipY": 1.0, "tileset": "tile_graveyard2", "coord": [ 11.0, 2.0 ], "autotile_index": 1.0, "autotile": 1.0 }, "1184_512": { "flipX": 1.0, "flipY": 1.0, "tileset": "tile_graveyard2", "coord": [ 11.0, 1.0 ], "autotile_index": 1.0, "autotile": 1.0 }, "544_96": { "flipX": 1.0, "flipY": 1.0, "tileset": "tile_graveyard2", "coord": [ 11.0, 2.0 ], "autotile_index": 1.0, "autotile": 1.0 }, "1376_0": { "flipX": 1.0, "flipY": 1.0, "tileset": "tile_graveyard2", "coord": [ 11.0, 2.0 ], "autotile_index": 1.0, "autotile": 1.0 }, "96_32": { "flipX": 1.0, "flipY": 1.0, "tileset": "tile_graveyard2", "coord": [ 11.0, 2.0 ], "autotile_index": 1.0, "autotile": 1.0 }, "1504_96": { "flipX": 1.0, "flipY": 1.0, "tileset": "tile_graveyard2", "coord": [ 11.0, 2.0 ], "autotile_index": 1.0, "autotile": 1.0 }, "864_128": { "flipX": 1.0, "flipY": 1.0, "tileset": "tile_graveyard2", "coord": [ 11.0, 3.0 ], "autotile_index": 1.0, "autotile": 1.0 }, "192_480": { "flipX": 1.0, "flipY": 1.0, "tileset": "tile_graveyard2", "coord": [ 11.0, 0.0 ], "autotile_index": 1.0, "autotile": 1.0 }, "576_160": { "flipX": 1.0, "flipY": 1.0, "tileset": "tile_graveyard2", "coord": [ 11.0, 4.0 ], "autotile_index": 1.0, "autotile": 1.0 }, "1504_64": { "flipX": 1.0, "flipY": 1.0, "tileset": "tile_graveyard2", "coord": [ 11.0, 2.0 ], "autotile_index": 1.0, "autotile": 1.0 }, "1024_96": { "flipX": 1.0, "flipY": 1.0, "tileset": "tile_graveyard2", "coord": [ 11.0, 2.0 ], "autotile_index": 1.0, "autotile": 1.0 }, "1120_32": { "flipX": 1.0, "flipY": 1.0, "tileset": "tile_graveyard2", "coord": [ 11.0, 2.0 ], "autotile_index": 1.0, "autotile": 1.0 }, "960_96": { "flipX": 1.0, "flipY": 1.0, "tileset": "tile_graveyard2", "coord": [ 11.0, 2.0 ], "autotile_index": 1.0, "autotile": 1.0 }, "1344_128": { "flipX": 1.0, "flipY": 1.0, "tileset": "tile_graveyard2", "coord": [ 11.0, 3.0 ], "autotile_index": 1.0, "autotile": 1.0 }, "1504_320": { "flipX": 1.0, "flipY": 1.0, "tileset": "tile_graveyard2", "coord": [ 10.0, 2.0 ], "autotile_index": 1.0, "autotile": 1.0 }, "960_32": { "flipX": 1.0, "flipY": 1.0, "tileset": "tile_graveyard2", "coord": [ 11.0, 2.0 ], "autotile_index": 1.0, "autotile": 1.0 }, "1440_512": { "flipX": 1.0, "flipY": 1.0, "tileset": "tile_graveyard2", "coord": [ 11.0, 1.0 ], "autotile_index": 1.0, "autotile": 1.0 }, "96_480": { "flipX": 1.0, "flipY": 1.0, "tileset": "tile_graveyard2", "coord": [ 11.0, 0.0 ], "autotile_index": 1.0, "autotile": 1.0 }, "1600_160": { "flipX": 1.0, "flipY": 1.0, "tileset": "tile_graveyard2", "coord": [ 11.0, 2.0 ], "autotile_index": 1.0, "autotile": 1.0 }, "1568_384": { "flipX": 1.0, "flipY": 1.0, "tileset": "tile_graveyard2", "coord": [ 12.0, 4.0 ], "autotile_index": 1.0, "autotile": 1.0 }, "800_0": { "flipX": 1.0, "flipY": 1.0, "tileset": "tile_graveyard2", "coord": [ 11.0, 2.0 ], "autotile_index": 1.0, "autotile": 1.0 }, "1184_0": { "flipX": 1.0, "flipY": 1.0, "tileset": "tile_graveyard2", "coord": [ 11.0, 2.0 ], "autotile_index": 1.0, "autotile": 1.0 }, "160_480": { "flipX": 1.0, "flipY": 1.0, "tileset": "tile_graveyard2", "coord": [ 11.0, 0.0 ], "autotile_index": 1.0, "autotile": 1.0 }, "992_64": { "flipX": 1.0, "flipY": 1.0, "tileset": "tile_graveyard2", "coord": [ 11.0, 2.0 ], "autotile_index": 1.0, "autotile": 1.0 }, "608_64": { "flipX": 1.0, "flipY": 1.0, "tileset": "tile_graveyard2", "coord": [ 11.0, 2.0 ], "autotile_index": 1.0, "autotile": 1.0 }, "544_64": { "flipX": 1.0, "flipY": 1.0, "tileset": "tile_graveyard2", "coord": [ 11.0, 2.0 ], "autotile_index": 1.0, "autotile": 1.0 }, "1216_0": { "flipX": 1.0, "flipY": 1.0, "tileset": "tile_graveyard2", "coord": [ 11.0, 2.0 ], "autotile_index": 1.0, "autotile": 1.0 }, "896_128": { "flipX": 1.0, "flipY": 1.0, "tileset": "tile_graveyard2", "coord": [ 11.0, 3.0 ], "autotile_index": 1.0, "autotile": 1.0 }, "320_64": { "flipX": 1.0, "flipY": 1.0, "tileset": "tile_graveyard2", "coord": [ 11.0, 2.0 ], "autotile_index": 1.0, "autotile": 1.0 }, "32_160": { "flipX": 1.0, "flipY": 1.0, "tileset": "tile_graveyard2", "coord": [ 7.0, 8.0 ], "autotile_index": 1.0, "autotile": 1.0 }, "1408_480": { "flipX": 1.0, "flipY": 1.0, "tileset": "tile_graveyard2", "coord": [ 11.0, 0.0 ], "autotile_index": 1.0, "autotile": 1.0 }, "32_352": { "flipX": 1.0, "flipY": 1.0, "tileset": "tile_graveyard2", "coord": [ 13.0, 2.0 ], "autotile_index": 1.0, "autotile": 1.0 }, "1568_96": { "flipX": 1.0, "flipY": 1.0, "tileset": "tile_graveyard2", "coord": [ 11.0, 2.0 ], "autotile_index": 1.0, "autotile": 1.0 }, "832_32": { "flipX": 1.0, "flipY": 1.0, "tileset": "tile_graveyard2", "coord": [ 11.0, 2.0 ], "autotile_index": 1.0, "autotile": 1.0 }, "736_160": { "flipX": 1.0, "flipY": 1.0, "tileset": "tile_graveyard2", "coord": [ 11.0, 4.0 ], "autotile_index": 1.0, "autotile": 1.0 }, "1536_384": { "flipX": 1.0, "flipY": 1.0, "tileset": "tile_graveyard2", "coord": [ 12.0, 4.0 ], "autotile_index": 1.0, "autotile": 1.0 }, "1472_64": { "flipX": 1.0, "flipY": 1.0, "tileset": "tile_graveyard2", "coord": [ 11.0, 2.0 ], "autotile_index": 1.0, "autotile": 1.0 }, "1152_512": { "flipX": 1.0, "flipY": 1.0, "tileset": "tile_graveyard2", "coord": [ 11.0, 1.0 ], "autotile_index": 1.0, "autotile": 1.0 }, "1280_96": { "flipX": 1.0, "flipY": 1.0, "tileset": "tile_graveyard2", "coord": [ 11.0, 2.0 ], "autotile_index": 1.0, "autotile": 1.0 }, "1056_0": { "flipX": 1.0, "flipY": 1.0, "tileset": "tile_graveyard2", "coord": [ 11.0, 2.0 ], "autotile_index": 1.0, "autotile": 1.0 }, "1088_128": { "flipX": 1.0, "flipY": 1.0, "tileset": "tile_graveyard2", "coord": [ 11.0, 3.0 ], "autotile_index": 1.0, "autotile": 1.0 }, "864_0": { "flipX": 1.0, "flipY": 1.0, "tileset": "tile_graveyard2", "coord": [ 11.0, 2.0 ], "autotile_index": 1.0, "autotile": 1.0 }, "64_128": { "flipX": 1.0, "flipY": 1.0, "tileset": "tile_graveyard2", "coord": [ 11.0, 3.0 ], "autotile_index": 1.0, "autotile": 1.0 }, "352_64": { "flipX": 1.0, "flipY": 1.0, "tileset": "tile_graveyard2", "coord": [ 11.0, 2.0 ], "autotile_index": 1.0, "autotile": 1.0 }, "384_128": { "flipX": 1.0, "flipY": 1.0, "tileset": "tile_graveyard2", "coord": [ 11.0, 3.0 ], "autotile_index": 1.0, "autotile": 1.0 }, "1344_512": { "flipX": 1.0, "flipY": 1.0, "tileset": "tile_graveyard2", "coord": [ 11.0, 1.0 ], "autotile_index": 1.0, "autotile": 1.0 }, "992_96": { "flipX": 1.0, "flipY": 1.0, "tileset": "tile_graveyard2", "coord": [ 11.0, 2.0 ], "autotile_index": 1.0, "autotile": 1.0 }, "1504_288": { "flipX": 1.0, "flipY": 1.0, "tileset": "tile_graveyard2", "coord": [ 10.0, 2.0 ], "autotile_index": 1.0, "autotile": 1.0 }, "1376_96": { "flipX": 1.0, "flipY": 1.0, "tileset": "tile_graveyard2", "coord": [ 11.0, 2.0 ], "autotile_index": 1.0, "autotile": 1.0 }, "256_480": { "flipX": 1.0, "flipY": 1.0, "tileset": "tile_graveyard2", "coord": [ 11.0, 0.0 ], "autotile_index": 1.0, "autotile": 1.0 }, "128_96": { "flipX": 1.0, "flipY": 1.0, "tileset": "tile_graveyard2", "coord": [ 11.0, 2.0 ], "autotile_index": 1.0, "autotile": 1.0 }, "1536_0": { "flipX": 1.0, "flipY": 1.0, "tileset": "tile_graveyard2", "coord": [ 11.0, 2.0 ], "autotile_index": 1.0, "autotile": 1.0 }, "768_96": { "flipX": 1.0, "flipY": 1.0, "tileset": "tile_graveyard2", "coord": [ 11.0, 2.0 ], "autotile_index": 1.0, "autotile": 1.0 }, "992_32": { "flipX": 1.0, "flipY": 1.0, "tileset": "tile_graveyard2", "coord": [ 11.0, 2.0 ], "autotile_index": 1.0, "autotile": 1.0 }, "608_96": { "flipX": 1.0, "flipY": 1.0, "tileset": "tile_graveyard2", "coord": [ 11.0, 2.0 ], "autotile_index": 1.0, "autotile": 1.0 }, "1248_512": { "flipX": 1.0, "flipY": 1.0, "tileset": "tile_graveyard2", "coord": [ 11.0, 1.0 ], "autotile_index": 1.0, "autotile": 1.0 }, "1504_256": { "flipX": 1.0, "flipY": 1.0, "tileset": "tile_graveyard2", "coord": [ 10.0, 2.0 ], "autotile_index": 1.0, "autotile": 1.0 }, "1504_224": { "flipX": 1.0, "flipY": 1.0, "tileset": "tile_graveyard2", "coord": [ 10.0, 2.0 ], "autotile_index": 1.0, "autotile": 1.0 }, "768_64": { "flipX": 1.0, "flipY": 1.0, "tileset": "tile_graveyard2", "coord": [ 11.0, 2.0 ], "autotile_index": 1.0, "autotile": 1.0 }, "1472_0": { "flipX": 1.0, "flipY": 1.0, "tileset": "tile_graveyard2", "coord": [ 11.0, 2.0 ], "autotile_index": 1.0, "autotile": 1.0 }, "928_96": { "flipX": 1.0, "flipY": 1.0, "tileset": "tile_graveyard2", "coord": [ 11.0, 2.0 ], "autotile_index": 1.0, "autotile": 1.0 }, "448_128": { "flipX": 1.0, "flipY": 1.0, "tileset": "tile_graveyard2", "coord": [ 11.0, 3.0 ], "autotile_index": 1.0, "autotile": 1.0 }, "96_0": { "flipX": 1.0, "flipY": 1.0, "tileset": "tile_graveyard2", "coord": [ 11.0, 2.0 ], "autotile_index": 1.0, "autotile": 1.0 }, "1472_512": { "flipX": 1.0, "flipY": 1.0, "tileset": "tile_graveyard2", "coord": [ 11.0, 1.0 ], "autotile_index": 1.0, "autotile": 1.0 }, "1568_480": { "flipX": 1.0, "flipY": 1.0, "tileset": "tile_graveyard2", "coord": [ 10.0, 0.0 ], "autotile_index": 1.0, "autotile": 1.0 }, "448_64": { "flipX": 1.0, "flipY": 1.0, "tileset": "tile_graveyard2", "coord": [ 11.0, 2.0 ], "autotile_index": 1.0, "autotile": 1.0 }, "1568_224": { "flipX": 1.0, "flipY": 1.0, "tileset": "tile_graveyard2", "coord": [ 11.0, 2.0 ], "autotile_index": 1.0, "autotile": 1.0 }, "736_64": { "flipX": 1.0, "flipY": 1.0, "tileset": "tile_graveyard2", "coord": [ 11.0, 2.0 ], "autotile_index": 1.0, "autotile": 1.0 }, "1280_32": { "flipX": 1.0, "flipY": 1.0, "tileset": "tile_graveyard2", "coord": [ 11.0, 2.0 ], "autotile_index": 1.0, "autotile": 1.0 }, "1280_512": { "flipX": 1.0, "flipY": 1.0, "tileset": "tile_graveyard2", "coord": [ 11.0, 1.0 ], "autotile_index": 1.0, "autotile": 1.0 }, "736_32": { "flipX": 1.0, "flipY": 1.0, "tileset": "tile_graveyard2", "coord": [ 11.0, 2.0 ], "autotile_index": 1.0, "autotile": 1.0 }, "0_480": { "flipX": 1.0, "flipY": 1.0, "tileset": "tile_graveyard2", "coord": [ 12.0, 2.0 ], "autotile_index": 1.0, "autotile": 1.0 }, "128_0": { "flipX": 1.0, "flipY": 1.0, "tileset": "tile_graveyard2", "coord": [ 11.0, 2.0 ], "autotile_index": 1.0, "autotile": 1.0 }, "800_160": { "flipX": 1.0, "flipY": 1.0, "tileset": "tile_graveyard2", "coord": [ 10.0, 4.0 ], "autotile_index": 1.0, "autotile": 1.0 }, "384_64": { "flipX": 1.0, "flipY": 1.0, "tileset": "tile_graveyard2", "coord": [ 11.0, 2.0 ], "autotile_index": 1.0, "autotile": 1.0 }, "512_32": { "flipX": 1.0, "flipY": 1.0, "tileset": "tile_graveyard2", "coord": [ 11.0, 2.0 ], "autotile_index": 1.0, "autotile": 1.0 }, "1600_192": { "flipX": 1.0, "flipY": 1.0, "tileset": "tile_graveyard2", "coord": [ 11.0, 2.0 ], "autotile_index": 1.0, "autotile": 1.0 }, "320_128": { "flipX": 1.0, "flipY": 1.0, "tileset": "tile_graveyard2", "coord": [ 11.0, 3.0 ], "autotile_index": 1.0, "autotile": 1.0 }, "1536_64": { "flipX": 1.0, "flipY": 1.0, "tileset": "tile_graveyard2", "coord": [ 11.0, 2.0 ], "autotile_index": 1.0, "autotile": 1.0 }, "1248_480": { "flipX": 1.0, "flipY": 1.0, "tileset": "tile_graveyard2", "coord": [ 10.0, 0.0 ], "autotile_index": 1.0, "autotile": 1.0 }, "1536_224": { "flipX": 1.0, "flipY": 1.0, "tileset": "tile_graveyard2", "coord": [ 11.0, 2.0 ], "autotile_index": 1.0, "autotile": 1.0 }, "1376_64": { "flipX": 1.0, "flipY": 1.0, "tileset": "tile_graveyard2", "coord": [ 11.0, 2.0 ], "autotile_index": 1.0, "autotile": 1.0 }, "224_64": { "flipX": 1.0, "flipY": 1.0, "tileset": "tile_graveyard2", "coord": [ 11.0, 2.0 ], "autotile_index": 1.0, "autotile": 1.0 }, "928_64": { "flipX": 1.0, "flipY": 1.0, "tileset": "tile_graveyard2", "coord": [ 11.0, 2.0 ], "autotile_index": 1.0, "autotile": 1.0 }, "64_512": { "flipX": 1.0, "flipY": 1.0, "tileset": "tile_graveyard2", "coord": [ 11.0, 1.0 ], "autotile_index": 1.0, "autotile": 1.0 }, "224_416": { "flipX": 1.0, "flipY": 1.0, "tileset": "tiles_doors", "coord": [ 20.0, 15.0 ], "autotile_index": 0.0, "autotile": 0.0 }, "32_480": { "flipX": 1.0, "flipY": 1.0, "tileset": "tile_graveyard2", "coord": [ 7.0, 10.0 ], "autotile_index": 1.0, "autotile": 1.0 }, "1312_480": { "flipX": 1.0, "flipY": 1.0, "tileset": "tile_graveyard2", "coord": [ 10.0, 0.0 ], "autotile_index": 1.0, "autotile": 1.0 }, "1536_288": { "flipX": 1.0, "flipY": 1.0, "tileset": "tile_graveyard2", "coord": [ 11.0, 2.0 ], "autotile_index": 1.0, "autotile": 1.0 }, "1472_480": { "flipX": 1.0, "flipY": 1.0, "tileset": "tile_graveyard2", "coord": [ 10.0, 0.0 ], "autotile_index": 1.0, "autotile": 1.0 }, "1600_64": { "flipX": 1.0, "flipY": 1.0, "tileset": "tile_graveyard2", "coord": [ 11.0, 2.0 ], "autotile_index": 1.0, "autotile": 1.0 }, "224_320": { "flipX": 1.0, "flipY": 1.0, "tileset": "tiles_doors", "coord": [ 20.0, 12.0 ], "autotile_index": 0.0, "autotile": 0.0 }, "0_32": { "flipX": 1.0, "flipY": 1.0, "tileset": "tile_graveyard2", "coord": [ 11.0, 2.0 ], "autotile_index": 1.0, "autotile": 1.0 }, "224_32": { "flipX": 1.0, "flipY": 1.0, "tileset": "tile_graveyard2", "coord": [ 11.0, 2.0 ], "autotile_index": 1.0, "autotile": 1.0 }, "320_480": { "flipX": 1.0, "flipY": 1.0, "tileset": "tile_graveyard2", "coord": [ 11.0, 0.0 ], "autotile_index": 1.0, "autotile": 1.0 }, "1600_320": { "flipX": 1.0, "flipY": 1.0, "tileset": "tile_graveyard2", "coord": [ 11.0, 2.0 ], "autotile_index": 1.0, "autotile": 1.0 }, "128_32": { "flipX": 1.0, "flipY": 1.0, "tileset": "tile_graveyard2", "coord": [ 11.0, 2.0 ], "autotile_index": 1.0, "autotile": 1.0 }, "384_160": { "flipX": 1.0, "flipY": 1.0, "tileset": "tile_graveyard2", "coord": [ 11.0, 4.0 ], "autotile_index": 1.0, "autotile": 1.0 }, "640_128": { "flipX": 1.0, "flipY": 1.0, "tileset": "tile_graveyard2", "coord": [ 11.0, 3.0 ], "autotile_index": 1.0, "autotile": 1.0 }, "1472_32": { "flipX": 1.0, "flipY": 1.0, "tileset": "tile_graveyard2", "coord": [ 11.0, 2.0 ], "autotile_index": 1.0, "autotile": 1.0 }, "96_512": { "flipX": 1.0, "flipY": 1.0, "tileset": "tile_graveyard2", "coord": [ 11.0, 1.0 ], "autotile_index": 1.0, "autotile": 1.0 }, "896_0": { "flipX": 1.0, "flipY": 1.0, "tileset": "tile_graveyard2", "coord": [ 11.0, 2.0 ], "autotile_index": 1.0, "autotile": 1.0 }, "1600_256": { "flipX": 1.0, "flipY": 1.0, "tileset": "tile_graveyard2", "coord": [ 11.0, 2.0 ], "autotile_index": 1.0, "autotile": 1.0 }, "256_0": { "flipX": 1.0, "flipY": 1.0, "tileset": "tile_graveyard2", "coord": [ 11.0, 2.0 ], "autotile_index": 1.0, "autotile": 1.0 }, "32_192": { "flipX": 1.0, "flipY": 1.0, "tileset": "tile_graveyard2", "coord": [ 13.0, 2.0 ], "autotile_index": 1.0, "autotile": 1.0 }, "448_32": { "flipX": 1.0, "flipY": 1.0, "tileset": "tile_graveyard2", "coord": [ 11.0, 2.0 ], "autotile_index": 1.0, "autotile": 1.0 }, "1504_384": { "flipX": 1.0, "flipY": 1.0, "tileset": "tile_graveyard2", "coord": [ 12.0, 4.0 ], "autotile_index": 1.0, "autotile": 1.0 }, "416_480": { "flipX": 1.0, "flipY": 1.0, "tileset": "tile_graveyard2", "coord": [ 13.0, 0.0 ], "autotile_index": 1.0, "autotile": 1.0 }, "384_480": { "flipX": 1.0, "flipY": 1.0, "tileset": "tile_graveyard2", "coord": [ 11.0, 0.0 ], "autotile_index": 1.0, "autotile": 1.0 }, "1248_0": { "flipX": 1.0, "flipY": 1.0, "tileset": "tile_graveyard2", "coord": [ 11.0, 2.0 ], "autotile_index": 1.0, "autotile": 1.0 }, "256_32": { "flipX": 1.0, "flipY": 1.0, "tileset": "tile_graveyard2", "coord": [ 11.0, 2.0 ], "autotile_index": 1.0, "autotile": 1.0 }, "32_224": { "flipX": 1.0, "flipY": 1.0, "tileset": "tile_graveyard2", "coord": [ 13.0, 1.0 ], "autotile_index": 1.0, "autotile": 1.0 }, "1472_128": { "flipX": 1.0, "flipY": 1.0, "tileset": "tile_graveyard2", "coord": [ 11.0, 3.0 ], "autotile_index": 1.0, "autotile": 1.0 }, "1472_256": { "flipX": 1.0, "flipY": 1.0, "tileset": "tile_graveyard2", "coord": [ 9.0, 1.0 ], "autotile_index": 1.0, "autotile": 1.0 }, "1536_352": { "flipX": 1.0, "flipY": 1.0, "tileset": "tile_graveyard2", "coord": [ 11.0, 3.0 ], "autotile_index": 1.0, "autotile": 1.0 }, "192_448": { "flipX": 1.0, "flipY": 1.0, "tileset": "tiles_doors", "coord": [ 19.0, 16.0 ], "autotile_index": 0.0, "autotile": 0.0 }, "352_512": { "flipX": 1.0, "flipY": 1.0, "tileset": "tile_graveyard2", "coord": [ 11.0, 1.0 ], "autotile_index": 1.0, "autotile": 1.0 }, "160_512": { "flipX": 1.0, "flipY": 1.0, "tileset": "tile_graveyard2", "coord": [ 11.0, 1.0 ], "autotile_index": 1.0, "autotile": 1.0 }, "1440_160": { "flipX": 1.0, "flipY": 1.0, "tileset": "tile_graveyard2", "coord": [ 10.0, 4.0 ], "autotile_index": 1.0, "autotile": 1.0 }, "320_32": { "flipX": 1.0, "flipY": 1.0, "tileset": "tile_graveyard2", "coord": [ 11.0, 2.0 ], "autotile_index": 1.0, "autotile": 1.0 }, "192_352": { "flipX": 1.0, "flipY": 1.0, "tileset": "tiles_doors", "coord": [ 19.0, 13.0 ], "autotile_index": 0.0, "autotile": 0.0 }, "128_128": { "flipX": 1.0, "flipY": 1.0, "tileset": "tile_graveyard2", "coord": [ 11.0, 3.0 ], "autotile_index": 1.0, "autotile": 1.0 }, "1504_32": { "flipX": 1.0, "flipY": 1.0, "tileset": "tile_graveyard2", "coord": [ 11.0, 2.0 ], "autotile_index": 1.0, "autotile": 1.0 }, "1184_64": { "flipX": 1.0, "flipY": 1.0, "tileset": "tile_graveyard2", "coord": [ 11.0, 2.0 ], "autotile_index": 1.0, "autotile": 1.0 }, "0_448": { "flipX": 1.0, "flipY": 1.0, "tileset": "tile_graveyard2", "coord": [ 12.0, 2.0 ], "autotile_index": 1.0, "autotile": 1.0 }, "704_160": { "flipX": 1.0, "flipY": 1.0, "tileset": "tile_graveyard2", "coord": [ 11.0, 4.0 ], "autotile_index": 1.0, "autotile": 1.0 }, "1280_128": { "flipX": 1.0, "flipY": 1.0, "tileset": "tile_graveyard2", "coord": [ 11.0, 3.0 ], "autotile_index": 1.0, "autotile": 1.0 }, "320_96": { "flipX": 1.0, "flipY": 1.0, "tileset": "tile_graveyard2", "coord": [ 11.0, 2.0 ], "autotile_index": 1.0, "autotile": 1.0 }, "704_64": { "flipX": 1.0, "flipY": 1.0, "tileset": "tile_graveyard2", "coord": [ 11.0, 2.0 ], "autotile_index": 1.0, "autotile": 1.0 }, "416_160": { "flipX": 1.0, "flipY": 1.0, "tileset": "tile_graveyard2", "coord": [ 10.0, 4.0 ], "autotile_index": 1.0, "autotile": 1.0 }, "704_128": { "flipX": 1.0, "flipY": 1.0, "tileset": "tile_graveyard2", "coord": [ 11.0, 3.0 ], "autotile_index": 1.0, "autotile": 1.0 }, "32_416": { "flipX": 1.0, "flipY": 1.0, "tileset": "tile_graveyard2", "coord": [ 13.0, 3.0 ], "autotile_index": 1.0, "autotile": 1.0 }, "1472_160": { "flipX": 1.0, "flipY": 1.0, "tileset": "tile_graveyard2", "coord": [ 9.0, 8.0 ], "autotile_index": 1.0, "autotile": 1.0 }, "1312_0": { "flipX": 1.0, "flipY": 1.0, "tileset": "tile_graveyard2", "coord": [ 11.0, 2.0 ], "autotile_index": 1.0, "autotile": 1.0 }, "1376_128": { "flipX": 1.0, "flipY": 1.0, "tileset": "tile_graveyard2", "coord": [ 11.0, 3.0 ], "autotile_index": 1.0, "autotile": 1.0 }, "1568_0": { "flipX": 1.0, "flipY": 1.0, "tileset": "tile_graveyard2", "coord": [ 11.0, 2.0 ], "autotile_index": 1.0, "autotile": 1.0 }, "416_32": { "flipX": 1.0, "flipY": 1.0, "tileset": "tile_graveyard2", "coord": [ 11.0, 2.0 ], "autotile_index": 1.0, "autotile": 1.0 }, "1504_160": { "flipX": 1.0, "flipY": 1.0, "tileset": "tile_graveyard2", "coord": [ 10.0, 2.0 ], "autotile_index": 1.0, "autotile": 1.0 }, "1536_480": { "flipX": 1.0, "flipY": 1.0, "tileset": "tile_graveyard2", "coord": [ 12.0, 0.0 ], "autotile_index": 1.0, "autotile": 1.0 }, "1056_96": { "flipX": 1.0, "flipY": 1.0, "tileset": "tile_graveyard2", "coord": [ 11.0, 2.0 ], "autotile_index": 1.0, "autotile": 1.0 }, "768_0": { "flipX": 1.0, "flipY": 1.0, "tileset": "tile_graveyard2", "coord": [ 11.0, 2.0 ], "autotile_index": 1.0, "autotile": 1.0 }, "192_32": { "flipX": 1.0, "flipY": 1.0, "tileset": "tile_graveyard2", "coord": [ 11.0, 2.0 ], "autotile_index": 1.0, "autotile": 1.0 }, "1280_480": { "flipX": 1.0, "flipY": 1.0, "tileset": "tile_graveyard2", "coord": [ 12.0, 0.0 ], "autotile_index": 1.0, "autotile": 1.0 }, "1088_64": { "flipX": 1.0, "flipY": 1.0, "tileset": "tile_graveyard2", "coord": [ 11.0, 2.0 ], "autotile_index": 1.0, "autotile": 1.0 }, "160_352": { "flipX": 1.0, "flipY": 1.0, "tileset": "tiles_doors", "coord": [ 18.0, 13.0 ], "autotile_index": 0.0, "autotile": 0.0 }, "480_64": { "flipX": 1.0, "flipY": 1.0, "tileset": "tile_graveyard2", "coord": [ 11.0, 2.0 ], "autotile_index": 1.0, "autotile": 1.0 }, "1248_160": { "flipX": 1.0, "flipY": 1.0, "tileset": "tile_graveyard2", "coord": [ 10.0, 4.0 ], "autotile_index": 1.0, "autotile": 1.0 }, "1248_32": { "flipX": 1.0, "flipY": 1.0, "tileset": "tile_graveyard2", "coord": [ 11.0, 2.0 ], "autotile_index": 1.0, "autotile": 1.0 }, "192_416": { "flipX": 1.0, "flipY": 1.0, "tileset": "tiles_doors", "coord": [ 19.0, 15.0 ], "autotile_index": 0.0, "autotile": 0.0 }, "1504_128": { "flipX": 1.0, "flipY": 1.0, "tileset": "tile_graveyard2", "coord": [ 6.0, 8.0 ], "autotile_index": 1.0, "autotile": 1.0 }, "1056_160": { "flipX": 1.0, "flipY": 1.0, "tileset": "tile_graveyard2", "coord": [ 11.0, 4.0 ], "autotile_index": 1.0, "autotile": 1.0 }, "384_512": { "flipX": 1.0, "flipY": 1.0, "tileset": "tile_graveyard2", "coord": [ 12.0, 1.0 ], "autotile_index": 1.0, "autotile": 1.0 }, "640_96": { "flipX": 1.0, "flipY": 1.0, "tileset": "tile_graveyard2", "coord": [ 11.0, 2.0 ], "autotile_index": 1.0, "autotile": 1.0 }, "1312_128": { "flipX": 1.0, "flipY": 1.0, "tileset": "tile_graveyard2", "coord": [ 11.0, 3.0 ], "autotile_index": 1.0, "autotile": 1.0 }, "672_96": { "flipX": 1.0, "flipY": 1.0, "tileset": "tile_graveyard2", "coord": [ 11.0, 2.0 ], "autotile_index": 1.0, "autotile": 1.0 }, "96_128": { "flipX": 1.0, "flipY": 1.0, "tileset": "tile_graveyard2", "coord": [ 11.0, 3.0 ], "autotile_index": 1.0, "autotile": 1.0 }, "608_128": { "flipX": 1.0, "flipY": 1.0, "tileset": "tile_graveyard2", "coord": [ 11.0, 3.0 ], "autotile_index": 1.0, "autotile": 1.0 }, "896_96": { "flipX": 1.0, "flipY": 1.0, "tileset": "tile_graveyard2", "coord": [ 11.0, 2.0 ], "autotile_index": 1.0, "autotile": 1.0 }, "352_0": { "flipX": 1.0, "flipY": 1.0, "tileset": "tile_graveyard2", "coord": [ 11.0, 2.0 ], "autotile_index": 1.0, "autotile": 1.0 }, "1568_160": { "flipX": 1.0, "flipY": 1.0, "tileset": "tile_graveyard2", "coord": [ 11.0, 2.0 ], "autotile_index": 1.0, "autotile": 1.0 }, "896_32": { "flipX": 1.0, "flipY": 1.0, "tileset": "tile_graveyard2", "coord": [ 11.0, 2.0 ], "autotile_index": 1.0, "autotile": 1.0 }, "1472_192": { "flipX": 1.0, "flipY": 1.0, "tileset": "tile_graveyard2", "coord": [ 9.0, 3.0 ], "autotile_index": 1.0, "autotile": 1.0 }, "288_160": { "flipX": 1.0, "flipY": 1.0, "tileset": "tile_graveyard2", "coord": [ 11.0, 4.0 ], "autotile_index": 1.0, "autotile": 1.0 }, "256_64": { "flipX": 1.0, "flipY": 1.0, "tileset": "tile_graveyard2", "coord": [ 11.0, 2.0 ], "autotile_index": 1.0, "autotile": 1.0 }, "32_384": { "flipX": 1.0, "flipY": 1.0, "tileset": "tile_graveyard2", "coord": [ 13.0, 3.0 ], "autotile_index": 1.0, "autotile": 1.0 }, "704_96": { "flipX": 1.0, "flipY": 1.0, "tileset": "tile_graveyard2", "coord": [ 11.0, 2.0 ], "autotile_index": 1.0, "autotile": 1.0 }, "576_128": { "flipX": 1.0, "flipY": 1.0, "tileset": "tile_graveyard2", "coord": [ 11.0, 3.0 ], "autotile_index": 1.0, "autotile": 1.0 }, "1344_64": { "flipX": 1.0, "flipY": 1.0, "tileset": "tile_graveyard2", "coord": [ 11.0, 2.0 ], "autotile_index": 1.0, "autotile": 1.0 }, "512_160": { "flipX": 1.0, "flipY": 1.0, "tileset": "tile_graveyard2", "coord": [ 12.0, 4.0 ], "autotile_index": 1.0, "autotile": 1.0 }, "544_0": { "flipX": 1.0, "flipY": 1.0, "tileset": "tile_graveyard2", "coord": [ 11.0, 2.0 ], "autotile_index": 1.0, "autotile": 1.0 }, "736_128": { "flipX": 1.0, "flipY": 1.0, "tileset": "tile_graveyard2", "coord": [ 11.0, 3.0 ], "autotile_index": 1.0, "autotile": 1.0 }, "1088_160": { "flipX": 1.0, "flipY": 1.0, "tileset": "tile_graveyard2", "coord": [ 11.0, 4.0 ], "autotile_index": 1.0, "autotile": 1.0 }, "192_64": { "flipX": 1.0, "flipY": 1.0, "tileset": "tile_graveyard2", "coord": [ 11.0, 2.0 ], "autotile_index": 1.0, "autotile": 1.0 }, "0_160": { "flipX": 1.0, "flipY": 1.0, "tileset": "tile_graveyard2", "coord": [ 12.0, 2.0 ], "autotile_index": 1.0, "autotile": 1.0 }, "1344_96": { "flipX": 1.0, "flipY": 1.0, "tileset": "tile_graveyard2", "coord": [ 11.0, 2.0 ], "autotile_index": 1.0, "autotile": 1.0 }, "832_128": { "flipX": 1.0, "flipY": 1.0, "tileset": "tile_graveyard2", "coord": [ 11.0, 3.0 ], "autotile_index": 1.0, "autotile": 1.0 }, "1216_64": { "flipX": 1.0, "flipY": 1.0, "tileset": "tile_graveyard2", "coord": [ 11.0, 2.0 ], "autotile_index": 1.0, "autotile": 1.0 }, "1120_160": { "flipX": 1.0, "flipY": 1.0, "tileset": "tile_graveyard2", "coord": [ 12.0, 4.0 ], "autotile_index": 1.0, "autotile": 1.0 }, "32_0": { "flipX": 1.0, "flipY": 1.0, "tileset": "tile_graveyard2", "coord": [ 11.0, 2.0 ], "autotile_index": 1.0, "autotile": 1.0 }, "1216_96": { "flipX": 1.0, "flipY": 1.0, "tileset": "tile_graveyard2", "coord": [ 11.0, 2.0 ], "autotile_index": 1.0, "autotile": 1.0 }, "672_0": { "flipX": 1.0, "flipY": 1.0, "tileset": "tile_graveyard2", "coord": [ 11.0, 2.0 ], "autotile_index": 1.0, "autotile": 1.0 }, "1440_96": { "flipX": 1.0, "flipY": 1.0, "tileset": "tile_graveyard2", "coord": [ 11.0, 2.0 ], "autotile_index": 1.0, "autotile": 1.0 }, "1152_64": { "flipX": 1.0, "flipY": 1.0, "tileset": "tile_graveyard2", "coord": [ 11.0, 2.0 ], "autotile_index": 1.0, "autotile": 1.0 }, "0_416": { "flipX": 1.0, "flipY": 1.0, "tileset": "tile_graveyard2", "coord": [ 12.0, 2.0 ], "autotile_index": 1.0, "autotile": 1.0 }, "32_288": { "flipX": 1.0, "flipY": 1.0, "tileset": "tile_graveyard2", "coord": [ 13.0, 2.0 ], "autotile_index": 1.0, "autotile": 1.0 }, "1376_160": { "flipX": 1.0, "flipY": 1.0, "tileset": "tile_graveyard2", "coord": [ 10.0, 4.0 ], "autotile_index": 1.0, "autotile": 1.0 }, "704_32": { "flipX": 1.0, "flipY": 1.0, "tileset": "tile_graveyard2", "coord": [ 11.0, 2.0 ], "autotile_index": 1.0, "autotile": 1.0 }, "352_480": { "flipX": 1.0, "flipY": 1.0, "tileset": "tile_graveyard2", "coord": [ 11.0, 0.0 ], "autotile_index": 1.0, "autotile": 1.0 }, "1088_96": { "flipX": 1.0, "flipY": 1.0, "tileset": "tile_graveyard2", "coord": [ 11.0, 2.0 ], "autotile_index": 1.0, "autotile": 1.0 }, "0_512": { "flipX": 1.0, "flipY": 1.0, "tileset": "tile_graveyard2", "coord": [ 4.0, 10.0 ], "autotile_index": 1.0, "autotile": 1.0 }, "1216_512": { "flipX": 1.0, "flipY": 1.0, "tileset": "tile_graveyard2", "coord": [ 11.0, 1.0 ], "autotile_index": 1.0, "autotile": 1.0 }, "1376_480": { "flipX": 1.0, "flipY": 1.0, "tileset": "tile_graveyard2", "coord": [ 10.0, 0.0 ], "autotile_index": 1.0, "autotile": 1.0 }, "576_32": { "flipX": 1.0, "flipY": 1.0, "tileset": "tile_graveyard2", "coord": [ 11.0, 2.0 ], "autotile_index": 1.0, "autotile": 1.0 }, "1120_128": { "flipX": 1.0, "flipY": 1.0, "tileset": "tile_graveyard2", "coord": [ 11.0, 3.0 ], "autotile_index": 1.0, "autotile": 1.0 }, "672_128": { "flipX": 1.0, "flipY": 1.0, "tileset": "tile_graveyard2", "coord": [ 11.0, 3.0 ], "autotile_index": 1.0, "autotile": 1.0 }, "288_512": { "flipX": 1.0, "flipY": 1.0, "tileset": "tile_graveyard2", "coord": [ 11.0, 1.0 ], "autotile_index": 1.0, "autotile": 1.0 }, "32_32": { "flipX": 1.0, "flipY": 1.0, "tileset": "tile_graveyard2", "coord": [ 11.0, 2.0 ], "autotile_index": 1.0, "autotile": 1.0 }, "480_128": { "flipX": 1.0, "flipY": 1.0, "tileset": "tile_graveyard2", "coord": [ 11.0, 3.0 ], "autotile_index": 1.0, "autotile": 1.0 }, "1120_96": { "flipX": 1.0, "flipY": 1.0, "tileset": "tile_graveyard2", "coord": [ 11.0, 2.0 ], "autotile_index": 1.0, "autotile": 1.0 }, "1536_32": { "flipX": 1.0, "flipY": 1.0, "tileset": "tile_graveyard2", "coord": [ 11.0, 2.0 ], "autotile_index": 1.0, "autotile": 1.0 }, "1536_512": { "flipX": 1.0, "flipY": 1.0, "tileset": "tile_graveyard2", "coord": [ 11.0, 1.0 ], "autotile_index": 1.0, "autotile": 1.0 }, "128_160": { "flipX": 1.0, "flipY": 1.0, "tileset": "tile_graveyard2", "coord": [ 10.0, 4.0 ], "autotile_index": 1.0, "autotile": 1.0 }, "1440_0": { "flipX": 1.0, "flipY": 1.0, "tileset": "tile_graveyard2", "coord": [ 11.0, 2.0 ], "autotile_index": 1.0, "autotile": 1.0 }, "640_0": { "flipX": 1.0, "flipY": 1.0, "tileset": "tile_graveyard2", "coord": [ 11.0, 2.0 ], "autotile_index": 1.0, "autotile": 1.0 }, "1504_0": { "flipX": 1.0, "flipY": 1.0, "tileset": "tile_graveyard2", "coord": [ 11.0, 2.0 ], "autotile_index": 1.0, "autotile": 1.0 }, "224_352": { "flipX": 1.0, "flipY": 1.0, "tileset": "tiles_doors", "coord": [ 20.0, 13.0 ], "autotile_index": 0.0, "autotile": 0.0 }, "416_128": { "flipX": 1.0, "flipY": 1.0, "tileset": "tile_graveyard2", "coord": [ 11.0, 3.0 ], "autotile_index": 1.0, "autotile": 1.0 }, "1280_0": { "flipX": 1.0, "flipY": 1.0, "tileset": "tile_graveyard2", "coord": [ 11.0, 2.0 ], "autotile_index": 1.0, "autotile": 1.0 }, "160_32": { "flipX": 1.0, "flipY": 1.0, "tileset": "tile_graveyard2", "coord": [ 11.0, 2.0 ], "autotile_index": 1.0, "autotile": 1.0 } }, "11": { "640_448": { "flipX": 1.0, "flipY": 1.0, "tileset": "tile_graveyard2", "coord": [ 2.0, 1.0 ], "autotile_index": 0.0, "autotile": 0.0 }, "608_256": { "flipX": 1.0, "flipY": 1.0, "tileset": "tile_graveyard2", "coord": [ 2.0, 1.0 ], "autotile_index": 0.0, "autotile": 0.0 }, "800_224": { "flipX": 1.0, "flipY": 1.0, "tileset": "tile_graveyard2", "coord": [ 2.0, 1.0 ], "autotile_index": 0.0, "autotile": 0.0 }, "832_224": { "flipX": 1.0, "flipY": 1.0, "tileset": "tile_graveyard2", "coord": [ 2.0, 1.0 ], "autotile_index": 0.0, "autotile": 0.0 }, "832_256": { "flipX": 1.0, "flipY": 1.0, "tileset": "tile_graveyard2", "coord": [ 2.0, 1.0 ], "autotile_index": 0.0, "autotile": 0.0 }, "736_480": { "flipX": 1.0, "flipY": 1.0, "tileset": "tile_graveyard2", "coord": [ 2.0, 1.0 ], "autotile_index": 0.0, "autotile": 0.0 }, "608_480": { "flipX": 1.0, "flipY": 1.0, "tileset": "tile_graveyard2", "coord": [ 2.0, 1.0 ], "autotile_index": 0.0, "autotile": 0.0 }, "800_352": { "flipX": 1.0, "flipY": 1.0, "tileset": "tile_graveyard2", "coord": [ 2.0, 1.0 ], "autotile_index": 0.0, "autotile": 0.0 }, "864_480": { "flipX": 1.0, "flipY": 1.0, "tileset": "tile_graveyard2", "coord": [ 2.0, 1.0 ], "autotile_index": 0.0, "autotile": 0.0 }, "608_224": { "flipX": 1.0, "flipY": 1.0, "tileset": "tile_graveyard2", "coord": [ 2.0, 1.0 ], "autotile_index": 0.0, "autotile": 0.0 }, "928_288": { "flipX": 1.0, "flipY": 1.0, "tileset": "tile_graveyard2", "coord": [ 3.0, 1.0 ], "autotile_index": 0.0, "autotile": 0.0 }, "672_224": { "flipX": 1.0, "flipY": 1.0, "tileset": "tile_graveyard2", "coord": [ 2.0, 1.0 ], "autotile_index": 0.0, "autotile": 0.0 }, "576_416": { "flipX": 1.0, "flipY": 1.0, "tileset": "tile_graveyard2", "coord": [ 1.0, 1.0 ], "autotile_index": 0.0, "autotile": 0.0 }, "800_256": { "flipX": 1.0, "flipY": 1.0, "tileset": "tile_graveyard2", "coord": [ 2.0, 1.0 ], "autotile_index": 0.0, "autotile": 0.0 }, "896_352": { "flipX": 1.0, "flipY": 1.0, "tileset": "tile_graveyard2", "coord": [ 2.0, 1.0 ], "autotile_index": 0.0, "autotile": 0.0 }, "928_416": { "flipX": 1.0, "flipY": 1.0, "tileset": "tile_graveyard2", "coord": [ 3.0, 1.0 ], "autotile_index": 0.0, "autotile": 0.0 }, "672_352": { "flipX": 1.0, "flipY": 1.0, "tileset": "tile_graveyard2", "coord": [ 2.0, 1.0 ], "autotile_index": 0.0, "autotile": 0.0 }, "608_352": { "flipX": 1.0, "flipY": 1.0, "tileset": "tile_graveyard2", "coord": [ 2.0, 1.0 ], "autotile_index": 0.0, "autotile": 0.0 }, "736_256": { "flipX": 1.0, "flipY": 1.0, "tileset": "tile_graveyard2", "coord": [ 2.0, 1.0 ], "autotile_index": 0.0, "autotile": 0.0 }, "576_160": { "flipX": 1.0, "flipY": 1.0, "tileset": "tile_graveyard2", "coord": [ 1.0, 1.0 ], "autotile_index": 0.0, "autotile": 0.0 }, "768_224": { "flipX": 1.0, "flipY": 1.0, "tileset": "tile_graveyard2", "coord": [ 2.0, 1.0 ], "autotile_index": 0.0, "autotile": 0.0 }, "672_288": { "flipX": 1.0, "flipY": 1.0, "tileset": "tile_graveyard2", "coord": [ 2.0, 1.0 ], "autotile_index": 0.0, "autotile": 0.0 }, "672_256": { "flipX": 1.0, "flipY": 1.0, "tileset": "tile_graveyard2", "coord": [ 2.0, 1.0 ], "autotile_index": 0.0, "autotile": 0.0 }, "768_288": { "flipX": 1.0, "flipY": 1.0, "tileset": "tile_graveyard2", "coord": [ 2.0, 1.0 ], "autotile_index": 0.0, "autotile": 0.0 }, "768_352": { "flipX": 1.0, "flipY": 1.0, "tileset": "tile_graveyard2", "coord": [ 2.0, 1.0 ], "autotile_index": 0.0, "autotile": 0.0 }, "800_288": { "flipX": 1.0, "flipY": 1.0, "tileset": "tile_graveyard2", "coord": [ 2.0, 1.0 ], "autotile_index": 0.0, "autotile": 0.0 }, "704_288": { "flipX": 1.0, "flipY": 1.0, "tileset": "tile_graveyard2", "coord": [ 2.0, 1.0 ], "autotile_index": 0.0, "autotile": 0.0 }, "832_480": { "flipX": 1.0, "flipY": 1.0, "tileset": "tile_graveyard2", "coord": [ 2.0, 1.0 ], "autotile_index": 0.0, "autotile": 0.0 }, "704_224": { "flipX": 1.0, "flipY": 1.0, "tileset": "tile_graveyard2", "coord": [ 2.0, 1.0 ], "autotile_index": 0.0, "autotile": 0.0 }, "704_160": { "flipX": 1.0, "flipY": 1.0, "tileset": "tile_graveyard2", "coord": [ 2.0, 1.0 ], "autotile_index": 0.0, "autotile": 0.0 }, "928_224": { "flipX": 1.0, "flipY": 1.0, "tileset": "tile_graveyard2", "coord": [ 3.0, 1.0 ], "autotile_index": 0.0, "autotile": 0.0 }, "672_320": { "flipX": 1.0, "flipY": 1.0, "tileset": "tile_graveyard2", "coord": [ 2.0, 1.0 ], "autotile_index": 0.0, "autotile": 0.0 }, "768_256": { "flipX": 1.0, "flipY": 1.0, "tileset": "tile_graveyard2", "coord": [ 2.0, 1.0 ], "autotile_index": 0.0, "autotile": 0.0 }, "704_192": { "flipX": 1.0, "flipY": 1.0, "tileset": "tile_graveyard2", "coord": [ 2.0, 1.0 ], "autotile_index": 0.0, "autotile": 0.0 }, "576_224": { "flipX": 1.0, "flipY": 1.0, "tileset": "tile_graveyard2", "coord": [ 1.0, 1.0 ], "autotile_index": 0.0, "autotile": 0.0 }, "928_448": { "flipX": 1.0, "flipY": 1.0, "tileset": "tile_graveyard2", "coord": [ 3.0, 1.0 ], "autotile_index": 0.0, "autotile": 0.0 }, "928_320": { "flipX": 1.0, "flipY": 1.0, "tileset": "tile_graveyard2", "coord": [ 3.0, 1.0 ], "autotile_index": 0.0, "autotile": 0.0 }, "768_448": { "flipX": 1.0, "flipY": 1.0, "tileset": "tile_graveyard2", "coord": [ 2.0, 1.0 ], "autotile_index": 0.0, "autotile": 0.0 }, "896_192": { "flipX": 1.0, "flipY": 1.0, "tileset": "tile_graveyard2", "coord": [ 2.0, 1.0 ], "autotile_index": 0.0, "autotile": 0.0 }, "736_320": { "flipX": 1.0, "flipY": 1.0, "tileset": "tile_graveyard2", "coord": [ 2.0, 1.0 ], "autotile_index": 0.0, "autotile": 0.0 }, "800_448": { "flipX": 1.0, "flipY": 1.0, "tileset": "tile_graveyard2", "coord": [ 2.0, 1.0 ], "autotile_index": 0.0, "autotile": 0.0 }, "864_448": { "flipX": 1.0, "flipY": 1.0, "tileset": "tile_graveyard2", "coord": [ 2.0, 1.0 ], "autotile_index": 0.0, "autotile": 0.0 }, "576_288": { "flipX": 1.0, "flipY": 1.0, "tileset": "tile_graveyard2", "coord": [ 1.0, 1.0 ], "autotile_index": 0.0, "autotile": 0.0 }, "576_256": { "flipX": 1.0, "flipY": 1.0, "tileset": "tile_graveyard2", "coord": [ 1.0, 1.0 ], "autotile_index": 0.0, "autotile": 0.0 }, "704_384": { "flipX": 1.0, "flipY": 1.0, "tileset": "tile_graveyard2", "coord": [ 2.0, 1.0 ], "autotile_index": 0.0, "autotile": 0.0 }, "576_480": { "flipX": 1.0, "flipY": 1.0, "tileset": "tile_graveyard2", "coord": [ 1.0, 1.0 ], "autotile_index": 0.0, "autotile": 0.0 }, "672_480": { "flipX": 1.0, "flipY": 1.0, "tileset": "tile_graveyard2", "coord": [ 2.0, 1.0 ], "autotile_index": 0.0, "autotile": 0.0 }, "704_256": { "flipX": 1.0, "flipY": 1.0, "tileset": "tile_graveyard2", "coord": [ 2.0, 1.0 ], "autotile_index": 0.0, "autotile": 0.0 }, "736_224": { "flipX": 1.0, "flipY": 1.0, "tileset": "tile_graveyard2", "coord": [ 2.0, 1.0 ], "autotile_index": 0.0, "autotile": 0.0 }, "768_192": { "flipX": 1.0, "flipY": 1.0, "tileset": "tile_graveyard2", "coord": [ 2.0, 1.0 ], "autotile_index": 0.0, "autotile": 0.0 }, "928_192": { "flipX": 1.0, "flipY": 1.0, "tileset": "tile_graveyard2", "coord": [ 3.0, 1.0 ], "autotile_index": 0.0, "autotile": 0.0 }, "864_416": { "flipX": 1.0, "flipY": 1.0, "tileset": "tile_graveyard2", "coord": [ 2.0, 1.0 ], "autotile_index": 0.0, "autotile": 0.0 }, "736_160": { "flipX": 1.0, "flipY": 1.0, "tileset": "tile_graveyard2", "coord": [ 2.0, 1.0 ], "autotile_index": 0.0, "autotile": 0.0 }, "832_320": { "flipX": 1.0, "flipY": 1.0, "tileset": "tile_graveyard2", "coord": [ 2.0, 1.0 ], "autotile_index": 0.0, "autotile": 0.0 }, "800_416": { "flipX": 1.0, "flipY": 1.0, "tileset": "tile_graveyard2", "coord": [ 2.0, 1.0 ], "autotile_index": 0.0, "autotile": 0.0 }, "768_384": { "flipX": 1.0, "flipY": 1.0, "tileset": "tile_graveyard2", "coord": [ 2.0, 1.0 ], "autotile_index": 0.0, "autotile": 0.0 }, "576_384": { "flipX": 1.0, "flipY": 1.0, "tileset": "tile_graveyard2", "coord": [ 1.0, 1.0 ], "autotile_index": 0.0, "autotile": 0.0 }, "608_192": { "flipX": 1.0, "flipY": 1.0, "tileset": "tile_graveyard2", "coord": [ 2.0, 1.0 ], "autotile_index": 0.0, "autotile": 0.0 }, "800_192": { "flipX": 1.0, "flipY": 1.0, "tileset": "tile_graveyard2", "coord": [ 2.0, 1.0 ], "autotile_index": 0.0, "autotile": 0.0 }, "608_160": { "flipX": 1.0, "flipY": 1.0, "tileset": "tile_graveyard2", "coord": [ 2.0, 1.0 ], "autotile_index": 0.0, "autotile": 0.0 }, "896_416": { "flipX": 1.0, "flipY": 1.0, "tileset": "tile_graveyard2", "coord": [ 2.0, 1.0 ], "autotile_index": 0.0, "autotile": 0.0 }, "640_224": { "flipX": 1.0, "flipY": 1.0, "tileset": "tile_graveyard2", "coord": [ 2.0, 1.0 ], "autotile_index": 0.0, "autotile": 0.0 }, "672_192": { "flipX": 1.0, "flipY": 1.0, "tileset": "tile_graveyard2", "coord": [ 2.0, 1.0 ], "autotile_index": 0.0, "autotile": 0.0 }, "736_192": { "flipX": 1.0, "flipY": 1.0, "tileset": "tile_graveyard2", "coord": [ 2.0, 1.0 ], "autotile_index": 0.0, "autotile": 0.0 }, "640_288": { "flipX": 1.0, "flipY": 1.0, "tileset": "tile_graveyard2", "coord": [ 2.0, 1.0 ], "autotile_index": 0.0, "autotile": 0.0 }, "640_320": { "flipX": 1.0, "flipY": 1.0, "tileset": "tile_graveyard2", "coord": [ 2.0, 1.0 ], "autotile_index": 0.0, "autotile": 0.0 }, "704_416": { "flipX": 1.0, "flipY": 1.0, "tileset": "tile_graveyard2", "coord": [ 2.0, 1.0 ], "autotile_index": 0.0, "autotile": 0.0 }, "800_320": { "flipX": 1.0, "flipY": 1.0, "tileset": "tile_graveyard2", "coord": [ 2.0, 1.0 ], "autotile_index": 0.0, "autotile": 0.0 }, "928_160": { "flipX": 1.0, "flipY": 1.0, "tileset": "tile_graveyard2", "coord": [ 3.0, 1.0 ], "autotile_index": 0.0, "autotile": 0.0 }, "672_416": { "flipX": 1.0, "flipY": 1.0, "tileset": "tile_graveyard2", "coord": [ 2.0, 1.0 ], "autotile_index": 0.0, "autotile": 0.0 }, "608_416": { "flipX": 1.0, "flipY": 1.0, "tileset": "tile_graveyard2", "coord": [ 2.0, 1.0 ], "autotile_index": 0.0, "autotile": 0.0 }, "736_352": { "flipX": 1.0, "flipY": 1.0, "tileset": "tile_graveyard2", "coord": [ 2.0, 1.0 ], "autotile_index": 0.0, "autotile": 0.0 }, "576_352": { "flipX": 1.0, "flipY": 1.0, "tileset": "tile_graveyard2", "coord": [ 1.0, 1.0 ], "autotile_index": 0.0, "autotile": 0.0 }, "832_160": { "flipX": 1.0, "flipY": 1.0, "tileset": "tile_graveyard2", "coord": [ 2.0, 1.0 ], "autotile_index": 0.0, "autotile": 0.0 }, "832_288": { "flipX": 1.0, "flipY": 1.0, "tileset": "tile_graveyard2", "coord": [ 2.0, 1.0 ], "autotile_index": 0.0, "autotile": 0.0 }, "864_320": { "flipX": 1.0, "flipY": 1.0, "tileset": "tile_graveyard2", "coord": [ 2.0, 1.0 ], "autotile_index": 0.0, "autotile": 0.0 }, "864_192": { "flipX": 1.0, "flipY": 1.0, "tileset": "tile_graveyard2", "coord": [ 2.0, 1.0 ], "autotile_index": 0.0, "autotile": 0.0 }, "864_384": { "flipX": 1.0, "flipY": 1.0, "tileset": "tile_graveyard2", "coord": [ 2.0, 1.0 ], "autotile_index": 0.0, "autotile": 0.0 }, "576_320": { "flipX": 1.0, "flipY": 1.0, "tileset": "tile_graveyard2", "coord": [ 1.0, 1.0 ], "autotile_index": 0.0, "autotile": 0.0 }, "928_352": { "flipX": 1.0, "flipY": 1.0, "tileset": "tile_graveyard2", "coord": [ 3.0, 1.0 ], "autotile_index": 0.0, "autotile": 0.0 }, "832_192": { "flipX": 1.0, "flipY": 1.0, "tileset": "tile_graveyard2", "coord": [ 2.0, 1.0 ], "autotile_index": 0.0, "autotile": 0.0 }, "576_192": { "flipX": 1.0, "flipY": 1.0, "tileset": "tile_graveyard2", "coord": [ 1.0, 1.0 ], "autotile_index": 0.0, "autotile": 0.0 }, "928_384": { "flipX": 1.0, "flipY": 1.0, "tileset": "tile_graveyard2", "coord": [ 3.0, 1.0 ], "autotile_index": 0.0, "autotile": 0.0 }, "896_256": { "flipX": 1.0, "flipY": 1.0, "tileset": "tile_graveyard2", "coord": [ 2.0, 1.0 ], "autotile_index": 0.0, "autotile": 0.0 }, "768_480": { "flipX": 1.0, "flipY": 1.0, "tileset": "tile_graveyard2", "coord": [ 2.0, 1.0 ], "autotile_index": 0.0, "autotile": 0.0 }, "896_224": { "flipX": 1.0, "flipY": 1.0, "tileset": "tile_graveyard2", "coord": [ 2.0, 1.0 ], "autotile_index": 0.0, "autotile": 0.0 }, "768_320": { "flipX": 1.0, "flipY": 1.0, "tileset": "tile_graveyard2", "coord": [ 2.0, 1.0 ], "autotile_index": 0.0, "autotile": 0.0 }, "896_480": { "flipX": 1.0, "flipY": 1.0, "tileset": "tile_graveyard2", "coord": [ 2.0, 1.0 ], "autotile_index": 0.0, "autotile": 0.0 }, "864_224": { "flipX": 1.0, "flipY": 1.0, "tileset": "tile_graveyard2", "coord": [ 2.0, 1.0 ], "autotile_index": 0.0, "autotile": 0.0 }, "864_160": { "flipX": 1.0, "flipY": 1.0, "tileset": "tile_graveyard2", "coord": [ 2.0, 1.0 ], "autotile_index": 0.0, "autotile": 0.0 }, "640_416": { "flipX": 1.0, "flipY": 1.0, "tileset": "tile_graveyard2", "coord": [ 2.0, 1.0 ], "autotile_index": 0.0, "autotile": 0.0 }, "832_448": { "flipX": 1.0, "flipY": 1.0, "tileset": "tile_graveyard2", "coord": [ 2.0, 1.0 ], "autotile_index": 0.0, "autotile": 0.0 }, "672_160": { "flipX": 1.0, "flipY": 1.0, "tileset": "tile_graveyard2", "coord": [ 2.0, 1.0 ], "autotile_index": 0.0, "autotile": 0.0 }, "608_448": { "flipX": 1.0, "flipY": 1.0, "tileset": "tile_graveyard2", "coord": [ 2.0, 1.0 ], "autotile_index": 0.0, "autotile": 0.0 }, "864_256": { "flipX": 1.0, "flipY": 1.0, "tileset": "tile_graveyard2", "coord": [ 2.0, 1.0 ], "autotile_index": 0.0, "autotile": 0.0 }, "896_288": { "flipX": 1.0, "flipY": 1.0, "tileset": "tile_graveyard2", "coord": [ 2.0, 1.0 ], "autotile_index": 0.0, "autotile": 0.0 }, "640_480": { "flipX": 1.0, "flipY": 1.0, "tileset": "tile_graveyard2", "coord": [ 2.0, 1.0 ], "autotile_index": 0.0, "autotile": 0.0 }, "800_384": { "flipX": 1.0, "flipY": 1.0, "tileset": "tile_graveyard2", "coord": [ 2.0, 1.0 ], "autotile_index": 0.0, "autotile": 0.0 }, "576_448": { "flipX": 1.0, "flipY": 1.0, "tileset": "tile_graveyard2", "coord": [ 1.0, 1.0 ], "autotile_index": 0.0, "autotile": 0.0 }, "768_160": { "flipX": 1.0, "flipY": 1.0, "tileset": "tile_graveyard2", "coord": [ 2.0, 1.0 ], "autotile_index": 0.0, "autotile": 0.0 }, "800_160": { "flipX": 1.0, "flipY": 1.0, "tileset": "tile_graveyard2", "coord": [ 2.0, 1.0 ], "autotile_index": 0.0, "autotile": 0.0 }, "640_256": { "flipX": 1.0, "flipY": 1.0, "tileset": "tile_graveyard2", "coord": [ 2.0, 1.0 ], "autotile_index": 0.0, "autotile": 0.0 }, "768_416": { "flipX": 1.0, "flipY": 1.0, "tileset": "tile_graveyard2", "coord": [ 2.0, 1.0 ], "autotile_index": 0.0, "autotile": 0.0 }, "608_288": { "flipX": 1.0, "flipY": 1.0, "tileset": "tile_graveyard2", "coord": [ 2.0, 1.0 ], "autotile_index": 0.0, "autotile": 0.0 }, "928_256": { "flipX": 1.0, "flipY": 1.0, "tileset": "tile_graveyard2", "coord": [ 3.0, 1.0 ], "autotile_index": 0.0, "autotile": 0.0 }, "640_352": { "flipX": 1.0, "flipY": 1.0, "tileset": "tile_graveyard2", "coord": [ 2.0, 1.0 ], "autotile_index": 0.0, "autotile": 0.0 }, "672_448": { "flipX": 1.0, "flipY": 1.0, "tileset": "tile_graveyard2", "coord": [ 2.0, 1.0 ], "autotile_index": 0.0, "autotile": 0.0 }, "736_288": { "flipX": 1.0, "flipY": 1.0, "tileset": "tile_graveyard2", "coord": [ 2.0, 1.0 ], "autotile_index": 0.0, "autotile": 0.0 }, "928_480": { "flipX": 1.0, "flipY": 1.0, "tileset": "tile_graveyard2", "coord": [ 3.0, 1.0 ], "autotile_index": 0.0, "autotile": 0.0 }, "832_352": { "flipX": 1.0, "flipY": 1.0, "tileset": "tile_graveyard2", "coord": [ 2.0, 1.0 ], "autotile_index": 0.0, "autotile": 0.0 }, "736_384": { "flipX": 1.0, "flipY": 1.0, "tileset": "tile_graveyard2", "coord": [ 2.0, 1.0 ], "autotile_index": 0.0, "autotile": 0.0 }, "736_448": { "flipX": 1.0, "flipY": 1.0, "tileset": "tile_graveyard2", "coord": [ 2.0, 1.0 ], "autotile_index": 0.0, "autotile": 0.0 }, "736_416": { "flipX": 1.0, "flipY": 1.0, "tileset": "tile_graveyard2", "coord": [ 2.0, 1.0 ], "autotile_index": 0.0, "autotile": 0.0 }, "640_192": { "flipX": 1.0, "flipY": 1.0, "tileset": "tile_graveyard2", "coord": [ 2.0, 1.0 ], "autotile_index": 0.0, "autotile": 0.0 }, "896_448": { "flipX": 1.0, "flipY": 1.0, "tileset": "tile_graveyard2", "coord": [ 2.0, 1.0 ], "autotile_index": 0.0, "autotile": 0.0 }, "864_352": { "flipX": 1.0, "flipY": 1.0, "tileset": "tile_graveyard2", "coord": [ 2.0, 1.0 ], "autotile_index": 0.0, "autotile": 0.0 }, "704_320": { "flipX": 1.0, "flipY": 1.0, "tileset": "tile_graveyard2", "coord": [ 2.0, 1.0 ], "autotile_index": 0.0, "autotile": 0.0 }, "704_352": { "flipX": 1.0, "flipY": 1.0, "tileset": "tile_graveyard2", "coord": [ 2.0, 1.0 ], "autotile_index": 0.0, "autotile": 0.0 }, "800_480": { "flipX": 1.0, "flipY": 1.0, "tileset": "tile_graveyard2", "coord": [ 2.0, 1.0 ], "autotile_index": 0.0, "autotile": 0.0 }, "608_384": { "flipX": 1.0, "flipY": 1.0, "tileset": "tile_graveyard2", "coord": [ 2.0, 1.0 ], "autotile_index": 0.0, "autotile": 0.0 }, "896_160": { "flipX": 1.0, "flipY": 1.0, "tileset": "tile_graveyard2", "coord": [ 2.0, 1.0 ], "autotile_index": 0.0, "autotile": 0.0 }, "640_160": { "flipX": 1.0, "flipY": 1.0, "tileset": "tile_graveyard2", "coord": [ 2.0, 1.0 ], "autotile_index": 0.0, "autotile": 0.0 }, "608_320": { "flipX": 1.0, "flipY": 1.0, "tileset": "tile_graveyard2", "coord": [ 2.0, 1.0 ], "autotile_index": 0.0, "autotile": 0.0 }, "896_320": { "flipX": 1.0, "flipY": 1.0, "tileset": "tile_graveyard2", "coord": [ 2.0, 1.0 ], "autotile_index": 0.0, "autotile": 0.0 }, "704_448": { "flipX": 1.0, "flipY": 1.0, "tileset": "tile_graveyard2", "coord": [ 2.0, 1.0 ], "autotile_index": 0.0, "autotile": 0.0 }, "640_384": { "flipX": 1.0, "flipY": 1.0, "tileset": "tile_graveyard2", "coord": [ 2.0, 1.0 ], "autotile_index": 0.0, "autotile": 0.0 }, "672_384": { "flipX": 1.0, "flipY": 1.0, "tileset": "tile_graveyard2", "coord": [ 2.0, 1.0 ], "autotile_index": 0.0, "autotile": 0.0 }, "832_416": { "flipX": 1.0, "flipY": 1.0, "tileset": "tile_graveyard2", "coord": [ 2.0, 1.0 ], "autotile_index": 0.0, "autotile": 0.0 }, "896_384": { "flipX": 1.0, "flipY": 1.0, "tileset": "tile_graveyard2", "coord": [ 2.0, 1.0 ], "autotile_index": 0.0, "autotile": 0.0 }, "832_384": { "flipX": 1.0, "flipY": 1.0, "tileset": "tile_graveyard2", "coord": [ 2.0, 1.0 ], "autotile_index": 0.0, "autotile": 0.0 }, "704_480": { "flipX": 1.0, "flipY": 1.0, "tileset": "tile_graveyard2", "coord": [ 2.0, 1.0 ], "autotile_index": 0.0, "autotile": 0.0 }, "864_288": { "flipX": 1.0, "flipY": 1.0, "tileset": "tile_graveyard2", "coord": [ 2.0, 1.0 ], "autotile_index": 0.0, "autotile": 0.0 } }, "10": { "640_320": { "flipX": 1.0, "flipY": 1.0, "tileset": "tilesD_text", "coord": [ 0.0, 0.0 ], "autotile_index": 0.0, "autotile": 0.0 }, "704_416": { "flipX": 1.0, "flipY": 1.0, "tileset": "tiles_doors", "coord": [ 6.0, 2.0 ], "autotile_index": 0.0, "autotile": 0.0 }, "928_320": { "flipX": 1.0, "flipY": 1.0, "tileset": "tilesD_text", "coord": [ 8.0, 0.0 ], "autotile_index": 0.0, "autotile": 0.0 }, "768_416": { "flipX": 1.0, "flipY": 1.0, "tileset": "tiles_doors", "coord": [ 8.0, 2.0 ], "autotile_index": 0.0, "autotile": 0.0 }, "800_320": { "flipX": 1.0, "flipY": 1.0, "tileset": "tilesD_text", "coord": [ 4.0, 0.0 ], "autotile_index": 0.0, "autotile": 0.0 }, "768_448": { "flipX": 1.0, "flipY": 1.0, "tileset": "tiles_doors", "coord": [ 8.0, 3.0 ], "autotile_index": 0.0, "autotile": 0.0 }, "800_352": { "flipX": 1.0, "flipY": 1.0, "tileset": "tiles_doors", "coord": [ 9.0, 0.0 ], "autotile_index": 0.0, "autotile": 0.0 }, "736_352": { "flipX": 1.0, "flipY": 1.0, "tileset": "tiles_doors", "coord": [ 7.0, 0.0 ], "autotile_index": 0.0, "autotile": 0.0 }, "736_320": { "flipX": 1.0, "flipY": 1.0, "tileset": "tilesD_text", "coord": [ 3.0, 0.0 ], "autotile_index": 0.0, "autotile": 0.0 }, "800_448": { "flipX": 1.0, "flipY": 1.0, "tileset": "tiles_doors", "coord": [ 9.0, 3.0 ], "autotile_index": 0.0, "autotile": 0.0 }, "864_320": { "flipX": 1.0, "flipY": 1.0, "tileset": "tilesD_text", "coord": [ 6.0, 0.0 ], "autotile_index": 0.0, "autotile": 0.0 }, "736_384": { "flipX": 1.0, "flipY": 1.0, "tileset": "tiles_doors", "coord": [ 7.0, 1.0 ], "autotile_index": 0.0, "autotile": 0.0 }, "704_384": { "flipX": 1.0, "flipY": 1.0, "tileset": "tiles_doors", "coord": [ 6.0, 1.0 ], "autotile_index": 0.0, "autotile": 0.0 }, "736_448": { "flipX": 1.0, "flipY": 1.0, "tileset": "tiles_doors", "coord": [ 7.0, 3.0 ], "autotile_index": 0.0, "autotile": 0.0 }, "736_416": { "flipX": 1.0, "flipY": 1.0, "tileset": "tiles_doors", "coord": [ 7.0, 2.0 ], "autotile_index": 0.0, "autotile": 0.0 }, "704_320": { "flipX": 1.0, "flipY": 1.0, "tileset": "tilesD_text", "coord": [ 2.0, 0.0 ], "autotile_index": 0.0, "autotile": 0.0 }, "704_352": { "flipX": 1.0, "flipY": 1.0, "tileset": "tiles_doors", "coord": [ 6.0, 0.0 ], "autotile_index": 0.0, "autotile": 0.0 }, "832_320": { "flipX": 1.0, "flipY": 1.0, "tileset": "tilesD_text", "coord": [ 5.0, 0.0 ], "autotile_index": 0.0, "autotile": 0.0 }, "800_416": { "flipX": 1.0, "flipY": 1.0, "tileset": "tiles_doors", "coord": [ 9.0, 2.0 ], "autotile_index": 0.0, "autotile": 0.0 }, "768_384": { "flipX": 1.0, "flipY": 1.0, "tileset": "tiles_doors", "coord": [ 8.0, 1.0 ], "autotile_index": 0.0, "autotile": 0.0 }, "608_320": { "flipX": 1.0, "flipY": 1.0, "tileset": "tilesD_text", "coord": [ 0.0, 2.0 ], "autotile_index": 0.0, "autotile": 0.0 }, "896_320": { "flipX": 1.0, "flipY": 1.0, "tileset": "tilesD_text", "coord": [ 7.0, 0.0 ], "autotile_index": 0.0, "autotile": 0.0 }, "768_352": { "flipX": 1.0, "flipY": 1.0, "tileset": "tiles_doors", "coord": [ 8.0, 0.0 ], "autotile_index": 0.0, "autotile": 0.0 }, "704_448": { "flipX": 1.0, "flipY": 1.0, "tileset": "tiles_doors", "coord": [ 6.0, 3.0 ], "autotile_index": 0.0, "autotile": 0.0 }, "672_320": { "flipX": 1.0, "flipY": 1.0, "tileset": "tilesD_text", "coord": [ 1.0, 0.0 ], "autotile_index": 0.0, "autotile": 0.0 }, "800_384": { "flipX": 1.0, "flipY": 1.0, "tileset": "tiles_doors", "coord": [ 9.0, 1.0 ], "autotile_index": 0.0, "autotile": 0.0 } } }, "backgrounds": { "5": { "x": 0.0, "scroll_y": 0.75, "panic_sprite": -1.0, "hspeed": 0.0, "tile_y": 1.0, "character": "None", "y": 0.0, "escape": "None", "tile_x": 1.0, "sprite": "bg_kidsparty1", "vspeed": 0.0, "image_speed": "21", "scroll_x": 0.75 } } }