{ "properties": { "song": "event:\/music\/hub.1", "songTransitionTime": 100.0, "pausecombo": 0.0, "roomX": 0.0, "levelWidth": 2112.0, "roomY": -512.0, "levelHeight": 540.0 }, "isNoiseUpdate": 1.0, "editorVersion": 6.0, "instances": [ { "layer": 0.0, "object": "obj_solid", "deleted": 0.0, "variables": { "x": 0.0, "flipX": 0.0, "y": 320.0, "flipY": 0.0, "image_xscale": 66.0, "image_yscale": 7.0 } }, { "layer": 0.0, "object": "obj_tutorialbook", "deleted": 0.0, "variables": { "x": 2048.0, "flipX": 0.0, "y": 267.0, "flipY": 0.0, "image_xscale": 1.0, "image_yscale": 1.0, "background_spr": "99_chat_bg", "showgranny": "false", "text": 99.0 } }, { "layer": 0.0, "object": "obj_startgate", "deleted": 0.0, "variables": { "x": 1088.0, "flipX": 0.0, "y": 176.5, "flipY": 0.0 } }, { "layer": 0.0, "object": "obj_solid", "deleted": 0.0, "variables": { "x": 0.0, "flipX": 0.0, "y": -512.0, "flipY": 0.0, "image_xscale": 4.0, "image_yscale": 33.0 } }, { "layer": 0.0, "object": "obj_tutorialbook", "deleted": 0.0, "variables": { "x": -96.0, "flipX": 0.0, "y": -149.0, "flipY": 0.0 } }, { "layer": 0.0, "object": "obj_startgate_treasure", "deleted": 0.0, "variables": { "x": 1376.0, "flipX": 0.0, "y": 160.0, "flipY": 0.0 } }, { "layer": 0.0, "object": "obj_solid", "deleted": 0.0, "variables": { "x": 1280.0, "flipX": 0.0, "y": 256.0, "flipY": 0.0, "image_xscale": 6.0, "image_yscale": 9.0 } }, { "layer": 0.0, "object": "obj_solid", "deleted": 0.0, "variables": { "x": 2016.0, "flipX": 0.0, "y": -512.0, "flipY": 0.0, "image_xscale": 3.0, "image_yscale": 26.0 } }, { "layer": 0.0, "object": "obj_solid", "deleted": 0.0, "variables": { "x": 0.0, "flipX": 0.0, "y": -512.0, "flipY": 0.0, "image_xscale": 66.0, "image_yscale": 3.0 } }, { "layer": 0.0, "object": "obj_doorA", "deleted": 0.0, "variables": { "x": 608.0, "flipX": 0.0, "y": 288.0, "flipY": 0.0 } }, { "layer": 0.0, "object": "obj_doorA", "deleted": 1.0, "variables": { "x": -32.0, "flipX": 0.0, "y": -448.0, "flipY": 0.0 } }, { "layer": 0.0, "object": "obj_doorA", "deleted": 1.0, "variables": { "x": -32.0, "flipX": 0.0, "y": -480.0, "flipY": 0.0 } } ], "tile_data": { "5": { "416_-544": { "flipX": 1.0, "flipY": 1.0, "tileset": "tile_entrance1", "coord": [ 0.0, 0.0 ], "autotile_index": 0.0, "autotile": 0.0 }, "448_-544": { "flipX": 1.0, "flipY": 1.0, "tileset": "tile_entrance1", "coord": [ 0.0, 0.0 ], "autotile_index": 0.0, "autotile": 0.0 } } }, "backgrounds": { "5": { "x": 116.0, "scroll_y": 0.75, "panic_sprite": -1.0, "hspeed": 0.0, "tile_y": 1.0, "character": "None", "y": 271.0, "escape": "None", "tile_x": 1.0, "sprite": "bg_medievallibrairy1", "vspeed": 0.0, "image_speed": 0.0, "scroll_x": 0.75 } } }