{ "properties": { "song": "event:\/music\/w5\/finalhallway", "songTransitionTime": 100.0, "pausecombo": 0.0, "roomX": 0.0, "levelWidth": 960.0, "roomY": 0.0, "levelHeight": 540.0 }, "isNoiseUpdate": 1.0, "editorVersion": 6.0, "instances": [ { "layer": 0.0, "object": "obj_solid", "deleted": 0.0, "variables": { "x": -160.0, "flipX": 0.0, "y": 480.0, "flipY": 0.0, "image_xscale": 35.0, "image_yscale": 2.0 } }, { "layer": 0.0, "object": "obj_solid", "deleted": 0.0, "variables": { "x": 896.0, "flipX": 0.0, "y": 0.0, "flipY": 0.0, "image_xscale": 2.0, "image_yscale": 17.0 } }, { "layer": 0.0, "object": "obj_solid", "deleted": 0.0, "variables": { "x": -160.0, "flipX": 0.0, "y": 0.0, "flipY": 0.0, "image_xscale": 8.0, "image_yscale": 13.0 } }, { "layer": 0.0, "object": "obj_solid", "deleted": 0.0, "variables": { "x": -160.0, "flipX": 0.0, "y": 0.0, "flipY": 0.0, "image_xscale": 35.0, "image_yscale": 7.0 } }, { "layer": 1.0, "object": "obj_monstersolid", "deleted": 0.0, "variables": { "x": -160.0, "flipX": 0.0, "y": 480.0, "flipY": 0.0, "image_xscale": 35.0, "image_yscale": 2.0 } }, { "layer": 0.0, "object": "obj_hillbillymonster", "deleted": 0.0, "variables": { "x": 832.0, "flipX": 0.0, "y": 434.5, "flipY": 0.0, "image_xscale": 1.0, "image_yscale": 1.0 } }, { "layer": 0.0, "object": "obj_darkcontroller", "deleted": 0.0, "variables": { "x": -224.0, "flipX": 0.0, "y": -96.0, "flipY": 0.0, "image_xscale": 1.0, "image_yscale": 1.0, "kidsparty": "Chateau" } }, { "layer": 0.0, "object": "obj_doorA", "deleted": 0.0, "variables": { "x": -64.0, "flipX": 0.0, "y": 448.0, "flipY": 0.0 } }, { "layer": 1.0, "object": "obj_doorD", "deleted": 0.0, "variables": { "x": -64.0, "flipX": 0.0, "y": 448.0, "flipY": 0.0 } }, { "layer": 0.0, "object": "obj_hallway", "deleted": 0.0, "variables": { "targetDoor": "D", "x": -224.0, "flipX": 0.0, "y": 416.0, "flipY": 0.0, "image_xscale": 4.0, "image_yscale": 1.0, "targetRoom": "floor1" } }, { "layer": 1.0, "object": "obj_chateaulight", "deleted": 0.0, "variables": { "x": 832.0, "flipX": 0.0, "y": 416.0, "flipY": 0.0, "image_xscale": 1.0, "image_yscale": 1.0 } }, { "layer": 0.0, "object": "obj_pizzaboxunopen", "deleted": 0.0, "variables": { "x": 832.0, "flipX": 0.0, "y": 448.0, "flipY": 0.0, "image_xscale": 1.0, "visible": "false", "image_yscale": 1.0, "content": "obj_mainmenu_jumpscare" } }, { "layer": 0.0, "object": "obj_metalblock", "deleted": 0.0, "variables": { "x": 384.0, "flipX": 0.0, "y": 416.0, "flipY": 0.0 } }, { "layer": 0.0, "object": "obj_solid", "deleted": 0.0, "variables": { "x": 352.0, "flipX": 0.0, "y": 32.0, "flipY": 0.0, "image_xscale": 4.0, "image_yscale": 12.0 } }, { "layer": 0.0, "object": "obj_solid", "deleted": 0.0, "variables": { "x": 544.0, "flipX": 0.0, "y": 384.0, "flipY": 0.0, "image_xscale": 2.0, "image_yscale": 5.0 } } ], "tile_data": { "5": { "480_32": { "flipX": 1.0, "flipY": 1.0, "tileset": "tile_medieval2", "coord": [ 8.0, 1.0 ], "autotile_index": 0.0, "autotile": 1.0 }, "864_96": { "flipX": 1.0, "flipY": 1.0, "tileset": "tile_medieval2", "coord": [ 8.0, 1.0 ], "autotile_index": 0.0, "autotile": 1.0 }, "544_448": { "flipX": 1.0, "flipY": 1.0, "tileset": "tile_medieval2", "coord": [ 1, 2 ], "autotile_index": 0.0, "autotile": 1.0 }, "128_96": { "flipX": 1.0, "flipY": 1.0, "tileset": "tile_medieval2", "coord": [ 8.0, 1.0 ], "autotile_index": 0.0, "autotile": 1.0 }, "32_320": { "flipX": 1.0, "flipY": 1.0, "tileset": "tile_medieval2", "coord": [ 2.0, 2.0 ], "autotile_index": 0.0, "autotile": 1.0 }, "352_256": { "flipX": 1.0, "flipY": 1.0, "tileset": "tile_medieval2", "coord": [ 1, 2 ], "autotile_index": 0.0, "autotile": 1.0 }, "128_480": { "flipX": 1.0, "flipY": 1.0, "tileset": "tile_medieval2", "coord": [ 2.0, 1.0 ], "autotile_index": 0.0, "autotile": 1.0 }, "896_416": { "flipX": 1.0, "flipY": 1.0, "tileset": "tile_medieval2", "coord": [ 1.0, 2.0 ], "autotile_index": 0.0, "autotile": 1.0 }, "160_192": { "flipX": 1.0, "flipY": 1.0, "tileset": "tile_medieval2", "coord": [ 2.0, 3.0 ], "autotile_index": 0.0, "autotile": 1.0 }, "448_480": { "flipX": 1.0, "flipY": 1.0, "tileset": "tile_medieval2", "coord": [ 2.0, 1.0 ], "autotile_index": 0.0, "autotile": 1.0 }, "256_160": { "flipX": 1.0, "flipY": 1.0, "tileset": "tile_medieval2", "coord": [ 2.0, 2.0 ], "autotile_index": 0.0, "autotile": 1.0 }, "320_64": { "flipX": 1.0, "flipY": 1.0, "tileset": "tile_medieval2", "coord": [ 8.0, 1.0 ], "autotile_index": 0.0, "autotile": 1.0 }, "0_96": { "flipX": 1.0, "flipY": 1.0, "tileset": "tile_medieval2", "coord": [ 8.0, 1.0 ], "autotile_index": 0.0, "autotile": 1.0 }, "448_128": { "flipX": 1.0, "flipY": 1.0, "tileset": "tile_medieval2", "coord": [ 8.0, 1.0 ], "autotile_index": 0.0, "autotile": 1.0 }, "480_64": { "flipX": 1.0, "flipY": 1.0, "tileset": "tile_medieval2", "coord": [ 8.0, 1.0 ], "autotile_index": 0.0, "autotile": 1.0 }, "608_0": { "flipX": 1.0, "flipY": 1.0, "tileset": "tile_medieval2", "coord": [ 8.0, 1.0 ], "autotile_index": 0.0, "autotile": 1.0 }, "96_0": { "flipX": 1.0, "flipY": 1.0, "tileset": "tile_medieval2", "coord": [ 8.0, 1.0 ], "autotile_index": 0.0, "autotile": 1.0 }, "896_96": { "flipX": 1.0, "flipY": 1.0, "tileset": "tile_medieval2", "coord": [ 8.0, 1.0 ], "autotile_index": 0.0, "autotile": 1.0 }, "448_384": { "flipX": 1.0, "flipY": 1.0, "tileset": "tile_medieval2", "coord": [ 3, 3 ], "autotile_index": 0.0, "autotile": 1.0 }, "384_480": { "flipX": 1.0, "flipY": 1.0, "tileset": "tile_medieval2", "coord": [ 2.0, 1.0 ], "autotile_index": 0.0, "autotile": 1.0 }, "128_192": { "flipX": 1.0, "flipY": 1.0, "tileset": "tile_medieval2", "coord": [ 2.0, 3.0 ], "autotile_index": 0.0, "autotile": 1.0 }, "576_416": { "flipX": 1.0, "flipY": 1.0, "tileset": "tile_medieval2", "coord": [ 3, 2 ], "autotile_index": 0.0, "autotile": 1.0 }, "608_192": { "flipX": 1.0, "flipY": 1.0, "tileset": "tile_medieval2", "coord": [ 2.0, 3.0 ], "autotile_index": 0.0, "autotile": 1.0 }, "0_0": { "flipX": 1.0, "flipY": 1.0, "tileset": "tile_medieval2", "coord": [ 8.0, 1.0 ], "autotile_index": 0.0, "autotile": 1.0 }, "576_192": { "flipX": 1.0, "flipY": 1.0, "tileset": "tile_medieval2", "coord": [ 2.0, 3.0 ], "autotile_index": 0.0, "autotile": 1.0 }, "672_32": { "flipX": 1.0, "flipY": 1.0, "tileset": "tile_medieval2", "coord": [ 8.0, 1.0 ], "autotile_index": 0.0, "autotile": 1.0 }, "224_512": { "flipX": 1.0, "flipY": 1.0, "tileset": "tile_medieval2", "coord": [ 2.0, 2.0 ], "autotile_index": 0.0, "autotile": 1.0 }, "384_192": { "flipX": 1.0, "flipY": 1.0, "tileset": "tile_medieval2", "coord": [ 2, 2 ], "autotile_index": 0.0, "autotile": 1.0 }, "320_480": { "flipX": 1.0, "flipY": 1.0, "tileset": "tile_medieval2", "coord": [ 2.0, 1.0 ], "autotile_index": 0.0, "autotile": 1.0 }, "352_0": { "flipX": 1.0, "flipY": 1.0, "tileset": "tile_medieval2", "coord": [ 8.0, 1.0 ], "autotile_index": 0.0, "autotile": 1.0 }, "416_320": { "flipX": 1.0, "flipY": 1.0, "tileset": "tile_medieval2", "coord": [ 2, 2 ], "autotile_index": 0.0, "autotile": 1.0 }, "704_64": { "flipX": 1.0, "flipY": 1.0, "tileset": "tile_medieval2", "coord": [ 8.0, 1.0 ], "autotile_index": 0.0, "autotile": 1.0 }, "608_128": { "flipX": 1.0, "flipY": 1.0, "tileset": "tile_medieval2", "coord": [ 8.0, 1.0 ], "autotile_index": 0.0, "autotile": 1.0 }, "256_128": { "flipX": 1.0, "flipY": 1.0, "tileset": "tile_medieval2", "coord": [ 8.0, 1.0 ], "autotile_index": 0.0, "autotile": 1.0 }, "832_0": { "flipX": 1.0, "flipY": 1.0, "tileset": "tile_medieval2", "coord": [ 8.0, 1.0 ], "autotile_index": 0.0, "autotile": 1.0 }, "192_96": { "flipX": 1.0, "flipY": 1.0, "tileset": "tile_medieval2", "coord": [ 8.0, 1.0 ], "autotile_index": 0.0, "autotile": 1.0 }, "640_160": { "flipX": 1.0, "flipY": 1.0, "tileset": "tile_medieval2", "coord": [ 2.0, 2.0 ], "autotile_index": 0.0, "autotile": 1.0 }, "896_480": { "flipX": 1.0, "flipY": 1.0, "tileset": "tile_medieval2", "coord": [ 3.0, 7.0 ], "autotile_index": 0.0, "autotile": 1.0 }, "96_96": { "flipX": 1.0, "flipY": 1.0, "tileset": "tile_medieval2", "coord": [ 8.0, 1.0 ], "autotile_index": 0.0, "autotile": 1.0 }, "416_160": { "flipX": 1.0, "flipY": 1.0, "tileset": "tile_medieval2", "coord": [ 2, 2 ], "autotile_index": 0.0, "autotile": 1.0 }, "448_96": { "flipX": 1.0, "flipY": 1.0, "tileset": "tile_medieval2", "coord": [ 8.0, 1.0 ], "autotile_index": 0.0, "autotile": 1.0 }, "224_32": { "flipX": 1.0, "flipY": 1.0, "tileset": "tile_medieval2", "coord": [ 8.0, 1.0 ], "autotile_index": 0.0, "autotile": 1.0 }, "480_96": { "flipX": 1.0, "flipY": 1.0, "tileset": "tile_medieval2", "coord": [ 8.0, 1.0 ], "autotile_index": 0.0, "autotile": 1.0 }, "800_512": { "flipX": 1.0, "flipY": 1.0, "tileset": "tile_medieval2", "coord": [ 2.0, 2.0 ], "autotile_index": 0.0, "autotile": 1.0 }, "800_128": { "flipX": 1.0, "flipY": 1.0, "tileset": "tile_medieval2", "coord": [ 8.0, 1.0 ], "autotile_index": 0.0, "autotile": 1.0 }, "384_256": { "flipX": 1.0, "flipY": 1.0, "tileset": "tile_medieval2", "coord": [ 2, 2 ], "autotile_index": 0.0, "autotile": 1.0 }, "480_128": { "flipX": 1.0, "flipY": 1.0, "tileset": "tile_medieval2", "coord": [ 8.0, 1.0 ], "autotile_index": 0.0, "autotile": 1.0 }, "224_128": { "flipX": 1.0, "flipY": 1.0, "tileset": "tile_medieval2", "coord": [ 8.0, 1.0 ], "autotile_index": 0.0, "autotile": 1.0 }, "320_0": { "flipX": 1.0, "flipY": 1.0, "tileset": "tile_medieval2", "coord": [ 8.0, 1.0 ], "autotile_index": 0.0, "autotile": 1.0 }, "928_256": { "flipX": 1.0, "flipY": 1.0, "tileset": "tile_medieval2", "coord": [ 2.0, 2.0 ], "autotile_index": 0.0, "autotile": 1.0 }, "224_0": { "flipX": 1.0, "flipY": 1.0, "tileset": "tile_medieval2", "coord": [ 8.0, 1.0 ], "autotile_index": 0.0, "autotile": 1.0 }, "800_32": { "flipX": 1.0, "flipY": 1.0, "tileset": "tile_medieval2", "coord": [ 8.0, 1.0 ], "autotile_index": 0.0, "autotile": 1.0 }, "192_0": { "flipX": 1.0, "flipY": 1.0, "tileset": "tile_medieval2", "coord": [ 8.0, 1.0 ], "autotile_index": 0.0, "autotile": 1.0 }, "672_64": { "flipX": 1.0, "flipY": 1.0, "tileset": "tile_medieval2", "coord": [ 8.0, 1.0 ], "autotile_index": 0.0, "autotile": 1.0 }, "320_96": { "flipX": 1.0, "flipY": 1.0, "tileset": "tile_medieval2", "coord": [ 8.0, 1.0 ], "autotile_index": 0.0, "autotile": 1.0 }, "352_32": { "flipX": 1.0, "flipY": 1.0, "tileset": "tile_medieval2", "coord": [ 8.0, 1.0 ], "autotile_index": 0.0, "autotile": 1.0 }, "512_0": { "flipX": 1.0, "flipY": 1.0, "tileset": "tile_medieval2", "coord": [ 8.0, 1.0 ], "autotile_index": 0.0, "autotile": 1.0 }, "896_320": { "flipX": 1.0, "flipY": 1.0, "tileset": "tile_medieval2", "coord": [ 1.0, 2.0 ], "autotile_index": 0.0, "autotile": 1.0 }, "544_32": { "flipX": 1.0, "flipY": 1.0, "tileset": "tile_medieval2", "coord": [ 8.0, 1.0 ], "autotile_index": 0.0, "autotile": 1.0 }, "448_0": { "flipX": 1.0, "flipY": 1.0, "tileset": "tile_medieval2", "coord": [ 8.0, 1.0 ], "autotile_index": 0.0, "autotile": 1.0 }, "896_384": { "flipX": 1.0, "flipY": 1.0, "tileset": "tile_medieval2", "coord": [ 1.0, 2.0 ], "autotile_index": 0.0, "autotile": 1.0 }, "64_384": { "flipX": 1.0, "flipY": 1.0, "tileset": "tile_medieval2", "coord": [ 3.0, 3.0 ], "autotile_index": 0.0, "autotile": 1.0 }, "384_0": { "flipX": 1.0, "flipY": 1.0, "tileset": "tile_medieval2", "coord": [ 8.0, 1.0 ], "autotile_index": 0.0, "autotile": 1.0 }, "832_96": { "flipX": 1.0, "flipY": 1.0, "tileset": "tile_medieval2", "coord": [ 8.0, 1.0 ], "autotile_index": 0.0, "autotile": 1.0 }, "288_64": { "flipX": 1.0, "flipY": 1.0, "tileset": "tile_medieval2", "coord": [ 8.0, 1.0 ], "autotile_index": 0.0, "autotile": 1.0 }, "64_160": { "flipX": 1.0, "flipY": 1.0, "tileset": "tile_medieval2", "coord": [ 2.0, 2.0 ], "autotile_index": 0.0, "autotile": 1.0 }, "448_320": { "flipX": 1.0, "flipY": 1.0, "tileset": "tile_medieval2", "coord": [ 3, 2 ], "autotile_index": 0.0, "autotile": 1.0 }, "640_192": { "flipX": 1.0, "flipY": 1.0, "tileset": "tile_medieval2", "coord": [ 2.0, 3.0 ], "autotile_index": 0.0, "autotile": 1.0 }, "352_224": { "flipX": 1.0, "flipY": 1.0, "tileset": "tile_medieval2", "coord": [ 1, 2 ], "autotile_index": 0.0, "autotile": 1.0 }, "416_32": { "flipX": 1.0, "flipY": 1.0, "tileset": "tile_medieval2", "coord": [ 8.0, 1.0 ], "autotile_index": 0.0, "autotile": 1.0 }, "928_64": { "flipX": 1.0, "flipY": 1.0, "tileset": "tile_medieval2", "coord": [ 8.0, 1.0 ], "autotile_index": 0.0, "autotile": 1.0 }, "928_192": { "flipX": 1.0, "flipY": 1.0, "tileset": "tile_medieval2", "coord": [ 2.0, 2.0 ], "autotile_index": 0.0, "autotile": 1.0 }, "32_384": { "flipX": 1.0, "flipY": 1.0, "tileset": "tile_medieval2", "coord": [ 2.0, 3.0 ], "autotile_index": 0.0, "autotile": 1.0 }, "0_224": { "flipX": 1.0, "flipY": 1.0, "tileset": "tile_medieval2", "coord": [ 8.0, 1.0 ], "autotile_index": 0.0, "autotile": 1.0 }, "0_192": { "flipX": 1.0, "flipY": 1.0, "tileset": "tile_medieval2", "coord": [ 8.0, 1.0 ], "autotile_index": 0.0, "autotile": 1.0 }, "640_0": { "flipX": 1.0, "flipY": 1.0, "tileset": "tile_medieval2", "coord": [ 8.0, 1.0 ], "autotile_index": 0.0, "autotile": 1.0 }, "64_288": { "flipX": 1.0, "flipY": 1.0, "tileset": "tile_medieval2", "coord": [ 3.0, 2.0 ], "autotile_index": 0.0, "autotile": 1.0 }, "64_128": { "flipX": 1.0, "flipY": 1.0, "tileset": "tile_medieval2", "coord": [ 8.0, 1.0 ], "autotile_index": 0.0, "autotile": 1.0 }, "416_256": { "flipX": 1.0, "flipY": 1.0, "tileset": "tile_medieval2", "coord": [ 2, 2 ], "autotile_index": 0.0, "autotile": 1.0 }, "672_512": { "flipX": 1.0, "flipY": 1.0, "tileset": "tile_medieval2", "coord": [ 2.0, 2.0 ], "autotile_index": 0.0, "autotile": 1.0 }, "32_96": { "flipX": 1.0, "flipY": 1.0, "tileset": "tile_medieval2", "coord": [ 8.0, 1.0 ], "autotile_index": 0.0, "autotile": 1.0 }, "896_256": { "flipX": 1.0, "flipY": 1.0, "tileset": "tile_medieval2", "coord": [ 1.0, 2.0 ], "autotile_index": 0.0, "autotile": 1.0 }, "96_480": { "flipX": 1.0, "flipY": 1.0, "tileset": "tile_medieval2", "coord": [ 2.0, 1.0 ], "autotile_index": 0.0, "autotile": 1.0 }, "32_288": { "flipX": 1.0, "flipY": 1.0, "tileset": "tile_medieval2", "coord": [ 2.0, 2.0 ], "autotile_index": 0.0, "autotile": 1.0 }, "512_192": { "flipX": 1.0, "flipY": 1.0, "tileset": "tile_medieval2", "coord": [ 2, 3 ], "autotile_index": 0.0, "autotile": 1.0 }, "480_512": { "flipX": 1.0, "flipY": 1.0, "tileset": "tile_medieval2", "coord": [ 2, 2 ], "autotile_index": 0.0, "autotile": 1.0 }, "192_128": { "flipX": 1.0, "flipY": 1.0, "tileset": "tile_medieval2", "coord": [ 8.0, 1.0 ], "autotile_index": 0.0, "autotile": 1.0 }, "320_32": { "flipX": 1.0, "flipY": 1.0, "tileset": "tile_medieval2", "coord": [ 8.0, 1.0 ], "autotile_index": 0.0, "autotile": 1.0 }, "800_96": { "flipX": 1.0, "flipY": 1.0, "tileset": "tile_medieval2", "coord": [ 8.0, 1.0 ], "autotile_index": 0.0, "autotile": 1.0 }, "608_512": { "flipX": 1.0, "flipY": 1.0, "tileset": "tile_medieval2", "coord": [ 2, 2 ], "autotile_index": 0.0, "autotile": 1.0 }, "640_480": { "flipX": 1.0, "flipY": 1.0, "tileset": "tile_medieval2", "coord": [ 2, 1 ], "autotile_index": 0.0, "autotile": 1.0 }, "352_352": { "flipX": 1.0, "flipY": 1.0, "tileset": "tile_medieval2", "coord": [ 1, 2 ], "autotile_index": 0.0, "autotile": 1.0 }, "864_160": { "flipX": 1.0, "flipY": 1.0, "tileset": "tile_medieval2", "coord": [ 2.0, 2.0 ], "autotile_index": 0.0, "autotile": 1.0 }, "608_160": { "flipX": 1.0, "flipY": 1.0, "tileset": "tile_medieval2", "coord": [ 2.0, 2.0 ], "autotile_index": 0.0, "autotile": 1.0 }, "0_160": { "flipX": 1.0, "flipY": 1.0, "tileset": "tile_medieval2", "coord": [ 8.0, 1.0 ], "autotile_index": 0.0, "autotile": 1.0 }, "576_160": { "flipX": 1.0, "flipY": 1.0, "tileset": "tile_medieval2", "coord": [ 2.0, 2.0 ], "autotile_index": 0.0, "autotile": 1.0 }, "320_192": { "flipX": 1.0, "flipY": 1.0, "tileset": "tile_medieval2", "coord": [ 2, 3 ], "autotile_index": 0.0, "autotile": 1.0 }, "736_32": { "flipX": 1.0, "flipY": 1.0, "tileset": "tile_medieval2", "coord": [ 8.0, 1.0 ], "autotile_index": 0.0, "autotile": 1.0 }, "224_64": { "flipX": 1.0, "flipY": 1.0, "tileset": "tile_medieval2", "coord": [ 8.0, 1.0 ], "autotile_index": 0.0, "autotile": 1.0 }, "864_32": { "flipX": 1.0, "flipY": 1.0, "tileset": "tile_medieval2", "coord": [ 8.0, 1.0 ], "autotile_index": 0.0, "autotile": 1.0 }, "768_128": { "flipX": 1.0, "flipY": 1.0, "tileset": "tile_medieval2", "coord": [ 8.0, 1.0 ], "autotile_index": 0.0, "autotile": 1.0 }, "928_224": { "flipX": 1.0, "flipY": 1.0, "tileset": "tile_medieval2", "coord": [ 2.0, 2.0 ], "autotile_index": 0.0, "autotile": 1.0 }, "32_32": { "flipX": 1.0, "flipY": 1.0, "tileset": "tile_medieval2", "coord": [ 8.0, 1.0 ], "autotile_index": 0.0, "autotile": 1.0 }, "64_480": { "flipX": 1.0, "flipY": 1.0, "tileset": "tile_medieval2", "coord": [ 2.0, 1.0 ], "autotile_index": 0.0, "autotile": 1.0 }, "672_128": { "flipX": 1.0, "flipY": 1.0, "tileset": "tile_medieval2", "coord": [ 8.0, 1.0 ], "autotile_index": 0.0, "autotile": 1.0 }, "0_128": { "flipX": 1.0, "flipY": 1.0, "tileset": "tile_medieval2", "coord": [ 8.0, 1.0 ], "autotile_index": 0.0, "autotile": 1.0 }, "640_128": { "flipX": 1.0, "flipY": 1.0, "tileset": "tile_medieval2", "coord": [ 8.0, 1.0 ], "autotile_index": 0.0, "autotile": 1.0 }, "512_480": { "flipX": 1.0, "flipY": 1.0, "tileset": "tile_medieval2", "coord": [ 2, 1 ], "autotile_index": 0.0, "autotile": 1.0 }, "352_512": { "flipX": 1.0, "flipY": 1.0, "tileset": "tile_medieval2", "coord": [ 2.0, 2.0 ], "autotile_index": 0.0, "autotile": 1.0 }, "704_32": { "flipX": 1.0, "flipY": 1.0, "tileset": "tile_medieval2", "coord": [ 8.0, 1.0 ], "autotile_index": 0.0, "autotile": 1.0 }, "32_0": { "flipX": 1.0, "flipY": 1.0, "tileset": "tile_medieval2", "coord": [ 8.0, 1.0 ], "autotile_index": 0.0, "autotile": 1.0 }, "32_224": { "flipX": 1.0, "flipY": 1.0, "tileset": "tile_medieval2", "coord": [ 2.0, 2.0 ], "autotile_index": 0.0, "autotile": 1.0 }, "864_128": { "flipX": 1.0, "flipY": 1.0, "tileset": "tile_medieval2", "coord": [ 8.0, 1.0 ], "autotile_index": 0.0, "autotile": 1.0 }, "128_64": { "flipX": 1.0, "flipY": 1.0, "tileset": "tile_medieval2", "coord": [ 8.0, 1.0 ], "autotile_index": 0.0, "autotile": 1.0 }, "448_256": { "flipX": 1.0, "flipY": 1.0, "tileset": "tile_medieval2", "coord": [ 3, 2 ], "autotile_index": 0.0, "autotile": 1.0 }, "800_160": { "flipX": 1.0, "flipY": 1.0, "tileset": "tile_medieval2", "coord": [ 2.0, 2.0 ], "autotile_index": 0.0, "autotile": 1.0 }, "928_320": { "flipX": 1.0, "flipY": 1.0, "tileset": "tile_medieval2", "coord": [ 2.0, 2.0 ], "autotile_index": 0.0, "autotile": 1.0 }, "480_160": { "flipX": 1.0, "flipY": 1.0, "tileset": "tile_medieval2", "coord": [ 2, 2 ], "autotile_index": 0.0, "autotile": 1.0 }, "32_512": { "flipX": 1.0, "flipY": 1.0, "tileset": "tile_medieval2", "coord": [ 2.0, 2.0 ], "autotile_index": 0.0, "autotile": 1.0 }, "576_128": { "flipX": 1.0, "flipY": 1.0, "tileset": "tile_medieval2", "coord": [ 8.0, 1.0 ], "autotile_index": 0.0, "autotile": 1.0 }, "0_384": { "flipX": 1.0, "flipY": 1.0, "tileset": "tile_medieval2", "coord": [ 2.0, 3.0 ], "autotile_index": 0.0, "autotile": 1.0 }, "96_128": { "flipX": 1.0, "flipY": 1.0, "tileset": "tile_entrance1", "coord": [ 0.0, 0.0 ], "autotile_index": 0.0, "autotile": 0.0 }, "64_192": { "flipX": 1.0, "flipY": 1.0, "tileset": "tile_medieval2", "coord": [ 1.0, 5.0 ], "autotile_index": 0.0, "autotile": 1.0 }, "768_32": { "flipX": 1.0, "flipY": 1.0, "tileset": "tile_medieval2", "coord": [ 8.0, 1.0 ], "autotile_index": 0.0, "autotile": 1.0 }, "352_160": { "flipX": 1.0, "flipY": 1.0, "tileset": "tile_medieval2", "coord": [ 2, 2 ], "autotile_index": 0.0, "autotile": 1.0 }, "768_160": { "flipX": 1.0, "flipY": 1.0, "tileset": "tile_medieval2", "coord": [ 2.0, 2.0 ], "autotile_index": 0.0, "autotile": 1.0 }, "384_352": { "flipX": 1.0, "flipY": 1.0, "tileset": "tile_medieval2", "coord": [ 2, 2 ], "autotile_index": 0.0, "autotile": 1.0 }, "320_128": { "flipX": 1.0, "flipY": 1.0, "tileset": "tile_medieval2", "coord": [ 8.0, 1.0 ], "autotile_index": 0.0, "autotile": 1.0 }, "256_512": { "flipX": 1.0, "flipY": 1.0, "tileset": "tile_medieval2", "coord": [ 2.0, 2.0 ], "autotile_index": 0.0, "autotile": 1.0 }, "96_192": { "flipX": 1.0, "flipY": 1.0, "tileset": "tile_medieval2", "coord": [ 2.0, 3.0 ], "autotile_index": 0.0, "autotile": 1.0 }, "96_64": { "flipX": 1.0, "flipY": 1.0, "tileset": "tile_medieval2", "coord": [ 8.0, 1.0 ], "autotile_index": 0.0, "autotile": 1.0 }, "512_64": { "flipX": 1.0, "flipY": 1.0, "tileset": "tile_medieval2", "coord": [ 8.0, 1.0 ], "autotile_index": 0.0, "autotile": 1.0 }, "928_288": { "flipX": 1.0, "flipY": 1.0, "tileset": "tile_medieval2", "coord": [ 2.0, 2.0 ], "autotile_index": 0.0, "autotile": 1.0 }, "0_288": { "flipX": 1.0, "flipY": 1.0, "tileset": "tile_medieval2", "coord": [ 8.0, 1.0 ], "autotile_index": 0.0, "autotile": 1.0 }, "608_96": { "flipX": 1.0, "flipY": 1.0, "tileset": "tile_medieval2", "coord": [ 8.0, 1.0 ], "autotile_index": 0.0, "autotile": 1.0 }, "256_480": { "flipX": 1.0, "flipY": 1.0, "tileset": "tile_medieval2", "coord": [ 2.0, 1.0 ], "autotile_index": 0.0, "autotile": 1.0 }, "576_64": { "flipX": 1.0, "flipY": 1.0, "tileset": "tile_medieval2", "coord": [ 8.0, 1.0 ], "autotile_index": 0.0, "autotile": 1.0 }, "352_480": { "flipX": 1.0, "flipY": 1.0, "tileset": "tile_medieval2", "coord": [ 2.0, 1.0 ], "autotile_index": 0.0, "autotile": 1.0 }, "384_224": { "flipX": 1.0, "flipY": 1.0, "tileset": "tile_medieval2", "coord": [ 2, 2 ], "autotile_index": 0.0, "autotile": 1.0 }, "64_224": { "flipX": 1.0, "flipY": 1.0, "tileset": "tile_medieval2", "coord": [ 3.0, 2.0 ], "autotile_index": 0.0, "autotile": 1.0 }, "352_288": { "flipX": 1.0, "flipY": 1.0, "tileset": "tile_medieval2", "coord": [ 1, 2 ], "autotile_index": 0.0, "autotile": 1.0 }, "640_512": { "flipX": 1.0, "flipY": 1.0, "tileset": "tile_medieval2", "coord": [ 2, 2 ], "autotile_index": 0.0, "autotile": 1.0 }, "704_0": { "flipX": 1.0, "flipY": 1.0, "tileset": "tile_medieval2", "coord": [ 8.0, 1.0 ], "autotile_index": 0.0, "autotile": 1.0 }, "928_32": { "flipX": 1.0, "flipY": 1.0, "tileset": "tile_medieval2", "coord": [ 8.0, 1.0 ], "autotile_index": 0.0, "autotile": 1.0 }, "800_0": { "flipX": 1.0, "flipY": 1.0, "tileset": "tile_medieval2", "coord": [ 8.0, 1.0 ], "autotile_index": 0.0, "autotile": 1.0 }, "352_64": { "flipX": 1.0, "flipY": 1.0, "tileset": "tile_medieval2", "coord": [ 8.0, 1.0 ], "autotile_index": 0.0, "autotile": 1.0 }, "928_160": { "flipX": 1.0, "flipY": 1.0, "tileset": "tile_medieval2", "coord": [ 2.0, 2.0 ], "autotile_index": 0.0, "autotile": 1.0 }, "736_480": { "flipX": 1.0, "flipY": 1.0, "tileset": "tile_medieval2", "coord": [ 2.0, 1.0 ], "autotile_index": 0.0, "autotile": 1.0 }, "832_192": { "flipX": 1.0, "flipY": 1.0, "tileset": "tile_medieval2", "coord": [ 2.0, 3.0 ], "autotile_index": 0.0, "autotile": 1.0 }, "288_480": { "flipX": 1.0, "flipY": 1.0, "tileset": "tile_medieval2", "coord": [ 2.0, 1.0 ], "autotile_index": 0.0, "autotile": 1.0 }, "224_480": { "flipX": 1.0, "flipY": 1.0, "tileset": "tile_medieval2", "coord": [ 2.0, 1.0 ], "autotile_index": 0.0, "autotile": 1.0 }, "352_128": { "flipX": 1.0, "flipY": 1.0, "tileset": "tile_medieval2", "coord": [ 8.0, 1.0 ], "autotile_index": 0.0, "autotile": 1.0 }, "896_448": { "flipX": 1.0, "flipY": 1.0, "tileset": "tile_medieval2", "coord": [ 1.0, 2.0 ], "autotile_index": 0.0, "autotile": 1.0 }, "0_320": { "flipX": 1.0, "flipY": 1.0, "tileset": "tile_medieval2", "coord": [ 8.0, 1.0 ], "autotile_index": 0.0, "autotile": 1.0 }, "832_480": { "flipX": 1.0, "flipY": 1.0, "tileset": "tile_medieval2", "coord": [ 2.0, 1.0 ], "autotile_index": 0.0, "autotile": 1.0 }, "544_384": { "flipX": 1.0, "flipY": 1.0, "tileset": "tile_medieval2", "coord": [ 1, 1 ], "autotile_index": 0.0, "autotile": 1.0 }, "800_480": { "flipX": 1.0, "flipY": 1.0, "tileset": "tile_medieval2", "coord": [ 2.0, 1.0 ], "autotile_index": 0.0, "autotile": 1.0 }, "96_160": { "flipX": 1.0, "flipY": 1.0, "tileset": "tile_medieval2", "coord": [ 2.0, 2.0 ], "autotile_index": 0.0, "autotile": 1.0 }, "0_256": { "flipX": 1.0, "flipY": 1.0, "tileset": "tile_medieval2", "coord": [ 8.0, 1.0 ], "autotile_index": 0.0, "autotile": 1.0 }, "512_160": { "flipX": 1.0, "flipY": 1.0, "tileset": "tile_medieval2", "coord": [ 2, 2 ], "autotile_index": 0.0, "autotile": 1.0 }, "160_32": { "flipX": 1.0, "flipY": 1.0, "tileset": "tile_medieval2", "coord": [ 8.0, 1.0 ], "autotile_index": 0.0, "autotile": 1.0 }, "800_192": { "flipX": 1.0, "flipY": 1.0, "tileset": "tile_medieval2", "coord": [ 2.0, 3.0 ], "autotile_index": 0.0, "autotile": 1.0 }, "256_192": { "flipX": 1.0, "flipY": 1.0, "tileset": "tile_medieval2", "coord": [ 2.0, 3.0 ], "autotile_index": 0.0, "autotile": 1.0 }, "576_0": { "flipX": 1.0, "flipY": 1.0, "tileset": "tile_medieval2", "coord": [ 8.0, 1.0 ], "autotile_index": 0.0, "autotile": 1.0 }, "800_64": { "flipX": 1.0, "flipY": 1.0, "tileset": "tile_medieval2", "coord": [ 8.0, 1.0 ], "autotile_index": 0.0, "autotile": 1.0 }, "832_32": { "flipX": 1.0, "flipY": 1.0, "tileset": "tile_medieval2", "coord": [ 8.0, 1.0 ], "autotile_index": 0.0, "autotile": 1.0 }, "864_64": { "flipX": 1.0, "flipY": 1.0, "tileset": "tile_medieval2", "coord": [ 8.0, 1.0 ], "autotile_index": 0.0, "autotile": 1.0 }, "64_352": { "flipX": 1.0, "flipY": 1.0, "tileset": "tile_medieval2", "coord": [ 3.0, 2.0 ], "autotile_index": 0.0, "autotile": 1.0 }, "416_0": { "flipX": 1.0, "flipY": 1.0, "tileset": "tile_medieval2", "coord": [ 8.0, 1.0 ], "autotile_index": 0.0, "autotile": 1.0 }, "416_352": { "flipX": 1.0, "flipY": 1.0, "tileset": "tile_medieval2", "coord": [ 2, 2 ], "autotile_index": 0.0, "autotile": 1.0 }, "32_256": { "flipX": 1.0, "flipY": 1.0, "tileset": "tile_medieval2", "coord": [ 2.0, 2.0 ], "autotile_index": 0.0, "autotile": 1.0 }, "928_480": { "flipX": 1.0, "flipY": 1.0, "tileset": "tile_medieval2", "coord": [ 2.0, 2.0 ], "autotile_index": 0.0, "autotile": 1.0 }, "512_96": { "flipX": 1.0, "flipY": 1.0, "tileset": "tile_medieval2", "coord": [ 8.0, 1.0 ], "autotile_index": 0.0, "autotile": 1.0 }, "768_0": { "flipX": 1.0, "flipY": 1.0, "tileset": "tile_medieval2", "coord": [ 8.0, 1.0 ], "autotile_index": 0.0, "autotile": 1.0 }, "288_512": { "flipX": 1.0, "flipY": 1.0, "tileset": "tile_medieval2", "coord": [ 2.0, 2.0 ], "autotile_index": 0.0, "autotile": 1.0 }, "928_352": { "flipX": 1.0, "flipY": 1.0, "tileset": "tile_medieval2", "coord": [ 2.0, 2.0 ], "autotile_index": 0.0, "autotile": 1.0 }, "544_128": { "flipX": 1.0, "flipY": 1.0, "tileset": "tile_medieval2", "coord": [ 8.0, 1.0 ], "autotile_index": 0.0, "autotile": 1.0 }, "256_96": { "flipX": 1.0, "flipY": 1.0, "tileset": "tile_medieval2", "coord": [ 8.0, 1.0 ], "autotile_index": 0.0, "autotile": 1.0 }, "32_480": { "flipX": 1.0, "flipY": 1.0, "tileset": "tile_medieval2", "coord": [ 2.0, 1.0 ], "autotile_index": 0.0, "autotile": 1.0 }, "160_480": { "flipX": 1.0, "flipY": 1.0, "tileset": "tile_medieval2", "coord": [ 2.0, 1.0 ], "autotile_index": 0.0, "autotile": 1.0 }, "416_512": { "flipX": 1.0, "flipY": 1.0, "tileset": "tile_medieval2", "coord": [ 2.0, 2.0 ], "autotile_index": 0.0, "autotile": 1.0 }, "512_32": { "flipX": 1.0, "flipY": 1.0, "tileset": "tile_medieval2", "coord": [ 8.0, 1.0 ], "autotile_index": 0.0, "autotile": 1.0 }, "384_288": { "flipX": 1.0, "flipY": 1.0, "tileset": "tile_medieval2", "coord": [ 2, 2 ], "autotile_index": 0.0, "autotile": 1.0 }, "448_192": { "flipX": 1.0, "flipY": 1.0, "tileset": "tile_medieval2", "coord": [ 1, 5 ], "autotile_index": 0.0, "autotile": 1.0 }, "672_96": { "flipX": 1.0, "flipY": 1.0, "tileset": "tile_medieval2", "coord": [ 8.0, 1.0 ], "autotile_index": 0.0, "autotile": 1.0 }, "928_96": { "flipX": 1.0, "flipY": 1.0, "tileset": "tile_medieval2", "coord": [ 8.0, 1.0 ], "autotile_index": 0.0, "autotile": 1.0 }, "544_416": { "flipX": 1.0, "flipY": 1.0, "tileset": "tile_medieval2", "coord": [ 1, 2 ], "autotile_index": 0.0, "autotile": 1.0 }, "448_224": { "flipX": 1.0, "flipY": 1.0, "tileset": "tile_medieval2", "coord": [ 3, 2 ], "autotile_index": 0.0, "autotile": 1.0 }, "928_512": { "flipX": 1.0, "flipY": 1.0, "tileset": "tile_medieval2", "coord": [ 2.0, 2.0 ], "autotile_index": 0.0, "autotile": 1.0 }, "64_512": { "flipX": 1.0, "flipY": 1.0, "tileset": "tile_medieval2", "coord": [ 2.0, 2.0 ], "autotile_index": 0.0, "autotile": 1.0 }, "736_96": { "flipX": 1.0, "flipY": 1.0, "tileset": "tile_medieval2", "coord": [ 8.0, 1.0 ], "autotile_index": 0.0, "autotile": 1.0 }, "608_480": { "flipX": 1.0, "flipY": 1.0, "tileset": "tile_medieval2", "coord": [ 2, 1 ], "autotile_index": 0.0, "autotile": 1.0 }, "128_32": { "flipX": 1.0, "flipY": 1.0, "tileset": "tile_medieval2", "coord": [ 8.0, 1.0 ], "autotile_index": 0.0, "autotile": 1.0 }, "192_32": { "flipX": 1.0, "flipY": 1.0, "tileset": "tile_medieval2", "coord": [ 8.0, 1.0 ], "autotile_index": 0.0, "autotile": 1.0 }, "576_96": { "flipX": 1.0, "flipY": 1.0, "tileset": "tile_medieval2", "coord": [ 8.0, 1.0 ], "autotile_index": 0.0, "autotile": 1.0 }, "0_480": { "flipX": 1.0, "flipY": 1.0, "tileset": "tile_medieval2", "coord": [ 2.0, 1.0 ], "autotile_index": 0.0, "autotile": 1.0 }, "128_128": { "flipX": 1.0, "flipY": 1.0, "tileset": "tile_medieval2", "coord": [ 8.0, 1.0 ], "autotile_index": 0.0, "autotile": 1.0 }, "736_64": { "flipX": 1.0, "flipY": 1.0, "tileset": "tile_medieval2", "coord": [ 8.0, 1.0 ], "autotile_index": 0.0, "autotile": 1.0 }, "544_0": { "flipX": 1.0, "flipY": 1.0, "tileset": "tile_medieval2", "coord": [ 8.0, 1.0 ], "autotile_index": 0.0, "autotile": 1.0 }, "160_64": { "flipX": 1.0, "flipY": 1.0, "tileset": "tile_medieval2", "coord": [ 8.0, 1.0 ], "autotile_index": 0.0, "autotile": 1.0 }, "448_512": { "flipX": 1.0, "flipY": 1.0, "tileset": "tile_medieval2", "coord": [ 2.0, 2.0 ], "autotile_index": 0.0, "autotile": 1.0 }, "864_480": { "flipX": 1.0, "flipY": 1.0, "tileset": "tile_medieval2", "coord": [ 2.0, 1.0 ], "autotile_index": 0.0, "autotile": 1.0 }, "448_352": { "flipX": 1.0, "flipY": 1.0, "tileset": "tile_medieval2", "coord": [ 3, 2 ], "autotile_index": 0.0, "autotile": 1.0 }, "64_0": { "flipX": 1.0, "flipY": 1.0, "tileset": "tile_medieval2", "coord": [ 8.0, 1.0 ], "autotile_index": 0.0, "autotile": 1.0 }, "544_160": { "flipX": 1.0, "flipY": 1.0, "tileset": "tile_medieval2", "coord": [ 2.0, 2.0 ], "autotile_index": 0.0, "autotile": 1.0 }, "288_96": { "flipX": 1.0, "flipY": 1.0, "tileset": "tile_medieval2", "coord": [ 8.0, 1.0 ], "autotile_index": 0.0, "autotile": 1.0 }, "928_384": { "flipX": 1.0, "flipY": 1.0, "tileset": "tile_medieval2", "coord": [ 2.0, 2.0 ], "autotile_index": 0.0, "autotile": 1.0 }, "928_416": { "flipX": 1.0, "flipY": 1.0, "tileset": "tile_medieval2", "coord": [ 2.0, 2.0 ], "autotile_index": 0.0, "autotile": 1.0 }, "704_96": { "flipX": 1.0, "flipY": 1.0, "tileset": "tile_medieval2", "coord": [ 8.0, 1.0 ], "autotile_index": 0.0, "autotile": 1.0 }, "384_128": { "flipX": 1.0, "flipY": 1.0, "tileset": "tile_medieval2", "coord": [ 8.0, 1.0 ], "autotile_index": 0.0, "autotile": 1.0 }, "576_32": { "flipX": 1.0, "flipY": 1.0, "tileset": "tile_medieval2", "coord": [ 8.0, 1.0 ], "autotile_index": 0.0, "autotile": 1.0 }, "224_96": { "flipX": 1.0, "flipY": 1.0, "tileset": "tile_medieval2", "coord": [ 8.0, 1.0 ], "autotile_index": 0.0, "autotile": 1.0 }, "64_320": { "flipX": 1.0, "flipY": 1.0, "tileset": "tile_medieval2", "coord": [ 3.0, 2.0 ], "autotile_index": 0.0, "autotile": 1.0 }, "672_480": { "flipX": 1.0, "flipY": 1.0, "tileset": "tile_medieval2", "coord": [ 2.0, 1.0 ], "autotile_index": 0.0, "autotile": 1.0 }, "416_288": { "flipX": 1.0, "flipY": 1.0, "tileset": "tile_medieval2", "coord": [ 2, 2 ], "autotile_index": 0.0, "autotile": 1.0 }, "192_64": { "flipX": 1.0, "flipY": 1.0, "tileset": "tile_medieval2", "coord": [ 8.0, 1.0 ], "autotile_index": 0.0, "autotile": 1.0 }, "704_160": { "flipX": 1.0, "flipY": 1.0, "tileset": "tile_medieval2", "coord": [ 2.0, 2.0 ], "autotile_index": 0.0, "autotile": 1.0 }, "864_192": { "flipX": 1.0, "flipY": 1.0, "tileset": "tile_medieval2", "coord": [ 2.0, 3.0 ], "autotile_index": 0.0, "autotile": 1.0 }, "768_192": { "flipX": 1.0, "flipY": 1.0, "tileset": "tile_medieval2", "coord": [ 2.0, 3.0 ], "autotile_index": 0.0, "autotile": 1.0 }, "896_224": { "flipX": 1.0, "flipY": 1.0, "tileset": "tile_medieval2", "coord": [ 1.0, 2.0 ], "autotile_index": 0.0, "autotile": 1.0 }, "192_512": { "flipX": 1.0, "flipY": 1.0, "tileset": "tile_medieval2", "coord": [ 2.0, 2.0 ], "autotile_index": 0.0, "autotile": 1.0 }, "544_480": { "flipX": 1.0, "flipY": 1.0, "tileset": "tile_medieval2", "coord": [ 3, 7 ], "autotile_index": 0.0, "autotile": 1.0 }, "896_288": { "flipX": 1.0, "flipY": 1.0, "tileset": "tile_medieval2", "coord": [ 1.0, 2.0 ], "autotile_index": 0.0, "autotile": 1.0 }, "384_160": { "flipX": 1.0, "flipY": 1.0, "tileset": "tile_medieval2", "coord": [ 2, 2 ], "autotile_index": 0.0, "autotile": 1.0 }, "576_448": { "flipX": 1.0, "flipY": 1.0, "tileset": "tile_medieval2", "coord": [ 3, 2 ], "autotile_index": 0.0, "autotile": 1.0 }, "96_512": { "flipX": 1.0, "flipY": 1.0, "tileset": "tile_medieval2", "coord": [ 2.0, 2.0 ], "autotile_index": 0.0, "autotile": 1.0 }, "0_352": { "flipX": 1.0, "flipY": 1.0, "tileset": "tile_medieval2", "coord": [ 2.0, 2.0 ], "autotile_index": 0.0, "autotile": 1.0 }, "288_32": { "flipX": 1.0, "flipY": 1.0, "tileset": "tile_medieval2", "coord": [ 8.0, 1.0 ], "autotile_index": 0.0, "autotile": 1.0 }, "896_64": { "flipX": 1.0, "flipY": 1.0, "tileset": "tile_medieval2", "coord": [ 8.0, 1.0 ], "autotile_index": 0.0, "autotile": 1.0 }, "544_512": { "flipX": 1.0, "flipY": 1.0, "tileset": "tile_medieval2", "coord": [ 2, 2 ], "autotile_index": 0.0, "autotile": 1.0 }, "352_384": { "flipX": 1.0, "flipY": 1.0, "tileset": "tile_medieval2", "coord": [ 1, 3 ], "autotile_index": 0.0, "autotile": 1.0 }, "736_0": { "flipX": 1.0, "flipY": 1.0, "tileset": "tile_medieval2", "coord": [ 8.0, 1.0 ], "autotile_index": 0.0, "autotile": 1.0 }, "736_192": { "flipX": 1.0, "flipY": 1.0, "tileset": "tile_medieval2", "coord": [ 2.0, 3.0 ], "autotile_index": 0.0, "autotile": 1.0 }, "512_128": { "flipX": 1.0, "flipY": 1.0, "tileset": "tile_medieval2", "coord": [ 8.0, 1.0 ], "autotile_index": 0.0, "autotile": 1.0 }, "416_64": { "flipX": 1.0, "flipY": 1.0, "tileset": "tile_medieval2", "coord": [ 8.0, 1.0 ], "autotile_index": 0.0, "autotile": 1.0 }, "32_192": { "flipX": 1.0, "flipY": 1.0, "tileset": "tile_medieval2", "coord": [ 2.0, 2.0 ], "autotile_index": 0.0, "autotile": 1.0 }, "224_192": { "flipX": 1.0, "flipY": 1.0, "tileset": "tile_medieval2", "coord": [ 2.0, 3.0 ], "autotile_index": 0.0, "autotile": 1.0 }, "32_160": { "flipX": 1.0, "flipY": 1.0, "tileset": "tile_medieval2", "coord": [ 2.0, 2.0 ], "autotile_index": 0.0, "autotile": 1.0 }, "160_512": { "flipX": 1.0, "flipY": 1.0, "tileset": "tile_medieval2", "coord": [ 2.0, 2.0 ], "autotile_index": 0.0, "autotile": 1.0 }, "896_32": { "flipX": 1.0, "flipY": 1.0, "tileset": "tile_medieval2", "coord": [ 8.0, 1.0 ], "autotile_index": 0.0, "autotile": 1.0 }, "544_64": { "flipX": 1.0, "flipY": 1.0, "tileset": "tile_medieval2", "coord": [ 8.0, 1.0 ], "autotile_index": 0.0, "autotile": 1.0 }, "928_448": { "flipX": 1.0, "flipY": 1.0, "tileset": "tile_medieval2", "coord": [ 2.0, 2.0 ], "autotile_index": 0.0, "autotile": 1.0 }, "896_160": { "flipX": 1.0, "flipY": 1.0, "tileset": "tile_medieval2", "coord": [ 2.0, 2.0 ], "autotile_index": 0.0, "autotile": 1.0 }, "736_512": { "flipX": 1.0, "flipY": 1.0, "tileset": "tile_medieval2", "coord": [ 2.0, 2.0 ], "autotile_index": 0.0, "autotile": 1.0 }, "32_352": { "flipX": 1.0, "flipY": 1.0, "tileset": "tile_medieval2", "coord": [ 2.0, 2.0 ], "autotile_index": 0.0, "autotile": 1.0 }, "384_96": { "flipX": 1.0, "flipY": 1.0, "tileset": "tile_medieval2", "coord": [ 8.0, 1.0 ], "autotile_index": 0.0, "autotile": 1.0 }, "704_128": { "flipX": 1.0, "flipY": 1.0, "tileset": "tile_medieval2", "coord": [ 8.0, 1.0 ], "autotile_index": 0.0, "autotile": 1.0 }, "928_128": { "flipX": 1.0, "flipY": 1.0, "tileset": "tile_medieval2", "coord": [ 8.0, 1.0 ], "autotile_index": 0.0, "autotile": 1.0 }, "416_480": { "flipX": 1.0, "flipY": 1.0, "tileset": "tile_medieval2", "coord": [ 2.0, 1.0 ], "autotile_index": 0.0, "autotile": 1.0 }, "64_64": { "flipX": 1.0, "flipY": 1.0, "tileset": "tile_medieval2", "coord": [ 8.0, 1.0 ], "autotile_index": 0.0, "autotile": 1.0 }, "544_96": { "flipX": 1.0, "flipY": 1.0, "tileset": "tile_medieval2", "coord": [ 8.0, 1.0 ], "autotile_index": 0.0, "autotile": 1.0 }, "864_0": { "flipX": 1.0, "flipY": 1.0, "tileset": "tile_medieval2", "coord": [ 8.0, 1.0 ], "autotile_index": 0.0, "autotile": 1.0 }, "704_480": { "flipX": 1.0, "flipY": 1.0, "tileset": "tile_medieval2", "coord": [ 2.0, 1.0 ], "autotile_index": 0.0, "autotile": 1.0 }, "416_128": { "flipX": 1.0, "flipY": 1.0, "tileset": "tile_medieval2", "coord": [ 8.0, 1.0 ], "autotile_index": 0.0, "autotile": 1.0 }, "448_64": { "flipX": 1.0, "flipY": 1.0, "tileset": "tile_medieval2", "coord": [ 8.0, 1.0 ], "autotile_index": 0.0, "autotile": 1.0 }, "736_128": { "flipX": 1.0, "flipY": 1.0, "tileset": "tile_medieval2", "coord": [ 8.0, 1.0 ], "autotile_index": 0.0, "autotile": 1.0 }, "480_480": { "flipX": 1.0, "flipY": 1.0, "tileset": "tile_medieval2", "coord": [ 2, 1 ], "autotile_index": 0.0, "autotile": 1.0 }, "768_512": { "flipX": 1.0, "flipY": 1.0, "tileset": "tile_medieval2", "coord": [ 2.0, 2.0 ], "autotile_index": 0.0, "autotile": 1.0 }, "448_288": { "flipX": 1.0, "flipY": 1.0, "tileset": "tile_medieval2", "coord": [ 3, 2 ], "autotile_index": 0.0, "autotile": 1.0 }, "192_160": { "flipX": 1.0, "flipY": 1.0, "tileset": "tile_medieval2", "coord": [ 2.0, 2.0 ], "autotile_index": 0.0, "autotile": 1.0 }, "384_512": { "flipX": 1.0, "flipY": 1.0, "tileset": "tile_medieval2", "coord": [ 2.0, 2.0 ], "autotile_index": 0.0, "autotile": 1.0 }, "192_192": { "flipX": 1.0, "flipY": 1.0, "tileset": "tile_medieval2", "coord": [ 2.0, 3.0 ], "autotile_index": 0.0, "autotile": 1.0 }, "352_96": { "flipX": 1.0, "flipY": 1.0, "tileset": "tile_medieval2", "coord": [ 8.0, 1.0 ], "autotile_index": 0.0, "autotile": 1.0 }, "640_32": { "flipX": 1.0, "flipY": 1.0, "tileset": "tile_medieval2", "coord": [ 8.0, 1.0 ], "autotile_index": 0.0, "autotile": 1.0 }, "288_128": { "flipX": 1.0, "flipY": 1.0, "tileset": "tile_medieval2", "coord": [ 8.0, 1.0 ], "autotile_index": 0.0, "autotile": 1.0 }, "480_192": { "flipX": 1.0, "flipY": 1.0, "tileset": "tile_medieval2", "coord": [ 2, 3 ], "autotile_index": 0.0, "autotile": 1.0 }, "160_96": { "flipX": 1.0, "flipY": 1.0, "tileset": "tile_medieval2", "coord": [ 8.0, 1.0 ], "autotile_index": 0.0, "autotile": 1.0 }, "128_512": { "flipX": 1.0, "flipY": 1.0, "tileset": "tile_medieval2", "coord": [ 2.0, 2.0 ], "autotile_index": 0.0, "autotile": 1.0 }, "576_512": { "flipX": 1.0, "flipY": 1.0, "tileset": "tile_medieval2", "coord": [ 2, 2 ], "autotile_index": 0.0, "autotile": 1.0 }, "576_480": { "flipX": 1.0, "flipY": 1.0, "tileset": "tile_medieval2", "coord": [ 1, 7 ], "autotile_index": 0.0, "autotile": 1.0 }, "416_192": { "flipX": 1.0, "flipY": 1.0, "tileset": "tile_medieval2", "coord": [ 2, 2 ], "autotile_index": 0.0, "autotile": 1.0 }, "384_384": { "flipX": 1.0, "flipY": 1.0, "tileset": "tile_medieval2", "coord": [ 2, 3 ], "autotile_index": 0.0, "autotile": 1.0 }, "0_32": { "flipX": 1.0, "flipY": 1.0, "tileset": "tile_medieval2", "coord": [ 8.0, 1.0 ], "autotile_index": 0.0, "autotile": 1.0 }, "256_0": { "flipX": 1.0, "flipY": 1.0, "tileset": "tile_medieval2", "coord": [ 8.0, 1.0 ], "autotile_index": 0.0, "autotile": 1.0 }, "928_0": { "flipX": 1.0, "flipY": 1.0, "tileset": "tile_medieval2", "coord": [ 8.0, 1.0 ], "autotile_index": 0.0, "autotile": 1.0 }, "640_96": { "flipX": 1.0, "flipY": 1.0, "tileset": "tile_medieval2", "coord": [ 8.0, 1.0 ], "autotile_index": 0.0, "autotile": 1.0 }, "640_64": { "flipX": 1.0, "flipY": 1.0, "tileset": "tile_medieval2", "coord": [ 8.0, 1.0 ], "autotile_index": 0.0, "autotile": 1.0 }, "320_160": { "flipX": 1.0, "flipY": 1.0, "tileset": "tile_medieval2", "coord": [ 2, 2 ], "autotile_index": 0.0, "autotile": 1.0 }, "288_192": { "flipX": 1.0, "flipY": 1.0, "tileset": "tile_medieval2", "coord": [ 2, 3 ], "autotile_index": 0.0, "autotile": 1.0 }, "864_512": { "flipX": 1.0, "flipY": 1.0, "tileset": "tile_medieval2", "coord": [ 2.0, 2.0 ], "autotile_index": 0.0, "autotile": 1.0 }, "416_96": { "flipX": 1.0, "flipY": 1.0, "tileset": "tile_medieval2", "coord": [ 8.0, 1.0 ], "autotile_index": 0.0, "autotile": 1.0 }, "768_480": { "flipX": 1.0, "flipY": 1.0, "tileset": "tile_medieval2", "coord": [ 2.0, 1.0 ], "autotile_index": 0.0, "autotile": 1.0 }, "832_64": { "flipX": 1.0, "flipY": 1.0, "tileset": "tile_medieval2", "coord": [ 8.0, 1.0 ], "autotile_index": 0.0, "autotile": 1.0 }, "736_160": { "flipX": 1.0, "flipY": 1.0, "tileset": "tile_medieval2", "coord": [ 2.0, 2.0 ], "autotile_index": 0.0, "autotile": 1.0 }, "608_32": { "flipX": 1.0, "flipY": 1.0, "tileset": "tile_medieval2", "coord": [ 8.0, 1.0 ], "autotile_index": 0.0, "autotile": 1.0 }, "352_320": { "flipX": 1.0, "flipY": 1.0, "tileset": "tile_medieval2", "coord": [ 1, 2 ], "autotile_index": 0.0, "autotile": 1.0 }, "832_160": { "flipX": 1.0, "flipY": 1.0, "tileset": "tile_medieval2", "coord": [ 2.0, 2.0 ], "autotile_index": 0.0, "autotile": 1.0 }, "320_512": { "flipX": 1.0, "flipY": 1.0, "tileset": "tile_medieval2", "coord": [ 2.0, 2.0 ], "autotile_index": 0.0, "autotile": 1.0 }, "704_192": { "flipX": 1.0, "flipY": 1.0, "tileset": "tile_medieval2", "coord": [ 2.0, 3.0 ], "autotile_index": 0.0, "autotile": 1.0 }, "160_0": { "flipX": 1.0, "flipY": 1.0, "tileset": "tile_medieval2", "coord": [ 8.0, 1.0 ], "autotile_index": 0.0, "autotile": 1.0 }, "672_192": { "flipX": 1.0, "flipY": 1.0, "tileset": "tile_medieval2", "coord": [ 2.0, 3.0 ], "autotile_index": 0.0, "autotile": 1.0 }, "480_0": { "flipX": 1.0, "flipY": 1.0, "tileset": "tile_medieval2", "coord": [ 8.0, 1.0 ], "autotile_index": 0.0, "autotile": 1.0 }, "896_512": { "flipX": 1.0, "flipY": 1.0, "tileset": "tile_medieval2", "coord": [ 2.0, 2.0 ], "autotile_index": 0.0, "autotile": 1.0 }, "128_0": { "flipX": 1.0, "flipY": 1.0, "tileset": "tile_medieval2", "coord": [ 8.0, 1.0 ], "autotile_index": 0.0, "autotile": 1.0 }, "384_64": { "flipX": 1.0, "flipY": 1.0, "tileset": "tile_medieval2", "coord": [ 8.0, 1.0 ], "autotile_index": 0.0, "autotile": 1.0 }, "896_128": { "flipX": 1.0, "flipY": 1.0, "tileset": "tile_medieval2", "coord": [ 8.0, 1.0 ], "autotile_index": 0.0, "autotile": 1.0 }, "672_0": { "flipX": 1.0, "flipY": 1.0, "tileset": "tile_medieval2", "coord": [ 8.0, 1.0 ], "autotile_index": 0.0, "autotile": 1.0 }, "64_256": { "flipX": 1.0, "flipY": 1.0, "tileset": "tile_medieval2", "coord": [ 3.0, 2.0 ], "autotile_index": 0.0, "autotile": 1.0 }, "576_384": { "flipX": 1.0, "flipY": 1.0, "tileset": "tile_medieval2", "coord": [ 3, 1 ], "autotile_index": 0.0, "autotile": 1.0 }, "416_224": { "flipX": 1.0, "flipY": 1.0, "tileset": "tile_medieval2", "coord": [ 2, 2 ], "autotile_index": 0.0, "autotile": 1.0 }, "448_160": { "flipX": 1.0, "flipY": 1.0, "tileset": "tile_medieval2", "coord": [ 2, 2 ], "autotile_index": 0.0, "autotile": 1.0 }, "288_160": { "flipX": 1.0, "flipY": 1.0, "tileset": "tile_medieval2", "coord": [ 2, 2 ], "autotile_index": 0.0, "autotile": 1.0 }, "256_32": { "flipX": 1.0, "flipY": 1.0, "tileset": "tile_medieval2", "coord": [ 8.0, 1.0 ], "autotile_index": 0.0, "autotile": 1.0 }, "96_32": { "flipX": 1.0, "flipY": 1.0, "tileset": "tile_medieval2", "coord": [ 8.0, 1.0 ], "autotile_index": 0.0, "autotile": 1.0 }, "224_160": { "flipX": 1.0, "flipY": 1.0, "tileset": "tile_medieval2", "coord": [ 2.0, 2.0 ], "autotile_index": 0.0, "autotile": 1.0 }, "64_32": { "flipX": 1.0, "flipY": 1.0, "tileset": "tile_medieval2", "coord": [ 8.0, 1.0 ], "autotile_index": 0.0, "autotile": 1.0 }, "0_64": { "flipX": 1.0, "flipY": 1.0, "tileset": "tile_medieval2", "coord": [ 8.0, 1.0 ], "autotile_index": 0.0, "autotile": 1.0 }, "160_160": { "flipX": 1.0, "flipY": 1.0, "tileset": "tile_medieval2", "coord": [ 2.0, 2.0 ], "autotile_index": 0.0, "autotile": 1.0 }, "256_64": { "flipX": 1.0, "flipY": 1.0, "tileset": "tile_medieval2", "coord": [ 8.0, 1.0 ], "autotile_index": 0.0, "autotile": 1.0 }, "288_0": { "flipX": 1.0, "flipY": 1.0, "tileset": "tile_medieval2", "coord": [ 8.0, 1.0 ], "autotile_index": 0.0, "autotile": 1.0 }, "32_128": { "flipX": 1.0, "flipY": 1.0, "tileset": "tile_medieval2", "coord": [ 8.0, 1.0 ], "autotile_index": 0.0, "autotile": 1.0 }, "0_512": { "flipX": 1.0, "flipY": 1.0, "tileset": "tile_medieval2", "coord": [ 2.0, 2.0 ], "autotile_index": 0.0, "autotile": 1.0 }, "416_384": { "flipX": 1.0, "flipY": 1.0, "tileset": "tile_medieval2", "coord": [ 2, 3 ], "autotile_index": 0.0, "autotile": 1.0 }, "608_64": { "flipX": 1.0, "flipY": 1.0, "tileset": "tile_medieval2", "coord": [ 8.0, 1.0 ], "autotile_index": 0.0, "autotile": 1.0 }, "832_128": { "flipX": 1.0, "flipY": 1.0, "tileset": "tile_medieval2", "coord": [ 8.0, 1.0 ], "autotile_index": 0.0, "autotile": 1.0 }, "896_352": { "flipX": 1.0, "flipY": 1.0, "tileset": "tile_medieval2", "coord": [ 1.0, 2.0 ], "autotile_index": 0.0, "autotile": 1.0 }, "32_64": { "flipX": 1.0, "flipY": 1.0, "tileset": "tile_medieval2", "coord": [ 8.0, 1.0 ], "autotile_index": 0.0, "autotile": 1.0 }, "672_160": { "flipX": 1.0, "flipY": 1.0, "tileset": "tile_medieval2", "coord": [ 2.0, 2.0 ], "autotile_index": 0.0, "autotile": 1.0 }, "448_32": { "flipX": 1.0, "flipY": 1.0, "tileset": "tile_medieval2", "coord": [ 8.0, 1.0 ], "autotile_index": 0.0, "autotile": 1.0 }, "128_160": { "flipX": 1.0, "flipY": 1.0, "tileset": "tile_medieval2", "coord": [ 2.0, 2.0 ], "autotile_index": 0.0, "autotile": 1.0 }, "896_0": { "flipX": 1.0, "flipY": 1.0, "tileset": "tile_medieval2", "coord": [ 8.0, 1.0 ], "autotile_index": 0.0, "autotile": 1.0 }, "384_32": { "flipX": 1.0, "flipY": 1.0, "tileset": "tile_medieval2", "coord": [ 8.0, 1.0 ], "autotile_index": 0.0, "autotile": 1.0 }, "896_192": { "flipX": 1.0, "flipY": 1.0, "tileset": "tile_medieval2", "coord": [ 3.0, 5.0 ], "autotile_index": 0.0, "autotile": 1.0 }, "768_96": { "flipX": 1.0, "flipY": 1.0, "tileset": "tile_medieval2", "coord": [ 8.0, 1.0 ], "autotile_index": 0.0, "autotile": 1.0 }, "512_512": { "flipX": 1.0, "flipY": 1.0, "tileset": "tile_medieval2", "coord": [ 2, 2 ], "autotile_index": 0.0, "autotile": 1.0 }, "384_320": { "flipX": 1.0, "flipY": 1.0, "tileset": "tile_medieval2", "coord": [ 2, 2 ], "autotile_index": 0.0, "autotile": 1.0 }, "192_480": { "flipX": 1.0, "flipY": 1.0, "tileset": "tile_medieval2", "coord": [ 2.0, 1.0 ], "autotile_index": 0.0, "autotile": 1.0 }, "352_192": { "flipX": 1.0, "flipY": 1.0, "tileset": "tile_medieval2", "coord": [ 3, 5 ], "autotile_index": 0.0, "autotile": 1.0 }, "544_192": { "flipX": 1.0, "flipY": 1.0, "tileset": "tile_medieval2", "coord": [ 2.0, 3.0 ], "autotile_index": 0.0, "autotile": 1.0 }, "832_512": { "flipX": 1.0, "flipY": 1.0, "tileset": "tile_medieval2", "coord": [ 2.0, 2.0 ], "autotile_index": 0.0, "autotile": 1.0 }, "64_96": { "flipX": 1.0, "flipY": 1.0, "tileset": "tile_medieval2", "coord": [ 8.0, 1.0 ], "autotile_index": 0.0, "autotile": 1.0 }, "160_128": { "flipX": 1.0, "flipY": 1.0, "tileset": "tile_medieval2", "coord": [ 8.0, 1.0 ], "autotile_index": 0.0, "autotile": 1.0 }, "768_64": { "flipX": 1.0, "flipY": 1.0, "tileset": "tile_medieval2", "coord": [ 8.0, 1.0 ], "autotile_index": 0.0, "autotile": 1.0 }, "704_512": { "flipX": 1.0, "flipY": 1.0, "tileset": "tile_medieval2", "coord": [ 2.0, 2.0 ], "autotile_index": 0.0, "autotile": 1.0 } } }, "backgrounds": { "5": { "x": 0.0, "scroll_y": 0.75, "panic_sprite": -1.0, "hspeed": 0.0, "tile_y": 1.0, "character": "None", "y": 0.0, "escape": "None", "tile_x": 1.0, "sprite": "bg_farmceilling", "vspeed": 0.0, "image_speed": 15.0, "scroll_x": 0.75 } } }