{ "properties": { "song": "event:\/sfx\/misc\/windloop", "songTransitionTime": 100.0, "pausecombo": 0.0, "roomX": 0.0, "levelWidth": 1472.0, "roomY": 0.0, "levelHeight": 540.0 }, "isNoiseUpdate": 1.0, "editorVersion": 6.0, "instances": [ { "layer": 0.0, "object": "obj_doorA", "deleted": 0.0, "variables": { "x": 176.0, "y": 384.0, "image_xscale": 1.0, "image_yscale": 1.0 } }, { "layer": 0.0, "object": "obj_exitgate", "deleted": 0.0, "variables": { "x": 192.0, "flipX": 0.0, "y": 288.0, "flipY": 0.0, "image_xscale": 1.0, "visible": "false", "image_yscale": 1.0 } }, { "layer": 0.0, "object": "obj_solid", "deleted": 0.0, "variables": { "x": 0.0, "flipX": 0.0, "y": 416.0, "flipY": 0.0, "image_xscale": 53.0, "image_yscale": 4.0 } }, { "layer": 0.0, "object": "obj_tutorialbook", "deleted": 0.0, "variables": { "x": -64.0, "flipX": 0.0, "y": -53.0, "flipY": 0.0 } }, { "layer": 0.0, "object": "obj_roomname", "deleted": 0.0, "variables": { "x": -160.0, "flipX": 0.0, "y": -32.0, "flipY": 0.0, "image_xscale": 1.0, "image_yscale": 1.0, "msg": "THE OUTSIDE" } }, { "layer": 0.0, "object": "obj_solid", "deleted": 0.0, "variables": { "x": 0.0, "flipX": 0.0, "y": 0.0, "flipY": 0.0, "image_xscale": 16.0, "image_yscale": 4.0 } }, { "layer": 0.0, "object": "obj_solid", "deleted": 0.0, "variables": { "x": 320.0, "flipX": 0.0, "y": 0.0, "flipY": 0.0, "image_xscale": 6.0, "image_yscale": 8.0 } }, { "layer": 0.0, "object": "obj_solid", "deleted": 0.0, "variables": { "x": 0.0, "flipX": 0.0, "y": 0.0, "flipY": 0.0, "image_xscale": 3.0, "image_yscale": 17.0 } }, { "layer": 0.0, "object": "obj_solid", "deleted": 0.0, "variables": { "x": 0.0, "flipX": 0.0, "y": 0.0, "flipY": 0.0, "image_xscale": 29.0, "image_yscale": 3.0 } }, { "layer": 0.0, "object": "obj_solid", "deleted": 0.0, "variables": { "x": 736.0, "flipX": 0.0, "y": 0.0, "flipY": 0.0, "image_xscale": 6.0, "image_yscale": 7.0 } }, { "layer": 0.0, "object": "obj_solid", "deleted": 0.0, "variables": { "x": 0.0, "flipX": 0.0, "y": -32.0, "flipY": 0.0, "image_xscale": 46.0, "image_yscale": 1.0 } }, { "layer": 0.0, "object": "obj_solid", "deleted": 0.0, "variables": { "x": 1312.0, "flipX": 0.0, "y": 0.0, "flipY": 0.0, "image_xscale": 12.0, "image_yscale": 11.0 } }, { "layer": 0.0, "object": "obj_metalblock", "deleted": 0.0, "variables": { "x": 800.0, "flipX": 0.0, "y": 224.0, "flipY": 0.0 } }, { "layer": 0.0, "object": "obj_solid", "deleted": 0.0, "variables": { "x": 800.0, "flipX": 0.0, "y": 288.0, "flipY": 0.0, "image_xscale": 2.0, "image_yscale": 8.0 } }, { "layer": 0.0, "object": "obj_solid", "deleted": 0.0, "variables": { "x": 768.0, "flipX": 0.0, "y": 320.0, "flipY": 0.0, "image_xscale": 4.0, "image_yscale": 7.0 } }, { "layer": 0.0, "object": "obj_tutorialbook", "deleted": 0.0, "variables": { "x": 608.0, "flipX": 0.0, "y": 362.5, "flipY": 0.0, "image_xscale": 1.0, "image_yscale": 1.0, "text": "Hey Peppino, hows it at the farm? Is it alright atleast? Oh, your going into the schoolhouse? Well, goodluck in there." } }, { "layer": 0.0, "object": "obj_hallway", "deleted": 0.0, "variables": { "targetDoor": "B", "x": 1568.0, "flipX": 0.0, "y": 352.0, "flipY": 0.0, "image_xscale": 5.0, "image_yscale": 1.0, "targetRoom": "floor1" } }, { "layer": 1.0, "object": "obj_doorB", "deleted": 0.0, "variables": { "x": 1504.0, "flipX": 0.0, "y": 384.0, "flipY": 0.0 } }, { "layer": 0.0, "object": "obj_tutorialbook", "deleted": 0.0, "variables": { "x": 960.0, "flipX": 0.0, "y": -23.0, "flipY": 0.0, "image_xscale": 1.0, "image_yscale": 1.0, "background_spr": "99_chat_bg", "showgranny": "false", "text": 99.0 } } ], "tile_data": { "4": { "1440_160": { "flipX": 1.0, "flipY": 1.0, "tileset": "tile_medieval2", "coord": [ 8.0, 1.0 ], "autotile_index": 0.0, "autotile": 1.0 }, "1440_0": { "flipX": 1.0, "flipY": 1.0, "tileset": "tile_medieval2", "coord": [ 8.0, 1.0 ], "autotile_index": 0.0, "autotile": 1.0 }, "1440_448": { "flipX": 1.0, "flipY": 1.0, "tileset": "tile_medieval2", "coord": [ 2.0, 2.0 ], "autotile_index": 0.0, "autotile": 1.0 }, "1376_160": { "flipX": 1.0, "flipY": 1.0, "tileset": "tile_medieval2", "coord": [ 1.0, 2.0 ], "autotile_index": 0.0, "autotile": 1.0 }, "1376_128": { "flipX": 1.0, "flipY": 1.0, "tileset": "tile_medieval2", "coord": [ 1.0, 2.0 ], "autotile_index": 0.0, "autotile": 1.0 }, "1376_64": { "flipX": 1.0, "flipY": 1.0, "tileset": "tile_medieval2", "coord": [ 1.0, 2.0 ], "autotile_index": 0.0, "autotile": 1.0 }, "1440_192": { "flipX": 1.0, "flipY": 1.0, "tileset": "tile_medieval2", "coord": [ 8.0, 1.0 ], "autotile_index": 0.0, "autotile": 1.0 }, "1376_512": { "flipX": 1.0, "flipY": 1.0, "tileset": "tile_medieval2", "coord": [ 1.0, 2.0 ], "autotile_index": 0.0, "autotile": 1.0 }, "1376_192": { "flipX": 1.0, "flipY": 1.0, "tileset": "tile_medieval2", "coord": [ 1.0, 2.0 ], "autotile_index": 0.0, "autotile": 1.0 }, "1440_128": { "flipX": 1.0, "flipY": 1.0, "tileset": "tile_medieval2", "coord": [ 8.0, 1.0 ], "autotile_index": 0.0, "autotile": 1.0 }, "1376_416": { "flipX": 1.0, "flipY": 1.0, "tileset": "tile_medieval2", "coord": [ 1.0, 1.0 ], "autotile_index": 0.0, "autotile": 1.0 }, "1376_480": { "flipX": 1.0, "flipY": 1.0, "tileset": "tile_medieval2", "coord": [ 1.0, 2.0 ], "autotile_index": 0.0, "autotile": 1.0 }, "1376_448": { "flipX": 1.0, "flipY": 1.0, "tileset": "tile_medieval2", "coord": [ 1.0, 2.0 ], "autotile_index": 0.0, "autotile": 1.0 }, "1408_0": { "flipX": 1.0, "flipY": 1.0, "tileset": "tile_medieval2", "coord": [ 2.0, 2.0 ], "autotile_index": 0.0, "autotile": 1.0 }, "1408_224": { "flipX": 1.0, "flipY": 1.0, "tileset": "tile_medieval2", "coord": [ 2.0, 2.0 ], "autotile_index": 0.0, "autotile": 1.0 }, "1440_64": { "flipX": 1.0, "flipY": 1.0, "tileset": "tile_medieval2", "coord": [ 8.0, 1.0 ], "autotile_index": 0.0, "autotile": 1.0 }, "1408_320": { "flipX": 1.0, "flipY": 1.0, "tileset": "tile_medieval2", "coord": [ 2.0, 3.0 ], "autotile_index": 0.0, "autotile": 1.0 }, "1376_32": { "flipX": 1.0, "flipY": 1.0, "tileset": "tile_medieval2", "coord": [ 1.0, 2.0 ], "autotile_index": 0.0, "autotile": 1.0 }, "1408_448": { "flipX": 1.0, "flipY": 1.0, "tileset": "tile_medieval2", "coord": [ 2.0, 2.0 ], "autotile_index": 0.0, "autotile": 1.0 }, "1376_256": { "flipX": 1.0, "flipY": 1.0, "tileset": "tile_medieval2", "coord": [ 1.0, 2.0 ], "autotile_index": 0.0, "autotile": 1.0 }, "1440_416": { "flipX": 1.0, "flipY": 1.0, "tileset": "tile_medieval2", "coord": [ 2.0, 1.0 ], "autotile_index": 0.0, "autotile": 1.0 }, "1408_96": { "flipX": 1.0, "flipY": 1.0, "tileset": "tile_medieval2", "coord": [ 2.0, 2.0 ], "autotile_index": 0.0, "autotile": 1.0 }, "1408_64": { "flipX": 1.0, "flipY": 1.0, "tileset": "tile_medieval2", "coord": [ 2.0, 2.0 ], "autotile_index": 0.0, "autotile": 1.0 }, "1440_224": { "flipX": 1.0, "flipY": 1.0, "tileset": "tile_medieval2", "coord": [ 8.0, 1.0 ], "autotile_index": 0.0, "autotile": 1.0 }, "1376_320": { "flipX": 1.0, "flipY": 1.0, "tileset": "tile_medieval2", "coord": [ 1.0, 3.0 ], "autotile_index": 0.0, "autotile": 1.0 }, "1440_96": { "flipX": 1.0, "flipY": 1.0, "tileset": "tile_medieval2", "coord": [ 8.0, 1.0 ], "autotile_index": 0.0, "autotile": 1.0 }, "1408_192": { "flipX": 1.0, "flipY": 1.0, "tileset": "tile_medieval2", "coord": [ 2.0, 2.0 ], "autotile_index": 0.0, "autotile": 1.0 }, "1408_32": { "flipX": 1.0, "flipY": 1.0, "tileset": "tile_medieval2", "coord": [ 2.0, 2.0 ], "autotile_index": 0.0, "autotile": 1.0 }, "1440_480": { "flipX": 1.0, "flipY": 1.0, "tileset": "tile_medieval2", "coord": [ 8.0, 1.0 ], "autotile_index": 0.0, "autotile": 1.0 }, "1440_32": { "flipX": 1.0, "flipY": 1.0, "tileset": "tile_medieval2", "coord": [ 8.0, 1.0 ], "autotile_index": 0.0, "autotile": 1.0 }, "1408_480": { "flipX": 1.0, "flipY": 1.0, "tileset": "tile_medieval2", "coord": [ 2.0, 2.0 ], "autotile_index": 0.0, "autotile": 1.0 }, "1440_256": { "flipX": 1.0, "flipY": 1.0, "tileset": "tile_medieval2", "coord": [ 8.0, 1.0 ], "autotile_index": 0.0, "autotile": 1.0 }, "1440_320": { "flipX": 1.0, "flipY": 1.0, "tileset": "tile_medieval2", "coord": [ 2.0, 3.0 ], "autotile_index": 0.0, "autotile": 1.0 }, "1440_288": { "flipX": 1.0, "flipY": 1.0, "tileset": "tile_medieval2", "coord": [ 2.0, 2.0 ], "autotile_index": 0.0, "autotile": 1.0 }, "1408_288": { "flipX": 1.0, "flipY": 1.0, "tileset": "tile_medieval2", "coord": [ 2.0, 2.0 ], "autotile_index": 0.0, "autotile": 1.0 }, "1376_224": { "flipX": 1.0, "flipY": 1.0, "tileset": "tile_medieval2", "coord": [ 1.0, 2.0 ], "autotile_index": 0.0, "autotile": 1.0 }, "1408_256": { "flipX": 1.0, "flipY": 1.0, "tileset": "tile_medieval2", "coord": [ 2.0, 2.0 ], "autotile_index": 0.0, "autotile": 1.0 }, "1440_512": { "flipX": 1.0, "flipY": 1.0, "tileset": "tile_medieval2", "coord": [ 8.0, 1.0 ], "autotile_index": 0.0, "autotile": 1.0 }, "1408_416": { "flipX": 1.0, "flipY": 1.0, "tileset": "tile_medieval2", "coord": [ 2.0, 1.0 ], "autotile_index": 0.0, "autotile": 1.0 }, "1376_0": { "flipX": 1.0, "flipY": 1.0, "tileset": "tile_medieval2", "coord": [ 1.0, 2.0 ], "autotile_index": 0.0, "autotile": 1.0 }, "1408_160": { "flipX": 1.0, "flipY": 1.0, "tileset": "tile_medieval2", "coord": [ 2.0, 2.0 ], "autotile_index": 0.0, "autotile": 1.0 }, "1408_512": { "flipX": 1.0, "flipY": 1.0, "tileset": "tile_medieval2", "coord": [ 2.0, 2.0 ], "autotile_index": 0.0, "autotile": 1.0 }, "1376_96": { "flipX": 1.0, "flipY": 1.0, "tileset": "tile_medieval2", "coord": [ 1.0, 2.0 ], "autotile_index": 0.0, "autotile": 1.0 }, "1408_128": { "flipX": 1.0, "flipY": 1.0, "tileset": "tile_medieval2", "coord": [ 2.0, 2.0 ], "autotile_index": 0.0, "autotile": 1.0 }, "1376_288": { "flipX": 1.0, "flipY": 1.0, "tileset": "tile_medieval2", "coord": [ 1.0, 2.0 ], "autotile_index": 0.0, "autotile": 1.0 } }, "5": { "448_32": { "flipX": 1.0, "flipY": 1.0, "tileset": "tile_farm", "coord": [ 4.0, 5.0 ], "autotile_index": 0.0, "autotile": 1.0 }, "448_0": { "flipX": 1.0, "flipY": 1.0, "tileset": "tile_farm", "coord": [ 6.0, 2.0 ], "autotile_index": 0.0, "autotile": 1.0 }, "928_480": { "flipX": 1.0, "flipY": 1.0, "tileset": "tile_farm", "coord": [ 6.0, 2.0 ], "autotile_index": 0.0, "autotile": 1.0 }, "1312_256": { "flipX": 1.0, "flipY": 1.0, "tileset": "tile_farm", "coord": [ 4.0, 2.0 ], "autotile_index": 0.0, "autotile": 1.0 }, "384_192": { "flipX": 1.0, "flipY": 1.0, "tileset": "tile_farm", "coord": [ 6.0, 3.0 ], "autotile_index": 0.0, "autotile": 1.0 }, "256_480": { "flipX": 1.0, "flipY": 1.0, "tileset": "tile_farm", "coord": [ 6.0, 2.0 ], "autotile_index": 0.0, "autotile": 1.0 }, "1376_128": { "flipX": 1.0, "flipY": 1.0, "tileset": "tile_farm", "coord": [ 6.0, 2.0 ], "autotile_index": 0.0, "autotile": 1.0 }, "64_224": { "flipX": 1.0, "flipY": 1.0, "tileset": "tile_farm", "coord": [ 8.0, 2.0 ], "autotile_index": 0.0, "autotile": 1.0 }, "768_128": { "flipX": 1.0, "flipY": 1.0, "tileset": "tile_farm", "coord": [ 5.0, 2.0 ], "autotile_index": 0.0, "autotile": 1.0 }, "896_32": { "flipX": 1.0, "flipY": 1.0, "tileset": "tile_farm", "coord": [ 8.0, 1.0 ], "autotile_index": 0.0, "autotile": 1.0 }, "736_64": { "flipX": 1.0, "flipY": 1.0, "tileset": "tile_farm", "coord": [ 9.0, 5.0 ], "autotile_index": 0.0, "autotile": 1.0 }, "512_0": { "flipX": 1.0, "flipY": 1.0, "tileset": "tile_farm", "coord": [ 6.0, 2.0 ], "autotile_index": 0.0, "autotile": 1.0 }, "896_192": { "flipX": 1.0, "flipY": 1.0, "tileset": "tile_farm", "coord": [ 8.0, 4.0 ], "autotile_index": 0.0, "autotile": 1.0 }, "672_32": { "flipX": 1.0, "flipY": 1.0, "tileset": "tile_farm", "coord": [ 6.0, 3.0 ], "autotile_index": 0.0, "autotile": 1.0 }, "608_32": { "flipX": 1.0, "flipY": 1.0, "tileset": "tile_farm", "coord": [ 6.0, 3.0 ], "autotile_index": 0.0, "autotile": 1.0 }, "0_256": { "flipX": 1.0, "flipY": 1.0, "tileset": "tile_farm", "coord": [ 6.0, 2.0 ], "autotile_index": 0.0, "autotile": 1.0 }, "1344_0": { "flipX": 1.0, "flipY": 1.0, "tileset": "tile_farm", "coord": [ 5.0, 2.0 ], "autotile_index": 0.0, "autotile": 1.0 }, "224_64": { "flipX": 1.0, "flipY": 1.0, "tileset": "tile_farm", "coord": [ 6.0, 3.0 ], "autotile_index": 0.0, "autotile": 1.0 }, "320_160": { "flipX": 1.0, "flipY": 1.0, "tileset": "tile_farm", "coord": [ 4.0, 3.0 ], "autotile_index": 0.0, "autotile": 1.0 }, "32_192": { "flipX": 1.0, "flipY": 1.0, "tileset": "tile_farm", "coord": [ 7.0, 2.0 ], "autotile_index": 0.0, "autotile": 1.0 }, "1408_320": { "flipX": 1.0, "flipY": 1.0, "tileset": "tile_farm", "coord": [ 5.0, 4.0 ], "autotile_index": 0.0, "autotile": 1.0 }, "640_448": { "flipX": 1.0, "flipY": 1.0, "tileset": "tile_farm", "coord": [ 6.0, 1.0 ], "autotile_index": 0.0, "autotile": 1.0 }, "320_96": { "flipX": 1.0, "flipY": 1.0, "tileset": "tile_farm", "coord": [ 9.0, 5.0 ], "autotile_index": 0.0, "autotile": 1.0 }, "1408_448": { "flipX": 1.0, "flipY": 1.0, "tileset": "tile_farm", "coord": [ 6.0, 1.0 ], "autotile_index": 0.0, "autotile": 1.0 }, "768_448": { "flipX": 1.0, "flipY": 1.0, "tileset": "tile_farm", "coord": [ 6.0, 1.0 ], "autotile_index": 0.0, "autotile": 1.0 }, "288_512": { "flipX": 1.0, "flipY": 1.0, "tileset": "tile_farm", "coord": [ 6.0, 2.0 ], "autotile_index": 0.0, "autotile": 1.0 }, "352_416": { "flipX": 1.0, "flipY": 1.0, "tileset": "tile_farm", "coord": [ 5.0, 0.0 ], "autotile_index": 0.0, "autotile": 1.0 }, "1248_416": { "flipX": 1.0, "flipY": 1.0, "tileset": "tile_farm", "coord": [ 6.0, 0.0 ], "autotile_index": 0.0, "autotile": 1.0 }, "64_448": { "flipX": 1.0, "flipY": 1.0, "tileset": "tile_farm", "coord": [ 6.0, 1.0 ], "autotile_index": 0.0, "autotile": 1.0 }, "320_416": { "flipX": 1.0, "flipY": 1.0, "tileset": "tile_farm", "coord": [ 5.0, 0.0 ], "autotile_index": 0.0, "autotile": 1.0 }, "608_512": { "flipX": 1.0, "flipY": 1.0, "tileset": "tile_farm", "coord": [ 6.0, 2.0 ], "autotile_index": 0.0, "autotile": 1.0 }, "416_416": { "flipX": 1.0, "flipY": 1.0, "tileset": "tile_farm", "coord": [ 7.0, 0.0 ], "autotile_index": 0.0, "autotile": 1.0 }, "384_160": { "flipX": 1.0, "flipY": 1.0, "tileset": "tile_farm", "coord": [ 6.0, 2.0 ], "autotile_index": 0.0, "autotile": 1.0 }, "544_416": { "flipX": 1.0, "flipY": 1.0, "tileset": "tile_farm", "coord": [ 5.0, 0.0 ], "autotile_index": 0.0, "autotile": 1.0 }, "32_256": { "flipX": 1.0, "flipY": 1.0, "tileset": "tile_farm", "coord": [ 7.0, 2.0 ], "autotile_index": 0.0, "autotile": 1.0 }, "608_448": { "flipX": 1.0, "flipY": 1.0, "tileset": "tile_farm", "coord": [ 6.0, 1.0 ], "autotile_index": 0.0, "autotile": 1.0 }, "960_480": { "flipX": 1.0, "flipY": 1.0, "tileset": "tile_farm", "coord": [ 6.0, 2.0 ], "autotile_index": 0.0, "autotile": 1.0 }, "1440_256": { "flipX": 1.0, "flipY": 1.0, "tileset": "tile_farm", "coord": [ 6.0, 2.0 ], "autotile_index": 0.0, "autotile": 1.0 }, "800_192": { "flipX": 1.0, "flipY": 1.0, "tileset": "tile_farm", "coord": [ 7.0, 4.0 ], "autotile_index": 0.0, "autotile": 1.0 }, "416_192": { "flipX": 1.0, "flipY": 1.0, "tileset": "tile_farm", "coord": [ 6.0, 3.0 ], "autotile_index": 0.0, "autotile": 1.0 }, "1440_288": { "flipX": 1.0, "flipY": 1.0, "tileset": "tile_farm", "coord": [ 6.0, 3.0 ], "autotile_index": 0.0, "autotile": 1.0 }, "416_96": { "flipX": 1.0, "flipY": 1.0, "tileset": "tile_farm", "coord": [ 6.0, 2.0 ], "autotile_index": 0.0, "autotile": 1.0 }, "160_512": { "flipX": 1.0, "flipY": 1.0, "tileset": "tile_farm", "coord": [ 6.0, 2.0 ], "autotile_index": 0.0, "autotile": 1.0 }, "768_192": { "flipX": 1.0, "flipY": 1.0, "tileset": "tile_farm", "coord": [ 7.0, 4.0 ], "autotile_index": 0.0, "autotile": 1.0 }, "1056_512": { "flipX": 1.0, "flipY": 1.0, "tileset": "tile_farm", "coord": [ 6.0, 2.0 ], "autotile_index": 0.0, "autotile": 1.0 }, "64_512": { "flipX": 1.0, "flipY": 1.0, "tileset": "tile_farm", "coord": [ 6.0, 2.0 ], "autotile_index": 0.0, "autotile": 1.0 }, "1216_448": { "flipX": 1.0, "flipY": 1.0, "tileset": "tile_farm", "coord": [ 6.0, 1.0 ], "autotile_index": 0.0, "autotile": 1.0 }, "64_96": { "flipX": 1.0, "flipY": 1.0, "tileset": "tile_farm", "coord": [ 7.0, 5.0 ], "autotile_index": 0.0, "autotile": 1.0 }, "960_416": { "flipX": 1.0, "flipY": 1.0, "tileset": "tile_farm", "coord": [ 5.0, 0.0 ], "autotile_index": 0.0, "autotile": 1.0 }, "576_512": { "flipX": 1.0, "flipY": 1.0, "tileset": "tile_farm", "coord": [ 6.0, 2.0 ], "autotile_index": 0.0, "autotile": 1.0 }, "96_0": { "flipX": 1.0, "flipY": 1.0, "tileset": "tile_farm", "coord": [ 6.0, 2.0 ], "autotile_index": 0.0, "autotile": 1.0 }, "800_320": { "flipX": 1.0, "flipY": 1.0, "tileset": "tile_farm", "coord": [ 9.0, 7.0 ], "autotile_index": 0.0, "autotile": 1.0 }, "416_64": { "flipX": 1.0, "flipY": 1.0, "tileset": "tile_farm", "coord": [ 6.0, 2.0 ], "autotile_index": 0.0, "autotile": 1.0 }, "256_512": { "flipX": 1.0, "flipY": 1.0, "tileset": "tile_farm", "coord": [ 6.0, 2.0 ], "autotile_index": 0.0, "autotile": 1.0 }, "192_64": { "flipX": 1.0, "flipY": 1.0, "tileset": "tile_farm", "coord": [ 6.0, 3.0 ], "autotile_index": 0.0, "autotile": 1.0 }, "1440_160": { "flipX": 1.0, "flipY": 1.0, "tileset": "tile_farm", "coord": [ 6.0, 2.0 ], "autotile_index": 0.0, "autotile": 1.0 }, "672_448": { "flipX": 1.0, "flipY": 1.0, "tileset": "tile_farm", "coord": [ 6.0, 1.0 ], "autotile_index": 0.0, "autotile": 1.0 }, "1024_480": { "flipX": 1.0, "flipY": 1.0, "tileset": "tile_farm", "coord": [ 6.0, 2.0 ], "autotile_index": 0.0, "autotile": 1.0 }, "1440_448": { "flipX": 1.0, "flipY": 1.0, "tileset": "tile_farm", "coord": [ 6.0, 1.0 ], "autotile_index": 0.0, "autotile": 1.0 }, "320_0": { "flipX": 1.0, "flipY": 1.0, "tileset": "tile_farm", "coord": [ 6.0, 2.0 ], "autotile_index": 0.0, "autotile": 1.0 }, "1120_416": { "flipX": 1.0, "flipY": 1.0, "tileset": "tile_farm", "coord": [ 7.0, 0.0 ], "autotile_index": 0.0, "autotile": 1.0 }, "448_128": { "flipX": 1.0, "flipY": 1.0, "tileset": "tile_farm", "coord": [ 7.0, 2.0 ], "autotile_index": 0.0, "autotile": 1.0 }, "256_0": { "flipX": 1.0, "flipY": 1.0, "tileset": "tile_farm", "coord": [ 6.0, 2.0 ], "autotile_index": 0.0, "autotile": 1.0 }, "768_160": { "flipX": 1.0, "flipY": 1.0, "tileset": "tile_farm", "coord": [ 5.0, 3.0 ], "autotile_index": 0.0, "autotile": 1.0 }, "960_448": { "flipX": 1.0, "flipY": 1.0, "tileset": "tile_farm", "coord": [ 6.0, 1.0 ], "autotile_index": 0.0, "autotile": 1.0 }, "704_32": { "flipX": 1.0, "flipY": 1.0, "tileset": "tile_farm", "coord": [ 6.0, 3.0 ], "autotile_index": 0.0, "autotile": 1.0 }, "0_224": { "flipX": 1.0, "flipY": 1.0, "tileset": "tile_farm", "coord": [ 6.0, 2.0 ], "autotile_index": 0.0, "autotile": 1.0 }, "832_416": { "flipX": 1.0, "flipY": 1.0, "tileset": "tile_farm", "coord": [ 7.0, 2.0 ], "autotile_index": 0.0, "autotile": 1.0 }, "32_96": { "flipX": 1.0, "flipY": 1.0, "tileset": "tile_farm", "coord": [ 7.0, 2.0 ], "autotile_index": 0.0, "autotile": 1.0 }, "800_128": { "flipX": 1.0, "flipY": 1.0, "tileset": "tile_farm", "coord": [ 6.0, 2.0 ], "autotile_index": 0.0, "autotile": 1.0 }, "256_64": { "flipX": 1.0, "flipY": 1.0, "tileset": "tile_farm", "coord": [ 6.0, 3.0 ], "autotile_index": 0.0, "autotile": 1.0 }, "1312_224": { "flipX": 1.0, "flipY": 1.0, "tileset": "tile_farm", "coord": [ 4.0, 2.0 ], "autotile_index": 0.0, "autotile": 1.0 }, "1216_416": { "flipX": 1.0, "flipY": 1.0, "tileset": "tile_farm", "coord": [ 7.0, 0.0 ], "autotile_index": 0.0, "autotile": 1.0 }, "1408_224": { "flipX": 1.0, "flipY": 1.0, "tileset": "tile_farm", "coord": [ 6.0, 2.0 ], "autotile_index": 0.0, "autotile": 1.0 }, "384_480": { "flipX": 1.0, "flipY": 1.0, "tileset": "tile_farm", "coord": [ 6.0, 2.0 ], "autotile_index": 0.0, "autotile": 1.0 }, "352_160": { "flipX": 1.0, "flipY": 1.0, "tileset": "tile_farm", "coord": [ 5.0, 2.0 ], "autotile_index": 0.0, "autotile": 1.0 }, "384_512": { "flipX": 1.0, "flipY": 1.0, "tileset": "tile_farm", "coord": [ 6.0, 2.0 ], "autotile_index": 0.0, "autotile": 1.0 }, "864_192": { "flipX": 1.0, "flipY": 1.0, "tileset": "tile_farm", "coord": [ 5.0, 4.0 ], "autotile_index": 0.0, "autotile": 1.0 }, "1344_288": { "flipX": 1.0, "flipY": 1.0, "tileset": "tile_farm", "coord": [ 5.0, 3.0 ], "autotile_index": 0.0, "autotile": 1.0 }, "1312_480": { "flipX": 1.0, "flipY": 1.0, "tileset": "tile_farm", "coord": [ 6.0, 2.0 ], "autotile_index": 0.0, "autotile": 1.0 }, "832_512": { "flipX": 1.0, "flipY": 1.0, "tileset": "tile_farm", "coord": [ 6.0, 2.0 ], "autotile_index": 0.0, "autotile": 1.0 }, "1344_416": { "flipX": 1.0, "flipY": 1.0, "tileset": "tile_farm", "coord": [ 5.0, 0.0 ], "autotile_index": 0.0, "autotile": 1.0 }, "1280_416": { "flipX": 1.0, "flipY": 1.0, "tileset": "tile_farm", "coord": [ 5.0, 0.0 ], "autotile_index": 0.0, "autotile": 1.0 }, "832_288": { "flipX": 1.0, "flipY": 1.0, "tileset": "tile_farm", "coord": [ 8.0, 0.0 ], "autotile_index": 0.0, "autotile": 1.0 }, "768_32": { "flipX": 1.0, "flipY": 1.0, "tileset": "tile_farm", "coord": [ 6.0, 5.0 ], "autotile_index": 0.0, "autotile": 1.0 }, "256_32": { "flipX": 1.0, "flipY": 1.0, "tileset": "tile_farm", "coord": [ 6.0, 2.0 ], "autotile_index": 0.0, "autotile": 1.0 }, "864_320": { "flipX": 1.0, "flipY": 1.0, "tileset": "tile_farm", "coord": [ 8.0, 0.0 ], "autotile_index": 0.0, "autotile": 1.0 }, "1408_32": { "flipX": 1.0, "flipY": 1.0, "tileset": "tile_farm", "coord": [ 6.0, 2.0 ], "autotile_index": 0.0, "autotile": 1.0 }, "32_224": { "flipX": 1.0, "flipY": 1.0, "tileset": "tile_farm", "coord": [ 7.0, 2.0 ], "autotile_index": 0.0, "autotile": 1.0 }, "0_192": { "flipX": 1.0, "flipY": 1.0, "tileset": "tile_farm", "coord": [ 6.0, 2.0 ], "autotile_index": 0.0, "autotile": 1.0 }, "1440_32": { "flipX": 1.0, "flipY": 1.0, "tileset": "tile_farm", "coord": [ 6.0, 2.0 ], "autotile_index": 0.0, "autotile": 1.0 }, "32_288": { "flipX": 1.0, "flipY": 1.0, "tileset": "tile_farm", "coord": [ 7.0, 2.0 ], "autotile_index": 0.0, "autotile": 1.0 }, "480_128": { "flipX": 1.0, "flipY": 1.0, "tileset": "tile_farm", "coord": [ 8.0, 3.0 ], "autotile_index": 0.0, "autotile": 1.0 }, "1344_480": { "flipX": 1.0, "flipY": 1.0, "tileset": "tile_farm", "coord": [ 6.0, 2.0 ], "autotile_index": 0.0, "autotile": 1.0 }, "0_96": { "flipX": 1.0, "flipY": 1.0, "tileset": "tile_farm", "coord": [ 6.0, 2.0 ], "autotile_index": 0.0, "autotile": 1.0 }, "64_256": { "flipX": 1.0, "flipY": 1.0, "tileset": "tile_farm", "coord": [ 8.0, 2.0 ], "autotile_index": 0.0, "autotile": 1.0 }, "1152_480": { "flipX": 1.0, "flipY": 1.0, "tileset": "tile_farm", "coord": [ 6.0, 2.0 ], "autotile_index": 0.0, "autotile": 1.0 }, "1312_320": { "flipX": 1.0, "flipY": 1.0, "tileset": "tile_farm", "coord": [ 4.0, 4.0 ], "autotile_index": 0.0, "autotile": 1.0 }, "768_352": { "flipX": 1.0, "flipY": 1.0, "tileset": "tile_farm", "coord": [ 4.0, 2.0 ], "autotile_index": 0.0, "autotile": 1.0 }, "992_512": { "flipX": 1.0, "flipY": 1.0, "tileset": "tile_farm", "coord": [ 6.0, 2.0 ], "autotile_index": 0.0, "autotile": 1.0 }, "736_416": { "flipX": 1.0, "flipY": 1.0, "tileset": "tile_farm", "coord": [ 6.0, 0.0 ], "autotile_index": 0.0, "autotile": 1.0 }, "800_512": { "flipX": 1.0, "flipY": 1.0, "tileset": "tile_farm", "coord": [ 6.0, 2.0 ], "autotile_index": 0.0, "autotile": 1.0 }, "832_352": { "flipX": 1.0, "flipY": 1.0, "tileset": "tile_farm", "coord": [ 7.0, 1.0 ], "autotile_index": 0.0, "autotile": 1.0 }, "832_448": { "flipX": 1.0, "flipY": 1.0, "tileset": "tile_farm", "coord": [ 4.0, 7.0 ], "autotile_index": 0.0, "autotile": 1.0 }, "1408_512": { "flipX": 1.0, "flipY": 1.0, "tileset": "tile_farm", "coord": [ 6.0, 2.0 ], "autotile_index": 0.0, "autotile": 1.0 }, "832_0": { "flipX": 1.0, "flipY": 1.0, "tileset": "tile_farm", "coord": [ 6.0, 2.0 ], "autotile_index": 0.0, "autotile": 1.0 }, "896_128": { "flipX": 1.0, "flipY": 1.0, "tileset": "tile_farm", "coord": [ 8.0, 1.0 ], "autotile_index": 0.0, "autotile": 1.0 }, "1408_128": { "flipX": 1.0, "flipY": 1.0, "tileset": "tile_farm", "coord": [ 6.0, 2.0 ], "autotile_index": 0.0, "autotile": 1.0 }, "288_480": { "flipX": 1.0, "flipY": 1.0, "tileset": "tile_farm", "coord": [ 6.0, 2.0 ], "autotile_index": 0.0, "autotile": 1.0 }, "1248_480": { "flipX": 1.0, "flipY": 1.0, "tileset": "tile_farm", "coord": [ 6.0, 2.0 ], "autotile_index": 0.0, "autotile": 1.0 }, "736_512": { "flipX": 1.0, "flipY": 1.0, "tileset": "tile_farm", "coord": [ 6.0, 2.0 ], "autotile_index": 0.0, "autotile": 1.0 }, "64_288": { "flipX": 1.0, "flipY": 1.0, "tileset": "tile_farm", "coord": [ 8.0, 3.0 ], "autotile_index": 0.0, "autotile": 1.0 }, "1152_512": { "flipX": 1.0, "flipY": 1.0, "tileset": "tile_farm", "coord": [ 6.0, 2.0 ], "autotile_index": 0.0, "autotile": 1.0 }, "352_192": { "flipX": 1.0, "flipY": 1.0, "tileset": "tile_farm", "coord": [ 5.0, 3.0 ], "autotile_index": 0.0, "autotile": 1.0 }, "320_448": { "flipX": 1.0, "flipY": 1.0, "tileset": "tile_farm", "coord": [ 6.0, 1.0 ], "autotile_index": 0.0, "autotile": 1.0 }, "704_64": { "flipX": 1.0, "flipY": 1.0, "tileset": "tile_farm", "coord": [ 6.0, 4.0 ], "autotile_index": 0.0, "autotile": 1.0 }, "128_0": { "flipX": 1.0, "flipY": 1.0, "tileset": "tile_farm", "coord": [ 6.0, 2.0 ], "autotile_index": 0.0, "autotile": 1.0 }, "96_448": { "flipX": 1.0, "flipY": 1.0, "tileset": "tile_farm", "coord": [ 6.0, 1.0 ], "autotile_index": 0.0, "autotile": 1.0 }, "352_64": { "flipX": 1.0, "flipY": 1.0, "tileset": "tile_farm", "coord": [ 6.0, 5.0 ], "autotile_index": 0.0, "autotile": 1.0 }, "768_512": { "flipX": 1.0, "flipY": 1.0, "tileset": "tile_farm", "coord": [ 6.0, 2.0 ], "autotile_index": 0.0, "autotile": 1.0 }, "32_320": { "flipX": 1.0, "flipY": 1.0, "tileset": "tile_farm", "coord": [ 7.0, 2.0 ], "autotile_index": 0.0, "autotile": 1.0 }, "800_352": { "flipX": 1.0, "flipY": 1.0, "tileset": "tile_farm", "coord": [ 5.0, 1.0 ], "autotile_index": 0.0, "autotile": 1.0 }, "1376_480": { "flipX": 1.0, "flipY": 1.0, "tileset": "tile_farm", "coord": [ 6.0, 2.0 ], "autotile_index": 0.0, "autotile": 1.0 }, "416_480": { "flipX": 1.0, "flipY": 1.0, "tileset": "tile_farm", "coord": [ 6.0, 2.0 ], "autotile_index": 0.0, "autotile": 1.0 }, "288_96": { "flipX": 1.0, "flipY": 1.0, "tileset": "tile_farm", "coord": [ 7.0, 4.0 ], "autotile_index": 0.0, "autotile": 1.0 }, "64_160": { "flipX": 1.0, "flipY": 1.0, "tileset": "tile_farm", "coord": [ 8.0, 2.0 ], "autotile_index": 0.0, "autotile": 1.0 }, "160_480": { "flipX": 1.0, "flipY": 1.0, "tileset": "tile_farm", "coord": [ 6.0, 2.0 ], "autotile_index": 0.0, "autotile": 1.0 }, "1344_320": { "flipX": 1.0, "flipY": 1.0, "tileset": "tile_farm", "coord": [ 6.0, 4.0 ], "autotile_index": 0.0, "autotile": 1.0 }, "672_0": { "flipX": 1.0, "flipY": 1.0, "tileset": "tile_farm", "coord": [ 6.0, 2.0 ], "autotile_index": 0.0, "autotile": 1.0 }, "544_448": { "flipX": 1.0, "flipY": 1.0, "tileset": "tile_farm", "coord": [ 6.0, 1.0 ], "autotile_index": 0.0, "autotile": 1.0 }, "1056_416": { "flipX": 1.0, "flipY": 1.0, "tileset": "tile_farm", "coord": [ 6.0, 0.0 ], "autotile_index": 0.0, "autotile": 1.0 }, "480_224": { "flipX": 1.0, "flipY": 1.0, "tileset": "tile_farm", "coord": [ 8.0, 4.0 ], "autotile_index": 0.0, "autotile": 1.0 }, "800_448": { "flipX": 1.0, "flipY": 1.0, "tileset": "tile_farm", "coord": [ 6.0, 7.0 ], "autotile_index": 0.0, "autotile": 1.0 }, "64_0": { "flipX": 1.0, "flipY": 1.0, "tileset": "tile_farm", "coord": [ 6.0, 2.0 ], "autotile_index": 0.0, "autotile": 1.0 }, "768_416": { "flipX": 1.0, "flipY": 1.0, "tileset": "tile_farm", "coord": [ 9.0, 7.0 ], "autotile_index": 0.0, "autotile": 1.0 }, "1216_512": { "flipX": 1.0, "flipY": 1.0, "tileset": "tile_farm", "coord": [ 6.0, 2.0 ], "autotile_index": 0.0, "autotile": 1.0 }, "1440_224": { "flipX": 1.0, "flipY": 1.0, "tileset": "tile_farm", "coord": [ 6.0, 2.0 ], "autotile_index": 0.0, "autotile": 1.0 }, "1312_0": { "flipX": 1.0, "flipY": 1.0, "tileset": "tile_farm", "coord": [ 4.0, 1.0 ], "autotile_index": 0.0, "autotile": 1.0 }, "608_64": { "flipX": 1.0, "flipY": 1.0, "tileset": "tile_farm", "coord": [ 6.0, 4.0 ], "autotile_index": 0.0, "autotile": 1.0 }, "1440_96": { "flipX": 1.0, "flipY": 1.0, "tileset": "tile_farm", "coord": [ 6.0, 2.0 ], "autotile_index": 0.0, "autotile": 1.0 }, "384_32": { "flipX": 1.0, "flipY": 1.0, "tileset": "tile_farm", "coord": [ 6.0, 2.0 ], "autotile_index": 0.0, "autotile": 1.0 }, "832_192": { "flipX": 1.0, "flipY": 1.0, "tileset": "tile_farm", "coord": [ 7.0, 4.0 ], "autotile_index": 0.0, "autotile": 1.0 }, "1088_480": { "flipX": 1.0, "flipY": 1.0, "tileset": "tile_farm", "coord": [ 6.0, 2.0 ], "autotile_index": 0.0, "autotile": 1.0 }, "864_448": { "flipX": 1.0, "flipY": 1.0, "tileset": "tile_farm", "coord": [ 6.0, 1.0 ], "autotile_index": 0.0, "autotile": 1.0 }, "864_416": { "flipX": 1.0, "flipY": 1.0, "tileset": "tile_farm", "coord": [ 7.0, 7.0 ], "autotile_index": 0.0, "autotile": 1.0 }, "928_416": { "flipX": 1.0, "flipY": 1.0, "tileset": "tile_farm", "coord": [ 6.0, 0.0 ], "autotile_index": 0.0, "autotile": 1.0 }, "1312_288": { "flipX": 1.0, "flipY": 1.0, "tileset": "tile_farm", "coord": [ 4.0, 2.0 ], "autotile_index": 0.0, "autotile": 1.0 }, "1280_512": { "flipX": 1.0, "flipY": 1.0, "tileset": "tile_farm", "coord": [ 6.0, 2.0 ], "autotile_index": 0.0, "autotile": 1.0 }, "1344_32": { "flipX": 1.0, "flipY": 1.0, "tileset": "tile_farm", "coord": [ 5.0, 2.0 ], "autotile_index": 0.0, "autotile": 1.0 }, "832_32": { "flipX": 1.0, "flipY": 1.0, "tileset": "tile_farm", "coord": [ 6.0, 2.0 ], "autotile_index": 0.0, "autotile": 1.0 }, "800_0": { "flipX": 1.0, "flipY": 1.0, "tileset": "tile_farm", "coord": [ 6.0, 2.0 ], "autotile_index": 0.0, "autotile": 1.0 }, "768_0": { "flipX": 1.0, "flipY": 1.0, "tileset": "tile_farm", "coord": [ 6.0, 2.0 ], "autotile_index": 0.0, "autotile": 1.0 }, "736_160": { "flipX": 1.0, "flipY": 1.0, "tileset": "tile_farm", "coord": [ 4.0, 3.0 ], "autotile_index": 0.0, "autotile": 1.0 }, "1408_416": { "flipX": 1.0, "flipY": 1.0, "tileset": "tile_farm", "coord": [ 5.0, 0.0 ], "autotile_index": 0.0, "autotile": 1.0 }, "576_64": { "flipX": 1.0, "flipY": 1.0, "tileset": "tile_farm", "coord": [ 5.0, 4.0 ], "autotile_index": 0.0, "autotile": 1.0 }, "736_32": { "flipX": 1.0, "flipY": 1.0, "tileset": "tile_farm", "coord": [ 6.0, 3.0 ], "autotile_index": 0.0, "autotile": 1.0 }, "1408_160": { "flipX": 1.0, "flipY": 1.0, "tileset": "tile_farm", "coord": [ 6.0, 2.0 ], "autotile_index": 0.0, "autotile": 1.0 }, "256_416": { "flipX": 1.0, "flipY": 1.0, "tileset": "tile_farm", "coord": [ 6.0, 0.0 ], "autotile_index": 0.0, "autotile": 1.0 }, "288_64": { "flipX": 1.0, "flipY": 1.0, "tileset": "tile_farm", "coord": [ 6.0, 3.0 ], "autotile_index": 0.0, "autotile": 1.0 }, "672_64": { "flipX": 1.0, "flipY": 1.0, "tileset": "tile_farm", "coord": [ 7.0, 4.0 ], "autotile_index": 0.0, "autotile": 1.0 }, "32_64": { "flipX": 1.0, "flipY": 1.0, "tileset": "tile_farm", "coord": [ 4.0, 5.0 ], "autotile_index": 0.0, "autotile": 1.0 }, "1184_416": { "flipX": 1.0, "flipY": 1.0, "tileset": "tile_farm", "coord": [ 5.0, 0.0 ], "autotile_index": 0.0, "autotile": 1.0 }, "864_96": { "flipX": 1.0, "flipY": 1.0, "tileset": "tile_farm", "coord": [ 7.0, 2.0 ], "autotile_index": 0.0, "autotile": 1.0 }, "480_416": { "flipX": 1.0, "flipY": 1.0, "tileset": "tile_farm", "coord": [ 6.0, 0.0 ], "autotile_index": 0.0, "autotile": 1.0 }, "0_160": { "flipX": 1.0, "flipY": 1.0, "tileset": "tile_farm", "coord": [ 6.0, 2.0 ], "autotile_index": 0.0, "autotile": 1.0 }, "576_480": { "flipX": 1.0, "flipY": 1.0, "tileset": "tile_farm", "coord": [ 6.0, 2.0 ], "autotile_index": 0.0, "autotile": 1.0 }, "288_32": { "flipX": 1.0, "flipY": 1.0, "tileset": "tile_farm", "coord": [ 6.0, 2.0 ], "autotile_index": 0.0, "autotile": 1.0 }, "832_96": { "flipX": 1.0, "flipY": 1.0, "tileset": "tile_farm", "coord": [ 6.0, 2.0 ], "autotile_index": 0.0, "autotile": 1.0 }, "32_160": { "flipX": 1.0, "flipY": 1.0, "tileset": "tile_farm", "coord": [ 7.0, 2.0 ], "autotile_index": 0.0, "autotile": 1.0 }, "1344_512": { "flipX": 1.0, "flipY": 1.0, "tileset": "tile_farm", "coord": [ 6.0, 2.0 ], "autotile_index": 0.0, "autotile": 1.0 }, "1376_512": { "flipX": 1.0, "flipY": 1.0, "tileset": "tile_farm", "coord": [ 6.0, 2.0 ], "autotile_index": 0.0, "autotile": 1.0 }, "352_32": { "flipX": 1.0, "flipY": 1.0, "tileset": "tile_farm", "coord": [ 6.0, 2.0 ], "autotile_index": 0.0, "autotile": 1.0 }, "864_64": { "flipX": 1.0, "flipY": 1.0, "tileset": "tile_farm", "coord": [ 7.0, 2.0 ], "autotile_index": 0.0, "autotile": 1.0 }, "1440_128": { "flipX": 1.0, "flipY": 1.0, "tileset": "tile_farm", "coord": [ 6.0, 2.0 ], "autotile_index": 0.0, "autotile": 1.0 }, "1184_512": { "flipX": 1.0, "flipY": 1.0, "tileset": "tile_farm", "coord": [ 6.0, 2.0 ], "autotile_index": 0.0, "autotile": 1.0 }, "704_448": { "flipX": 1.0, "flipY": 1.0, "tileset": "tile_farm", "coord": [ 6.0, 1.0 ], "autotile_index": 0.0, "autotile": 1.0 }, "128_512": { "flipX": 1.0, "flipY": 1.0, "tileset": "tile_farm", "coord": [ 6.0, 2.0 ], "autotile_index": 0.0, "autotile": 1.0 }, "1312_416": { "flipX": 1.0, "flipY": 1.0, "tileset": "tile_farm", "coord": [ 7.0, 0.0 ], "autotile_index": 0.0, "autotile": 1.0 }, "736_192": { "flipX": 1.0, "flipY": 1.0, "tileset": "tile_farm", "coord": [ 4.0, 4.0 ], "autotile_index": 0.0, "autotile": 1.0 }, "192_32": { "flipX": 1.0, "flipY": 1.0, "tileset": "tile_farm", "coord": [ 6.0, 2.0 ], "autotile_index": 0.0, "autotile": 1.0 }, "1344_192": { "flipX": 1.0, "flipY": 1.0, "tileset": "tile_farm", "coord": [ 5.0, 2.0 ], "autotile_index": 0.0, "autotile": 1.0 }, "1248_512": { "flipX": 1.0, "flipY": 1.0, "tileset": "tile_farm", "coord": [ 6.0, 2.0 ], "autotile_index": 0.0, "autotile": 1.0 }, "800_64": { "flipX": 1.0, "flipY": 1.0, "tileset": "tile_farm", "coord": [ 6.0, 2.0 ], "autotile_index": 0.0, "autotile": 1.0 }, "448_224": { "flipX": 1.0, "flipY": 1.0, "tileset": "tile_farm", "coord": [ 5.0, 4.0 ], "autotile_index": 0.0, "autotile": 1.0 }, "384_416": { "flipX": 1.0, "flipY": 1.0, "tileset": "tile_farm", "coord": [ 6.0, 0.0 ], "autotile_index": 0.0, "autotile": 1.0 }, "320_224": { "flipX": 1.0, "flipY": 1.0, "tileset": "tile_farm", "coord": [ 4.0, 4.0 ], "autotile_index": 0.0, "autotile": 1.0 }, "800_288": { "flipX": 1.0, "flipY": 1.0, "tileset": "tile_farm", "coord": [ 4.0, 0.0 ], "autotile_index": 0.0, "autotile": 1.0 }, "480_192": { "flipX": 1.0, "flipY": 1.0, "tileset": "tile_farm", "coord": [ 8.0, 2.0 ], "autotile_index": 0.0, "autotile": 1.0 }, "1408_96": { "flipX": 1.0, "flipY": 1.0, "tileset": "tile_farm", "coord": [ 6.0, 2.0 ], "autotile_index": 0.0, "autotile": 1.0 }, "0_32": { "flipX": 1.0, "flipY": 1.0, "tileset": "tile_farm", "coord": [ 6.0, 2.0 ], "autotile_index": 0.0, "autotile": 1.0 }, "544_512": { "flipX": 1.0, "flipY": 1.0, "tileset": "tile_farm", "coord": [ 6.0, 2.0 ], "autotile_index": 0.0, "autotile": 1.0 }, "1280_448": { "flipX": 1.0, "flipY": 1.0, "tileset": "tile_farm", "coord": [ 6.0, 1.0 ], "autotile_index": 0.0, "autotile": 1.0 }, "192_0": { "flipX": 1.0, "flipY": 1.0, "tileset": "tile_farm", "coord": [ 6.0, 2.0 ], "autotile_index": 0.0, "autotile": 1.0 }, "640_416": { "flipX": 1.0, "flipY": 1.0, "tileset": "tile_farm", "coord": [ 5.0, 0.0 ], "autotile_index": 0.0, "autotile": 1.0 }, "416_0": { "flipX": 1.0, "flipY": 1.0, "tileset": "tile_farm", "coord": [ 6.0, 2.0 ], "autotile_index": 0.0, "autotile": 1.0 }, "1344_448": { "flipX": 1.0, "flipY": 1.0, "tileset": "tile_farm", "coord": [ 6.0, 1.0 ], "autotile_index": 0.0, "autotile": 1.0 }, "0_288": { "flipX": 1.0, "flipY": 1.0, "tileset": "tile_farm", "coord": [ 6.0, 2.0 ], "autotile_index": 0.0, "autotile": 1.0 }, "1312_160": { "flipX": 1.0, "flipY": 1.0, "tileset": "tile_farm", "coord": [ 4.0, 2.0 ], "autotile_index": 0.0, "autotile": 1.0 }, "992_416": { "flipX": 1.0, "flipY": 1.0, "tileset": "tile_farm", "coord": [ 5.0, 0.0 ], "autotile_index": 0.0, "autotile": 1.0 }, "0_352": { "flipX": 1.0, "flipY": 1.0, "tileset": "tile_farm", "coord": [ 6.0, 2.0 ], "autotile_index": 0.0, "autotile": 1.0 }, "1312_64": { "flipX": 1.0, "flipY": 1.0, "tileset": "tile_farm", "coord": [ 4.0, 2.0 ], "autotile_index": 0.0, "autotile": 1.0 }, "320_32": { "flipX": 1.0, "flipY": 1.0, "tileset": "tile_farm", "coord": [ 6.0, 2.0 ], "autotile_index": 0.0, "autotile": 1.0 }, "1408_288": { "flipX": 1.0, "flipY": 1.0, "tileset": "tile_farm", "coord": [ 6.0, 3.0 ], "autotile_index": 0.0, "autotile": 1.0 }, "32_448": { "flipX": 1.0, "flipY": 1.0, "tileset": "tile_farm", "coord": [ 4.0, 7.0 ], "autotile_index": 0.0, "autotile": 1.0 }, "1088_448": { "flipX": 1.0, "flipY": 1.0, "tileset": "tile_farm", "coord": [ 6.0, 1.0 ], "autotile_index": 0.0, "autotile": 1.0 }, "1408_256": { "flipX": 1.0, "flipY": 1.0, "tileset": "tile_farm", "coord": [ 6.0, 2.0 ], "autotile_index": 0.0, "autotile": 1.0 }, "928_512": { "flipX": 1.0, "flipY": 1.0, "tileset": "tile_farm", "coord": [ 6.0, 2.0 ], "autotile_index": 0.0, "autotile": 1.0 }, "1312_128": { "flipX": 1.0, "flipY": 1.0, "tileset": "tile_farm", "coord": [ 4.0, 1.0 ], "autotile_index": 0.0, "autotile": 1.0 }, "800_480": { "flipX": 1.0, "flipY": 1.0, "tileset": "tile_farm", "coord": [ 6.0, 2.0 ], "autotile_index": 0.0, "autotile": 1.0 }, "768_320": { "flipX": 1.0, "flipY": 1.0, "tileset": "tile_farm", "coord": [ 4.0, 0.0 ], "autotile_index": 0.0, "autotile": 1.0 }, "64_192": { "flipX": 1.0, "flipY": 1.0, "tileset": "tile_farm", "coord": [ 8.0, 2.0 ], "autotile_index": 0.0, "autotile": 1.0 }, "736_0": { "flipX": 1.0, "flipY": 1.0, "tileset": "tile_farm", "coord": [ 6.0, 2.0 ], "autotile_index": 0.0, "autotile": 1.0 }, "192_416": { "flipX": 1.0, "flipY": 1.0, "tileset": "tile_farm", "coord": [ 5.0, 0.0 ], "autotile_index": 0.0, "autotile": 1.0 }, "704_512": { "flipX": 1.0, "flipY": 1.0, "tileset": "tile_farm", "coord": [ 6.0, 2.0 ], "autotile_index": 0.0, "autotile": 1.0 }, "704_416": { "flipX": 1.0, "flipY": 1.0, "tileset": "tile_farm", "coord": [ 6.0, 0.0 ], "autotile_index": 0.0, "autotile": 1.0 }, "416_160": { "flipX": 1.0, "flipY": 1.0, "tileset": "tile_farm", "coord": [ 6.0, 2.0 ], "autotile_index": 0.0, "autotile": 1.0 }, "1152_448": { "flipX": 1.0, "flipY": 1.0, "tileset": "tile_farm", "coord": [ 6.0, 1.0 ], "autotile_index": 0.0, "autotile": 1.0 }, "1184_448": { "flipX": 1.0, "flipY": 1.0, "tileset": "tile_farm", "coord": [ 6.0, 1.0 ], "autotile_index": 0.0, "autotile": 1.0 }, "896_448": { "flipX": 1.0, "flipY": 1.0, "tileset": "tile_farm", "coord": [ 6.0, 1.0 ], "autotile_index": 0.0, "autotile": 1.0 }, "1376_160": { "flipX": 1.0, "flipY": 1.0, "tileset": "tile_farm", "coord": [ 6.0, 2.0 ], "autotile_index": 0.0, "autotile": 1.0 }, "320_64": { "flipX": 1.0, "flipY": 1.0, "tileset": "tile_farm", "coord": [ 6.0, 3.0 ], "autotile_index": 0.0, "autotile": 1.0 }, "32_512": { "flipX": 1.0, "flipY": 1.0, "tileset": "tile_farm", "coord": [ 6.0, 2.0 ], "autotile_index": 0.0, "autotile": 1.0 }, "1376_64": { "flipX": 1.0, "flipY": 1.0, "tileset": "tile_farm", "coord": [ 6.0, 2.0 ], "autotile_index": 0.0, "autotile": 1.0 }, "160_416": { "flipX": 1.0, "flipY": 1.0, "tileset": "tile_farm", "coord": [ 5.0, 0.0 ], "autotile_index": 0.0, "autotile": 1.0 }, "1344_224": { "flipX": 1.0, "flipY": 1.0, "tileset": "tile_farm", "coord": [ 5.0, 2.0 ], "autotile_index": 0.0, "autotile": 1.0 }, "32_384": { "flipX": 1.0, "flipY": 1.0, "tileset": "tile_farm", "coord": [ 7.0, 2.0 ], "autotile_index": 0.0, "autotile": 1.0 }, "800_416": { "flipX": 1.0, "flipY": 1.0, "tileset": "tile_farm", "coord": [ 5.0, 2.0 ], "autotile_index": 0.0, "autotile": 1.0 }, "1120_512": { "flipX": 1.0, "flipY": 1.0, "tileset": "tile_farm", "coord": [ 6.0, 2.0 ], "autotile_index": 0.0, "autotile": 1.0 }, "0_64": { "flipX": 1.0, "flipY": 1.0, "tileset": "tile_farm", "coord": [ 6.0, 2.0 ], "autotile_index": 0.0, "autotile": 1.0 }, "32_480": { "flipX": 1.0, "flipY": 1.0, "tileset": "tile_farm", "coord": [ 6.0, 2.0 ], "autotile_index": 0.0, "autotile": 1.0 }, "480_448": { "flipX": 1.0, "flipY": 1.0, "tileset": "tile_farm", "coord": [ 6.0, 1.0 ], "autotile_index": 0.0, "autotile": 1.0 }, "800_160": { "flipX": 1.0, "flipY": 1.0, "tileset": "tile_farm", "coord": [ 6.0, 3.0 ], "autotile_index": 0.0, "autotile": 1.0 }, "384_64": { "flipX": 1.0, "flipY": 1.0, "tileset": "tile_farm", "coord": [ 6.0, 2.0 ], "autotile_index": 0.0, "autotile": 1.0 }, "416_128": { "flipX": 1.0, "flipY": 1.0, "tileset": "tile_farm", "coord": [ 6.0, 2.0 ], "autotile_index": 0.0, "autotile": 1.0 }, "960_512": { "flipX": 1.0, "flipY": 1.0, "tileset": "tile_farm", "coord": [ 6.0, 2.0 ], "autotile_index": 0.0, "autotile": 1.0 }, "1152_416": { "flipX": 1.0, "flipY": 1.0, "tileset": "tile_farm", "coord": [ 7.0, 0.0 ], "autotile_index": 0.0, "autotile": 1.0 }, "416_32": { "flipX": 1.0, "flipY": 1.0, "tileset": "tile_farm", "coord": [ 6.0, 2.0 ], "autotile_index": 0.0, "autotile": 1.0 }, "1376_32": { "flipX": 1.0, "flipY": 1.0, "tileset": "tile_farm", "coord": [ 6.0, 2.0 ], "autotile_index": 0.0, "autotile": 1.0 }, "640_0": { "flipX": 1.0, "flipY": 1.0, "tileset": "tile_farm", "coord": [ 6.0, 2.0 ], "autotile_index": 0.0, "autotile": 1.0 }, "224_32": { "flipX": 1.0, "flipY": 1.0, "tileset": "tile_farm", "coord": [ 6.0, 2.0 ], "autotile_index": 0.0, "autotile": 1.0 }, "1376_256": { "flipX": 1.0, "flipY": 1.0, "tileset": "tile_farm", "coord": [ 6.0, 2.0 ], "autotile_index": 0.0, "autotile": 1.0 }, "192_480": { "flipX": 1.0, "flipY": 1.0, "tileset": "tile_farm", "coord": [ 6.0, 2.0 ], "autotile_index": 0.0, "autotile": 1.0 }, "832_480": { "flipX": 1.0, "flipY": 1.0, "tileset": "tile_farm", "coord": [ 6.0, 2.0 ], "autotile_index": 0.0, "autotile": 1.0 }, "896_512": { "flipX": 1.0, "flipY": 1.0, "tileset": "tile_farm", "coord": [ 6.0, 2.0 ], "autotile_index": 0.0, "autotile": 1.0 }, "448_448": { "flipX": 1.0, "flipY": 1.0, "tileset": "tile_farm", "coord": [ 6.0, 1.0 ], "autotile_index": 0.0, "autotile": 1.0 }, "352_448": { "flipX": 1.0, "flipY": 1.0, "tileset": "tile_farm", "coord": [ 6.0, 1.0 ], "autotile_index": 0.0, "autotile": 1.0 }, "672_480": { "flipX": 1.0, "flipY": 1.0, "tileset": "tile_farm", "coord": [ 6.0, 2.0 ], "autotile_index": 0.0, "autotile": 1.0 }, "928_448": { "flipX": 1.0, "flipY": 1.0, "tileset": "tile_farm", "coord": [ 6.0, 1.0 ], "autotile_index": 0.0, "autotile": 1.0 }, "160_64": { "flipX": 1.0, "flipY": 1.0, "tileset": "tile_farm", "coord": [ 6.0, 3.0 ], "autotile_index": 0.0, "autotile": 1.0 }, "96_96": { "flipX": 1.0, "flipY": 1.0, "tileset": "tile_farm", "coord": [ 7.0, 4.0 ], "autotile_index": 0.0, "autotile": 1.0 }, "832_384": { "flipX": 1.0, "flipY": 1.0, "tileset": "tile_farm", "coord": [ 7.0, 2.0 ], "autotile_index": 0.0, "autotile": 1.0 }, "768_96": { "flipX": 1.0, "flipY": 1.0, "tileset": "tile_farm", "coord": [ 5.0, 2.0 ], "autotile_index": 0.0, "autotile": 1.0 }, "352_128": { "flipX": 1.0, "flipY": 1.0, "tileset": "tile_farm", "coord": [ 5.0, 2.0 ], "autotile_index": 0.0, "autotile": 1.0 }, "1312_512": { "flipX": 1.0, "flipY": 1.0, "tileset": "tile_farm", "coord": [ 6.0, 2.0 ], "autotile_index": 0.0, "autotile": 1.0 }, "1248_448": { "flipX": 1.0, "flipY": 1.0, "tileset": "tile_farm", "coord": [ 6.0, 1.0 ], "autotile_index": 0.0, "autotile": 1.0 }, "1440_320": { "flipX": 1.0, "flipY": 1.0, "tileset": "tile_farm", "coord": [ 7.0, 4.0 ], "autotile_index": 0.0, "autotile": 1.0 }, "384_448": { "flipX": 1.0, "flipY": 1.0, "tileset": "tile_farm", "coord": [ 6.0, 1.0 ], "autotile_index": 0.0, "autotile": 1.0 }, "992_448": { "flipX": 1.0, "flipY": 1.0, "tileset": "tile_farm", "coord": [ 6.0, 1.0 ], "autotile_index": 0.0, "autotile": 1.0 }, "352_512": { "flipX": 1.0, "flipY": 1.0, "tileset": "tile_farm", "coord": [ 6.0, 2.0 ], "autotile_index": 0.0, "autotile": 1.0 }, "32_416": { "flipX": 1.0, "flipY": 1.0, "tileset": "tile_farm", "coord": [ 7.0, 2.0 ], "autotile_index": 0.0, "autotile": 1.0 }, "1120_448": { "flipX": 1.0, "flipY": 1.0, "tileset": "tile_farm", "coord": [ 6.0, 1.0 ], "autotile_index": 0.0, "autotile": 1.0 }, "1312_32": { "flipX": 1.0, "flipY": 1.0, "tileset": "tile_farm", "coord": [ 4.0, 3.0 ], "autotile_index": 0.0, "autotile": 1.0 }, "256_96": { "flipX": 1.0, "flipY": 1.0, "tileset": "tile_farm", "coord": [ 5.0, 4.0 ], "autotile_index": 0.0, "autotile": 1.0 }, "448_480": { "flipX": 1.0, "flipY": 1.0, "tileset": "tile_farm", "coord": [ 6.0, 2.0 ], "autotile_index": 0.0, "autotile": 1.0 }, "0_512": { "flipX": 1.0, "flipY": 1.0, "tileset": "tile_farm", "coord": [ 6.0, 2.0 ], "autotile_index": 0.0, "autotile": 1.0 }, "384_224": { "flipX": 1.0, "flipY": 1.0, "tileset": "tile_farm", "coord": [ 6.0, 4.0 ], "autotile_index": 0.0, "autotile": 1.0 }, "704_480": { "flipX": 1.0, "flipY": 1.0, "tileset": "tile_farm", "coord": [ 6.0, 2.0 ], "autotile_index": 0.0, "autotile": 1.0 }, "736_480": { "flipX": 1.0, "flipY": 1.0, "tileset": "tile_farm", "coord": [ 6.0, 2.0 ], "autotile_index": 0.0, "autotile": 1.0 }, "512_448": { "flipX": 1.0, "flipY": 1.0, "tileset": "tile_farm", "coord": [ 6.0, 1.0 ], "autotile_index": 0.0, "autotile": 1.0 }, "1376_288": { "flipX": 1.0, "flipY": 1.0, "tileset": "tile_farm", "coord": [ 6.0, 3.0 ], "autotile_index": 0.0, "autotile": 1.0 }, "896_160": { "flipX": 1.0, "flipY": 1.0, "tileset": "tile_farm", "coord": [ 8.0, 1.0 ], "autotile_index": 0.0, "autotile": 1.0 }, "448_512": { "flipX": 1.0, "flipY": 1.0, "tileset": "tile_farm", "coord": [ 6.0, 2.0 ], "autotile_index": 0.0, "autotile": 1.0 }, "1440_0": { "flipX": 1.0, "flipY": 1.0, "tileset": "tile_farm", "coord": [ 6.0, 2.0 ], "autotile_index": 0.0, "autotile": 1.0 }, "448_416": { "flipX": 1.0, "flipY": 1.0, "tileset": "tile_farm", "coord": [ 6.0, 0.0 ], "autotile_index": 0.0, "autotile": 1.0 }, "512_512": { "flipX": 1.0, "flipY": 1.0, "tileset": "tile_farm", "coord": [ 6.0, 2.0 ], "autotile_index": 0.0, "autotile": 1.0 }, "352_0": { "flipX": 1.0, "flipY": 1.0, "tileset": "tile_farm", "coord": [ 6.0, 2.0 ], "autotile_index": 0.0, "autotile": 1.0 }, "480_0": { "flipX": 1.0, "flipY": 1.0, "tileset": "tile_farm", "coord": [ 6.0, 2.0 ], "autotile_index": 0.0, "autotile": 1.0 }, "704_0": { "flipX": 1.0, "flipY": 1.0, "tileset": "tile_farm", "coord": [ 6.0, 2.0 ], "autotile_index": 0.0, "autotile": 1.0 }, "480_480": { "flipX": 1.0, "flipY": 1.0, "tileset": "tile_farm", "coord": [ 6.0, 2.0 ], "autotile_index": 0.0, "autotile": 1.0 }, "1344_256": { "flipX": 1.0, "flipY": 1.0, "tileset": "tile_farm", "coord": [ 5.0, 2.0 ], "autotile_index": 0.0, "autotile": 1.0 }, "1184_480": { "flipX": 1.0, "flipY": 1.0, "tileset": "tile_farm", "coord": [ 6.0, 2.0 ], "autotile_index": 0.0, "autotile": 1.0 }, "320_192": { "flipX": 1.0, "flipY": 1.0, "tileset": "tile_farm", "coord": [ 4.0, 2.0 ], "autotile_index": 0.0, "autotile": 1.0 }, "544_32": { "flipX": 1.0, "flipY": 1.0, "tileset": "tile_farm", "coord": [ 6.0, 3.0 ], "autotile_index": 0.0, "autotile": 1.0 }, "0_416": { "flipX": 1.0, "flipY": 1.0, "tileset": "tile_farm", "coord": [ 6.0, 2.0 ], "autotile_index": 0.0, "autotile": 1.0 }, "128_416": { "flipX": 1.0, "flipY": 1.0, "tileset": "tile_farm", "coord": [ 7.0, 0.0 ], "autotile_index": 0.0, "autotile": 1.0 }, "224_512": { "flipX": 1.0, "flipY": 1.0, "tileset": "tile_farm", "coord": [ 6.0, 2.0 ], "autotile_index": 0.0, "autotile": 1.0 }, "1408_0": { "flipX": 1.0, "flipY": 1.0, "tileset": "tile_farm", "coord": [ 6.0, 2.0 ], "autotile_index": 0.0, "autotile": 1.0 }, "832_128": { "flipX": 1.0, "flipY": 1.0, "tileset": "tile_farm", "coord": [ 6.0, 2.0 ], "autotile_index": 0.0, "autotile": 1.0 }, "1088_416": { "flipX": 1.0, "flipY": 1.0, "tileset": "tile_farm", "coord": [ 6.0, 0.0 ], "autotile_index": 0.0, "autotile": 1.0 }, "1440_64": { "flipX": 1.0, "flipY": 1.0, "tileset": "tile_farm", "coord": [ 6.0, 2.0 ], "autotile_index": 0.0, "autotile": 1.0 }, "480_32": { "flipX": 1.0, "flipY": 1.0, "tileset": "tile_farm", "coord": [ 6.0, 3.0 ], "autotile_index": 0.0, "autotile": 1.0 }, "512_480": { "flipX": 1.0, "flipY": 1.0, "tileset": "tile_farm", "coord": [ 6.0, 2.0 ], "autotile_index": 0.0, "autotile": 1.0 }, "864_160": { "flipX": 1.0, "flipY": 1.0, "tileset": "tile_farm", "coord": [ 7.0, 3.0 ], "autotile_index": 0.0, "autotile": 1.0 }, "1024_416": { "flipX": 1.0, "flipY": 1.0, "tileset": "tile_farm", "coord": [ 5.0, 0.0 ], "autotile_index": 0.0, "autotile": 1.0 }, "384_0": { "flipX": 1.0, "flipY": 1.0, "tileset": "tile_farm", "coord": [ 6.0, 2.0 ], "autotile_index": 0.0, "autotile": 1.0 }, "1024_448": { "flipX": 1.0, "flipY": 1.0, "tileset": "tile_farm", "coord": [ 6.0, 1.0 ], "autotile_index": 0.0, "autotile": 1.0 }, "1024_512": { "flipX": 1.0, "flipY": 1.0, "tileset": "tile_farm", "coord": [ 6.0, 2.0 ], "autotile_index": 0.0, "autotile": 1.0 }, "32_128": { "flipX": 1.0, "flipY": 1.0, "tileset": "tile_farm", "coord": [ 7.0, 2.0 ], "autotile_index": 0.0, "autotile": 1.0 }, "352_480": { "flipX": 1.0, "flipY": 1.0, "tileset": "tile_farm", "coord": [ 6.0, 2.0 ], "autotile_index": 0.0, "autotile": 1.0 }, "1344_96": { "flipX": 1.0, "flipY": 1.0, "tileset": "tile_farm", "coord": [ 5.0, 2.0 ], "autotile_index": 0.0, "autotile": 1.0 }, "640_64": { "flipX": 1.0, "flipY": 1.0, "tileset": "tile_farm", "coord": [ 6.0, 4.0 ], "autotile_index": 0.0, "autotile": 1.0 }, "64_480": { "flipX": 1.0, "flipY": 1.0, "tileset": "tile_farm", "coord": [ 6.0, 2.0 ], "autotile_index": 0.0, "autotile": 1.0 }, "1344_128": { "flipX": 1.0, "flipY": 1.0, "tileset": "tile_farm", "coord": [ 5.0, 2.0 ], "autotile_index": 0.0, "autotile": 1.0 }, "640_480": { "flipX": 1.0, "flipY": 1.0, "tileset": "tile_farm", "coord": [ 6.0, 2.0 ], "autotile_index": 0.0, "autotile": 1.0 }, "1440_480": { "flipX": 1.0, "flipY": 1.0, "tileset": "tile_farm", "coord": [ 6.0, 2.0 ], "autotile_index": 0.0, "autotile": 1.0 }, "992_480": { "flipX": 1.0, "flipY": 1.0, "tileset": "tile_farm", "coord": [ 6.0, 2.0 ], "autotile_index": 0.0, "autotile": 1.0 }, "64_384": { "flipX": 1.0, "flipY": 1.0, "tileset": "tile_farm", "coord": [ 8.0, 2.0 ], "autotile_index": 0.0, "autotile": 1.0 }, "1408_480": { "flipX": 1.0, "flipY": 1.0, "tileset": "tile_farm", "coord": [ 6.0, 2.0 ], "autotile_index": 0.0, "autotile": 1.0 }, "1312_96": { "flipX": 1.0, "flipY": 1.0, "tileset": "tile_farm", "coord": [ 4.0, 2.0 ], "autotile_index": 0.0, "autotile": 1.0 }, "320_480": { "flipX": 1.0, "flipY": 1.0, "tileset": "tile_farm", "coord": [ 6.0, 2.0 ], "autotile_index": 0.0, "autotile": 1.0 }, "0_448": { "flipX": 1.0, "flipY": 1.0, "tileset": "tile_farm", "coord": [ 6.0, 2.0 ], "autotile_index": 0.0, "autotile": 1.0 }, "640_512": { "flipX": 1.0, "flipY": 1.0, "tileset": "tile_farm", "coord": [ 6.0, 2.0 ], "autotile_index": 0.0, "autotile": 1.0 }, "832_64": { "flipX": 1.0, "flipY": 1.0, "tileset": "tile_farm", "coord": [ 6.0, 2.0 ], "autotile_index": 0.0, "autotile": 1.0 }, "544_64": { "flipX": 1.0, "flipY": 1.0, "tileset": "tile_farm", "coord": [ 5.0, 4.0 ], "autotile_index": 0.0, "autotile": 1.0 }, "96_416": { "flipX": 1.0, "flipY": 1.0, "tileset": "tile_farm", "coord": [ 7.0, 0.0 ], "autotile_index": 0.0, "autotile": 1.0 }, "544_480": { "flipX": 1.0, "flipY": 1.0, "tileset": "tile_farm", "coord": [ 6.0, 2.0 ], "autotile_index": 0.0, "autotile": 1.0 }, "224_416": { "flipX": 1.0, "flipY": 1.0, "tileset": "tile_farm", "coord": [ 6.0, 0.0 ], "autotile_index": 0.0, "autotile": 1.0 }, "896_64": { "flipX": 1.0, "flipY": 1.0, "tileset": "tile_farm", "coord": [ 8.0, 2.0 ], "autotile_index": 0.0, "autotile": 1.0 }, "608_480": { "flipX": 1.0, "flipY": 1.0, "tileset": "tile_farm", "coord": [ 6.0, 2.0 ], "autotile_index": 0.0, "autotile": 1.0 }, "64_416": { "flipX": 1.0, "flipY": 1.0, "tileset": "tile_farm", "coord": [ 7.0, 7.0 ], "autotile_index": 0.0, "autotile": 1.0 }, "800_32": { "flipX": 1.0, "flipY": 1.0, "tileset": "tile_farm", "coord": [ 6.0, 2.0 ], "autotile_index": 0.0, "autotile": 1.0 }, "160_32": { "flipX": 1.0, "flipY": 1.0, "tileset": "tile_farm", "coord": [ 6.0, 2.0 ], "autotile_index": 0.0, "autotile": 1.0 }, "1376_96": { "flipX": 1.0, "flipY": 1.0, "tileset": "tile_farm", "coord": [ 6.0, 2.0 ], "autotile_index": 0.0, "autotile": 1.0 }, "64_352": { "flipX": 1.0, "flipY": 1.0, "tileset": "tile_farm", "coord": [ 8.0, 1.0 ], "autotile_index": 0.0, "autotile": 1.0 }, "864_512": { "flipX": 1.0, "flipY": 1.0, "tileset": "tile_farm", "coord": [ 6.0, 2.0 ], "autotile_index": 0.0, "autotile": 1.0 }, "512_64": { "flipX": 1.0, "flipY": 1.0, "tileset": "tile_farm", "coord": [ 7.0, 4.0 ], "autotile_index": 0.0, "autotile": 1.0 }, "160_448": { "flipX": 1.0, "flipY": 1.0, "tileset": "tile_farm", "coord": [ 6.0, 1.0 ], "autotile_index": 0.0, "autotile": 1.0 }, "416_448": { "flipX": 1.0, "flipY": 1.0, "tileset": "tile_farm", "coord": [ 6.0, 1.0 ], "autotile_index": 0.0, "autotile": 1.0 }, "1120_480": { "flipX": 1.0, "flipY": 1.0, "tileset": "tile_farm", "coord": [ 6.0, 2.0 ], "autotile_index": 0.0, "autotile": 1.0 }, "224_0": { "flipX": 1.0, "flipY": 1.0, "tileset": "tile_farm", "coord": [ 6.0, 2.0 ], "autotile_index": 0.0, "autotile": 1.0 }, "288_0": { "flipX": 1.0, "flipY": 1.0, "tileset": "tile_farm", "coord": [ 6.0, 2.0 ], "autotile_index": 0.0, "autotile": 1.0 }, "512_32": { "flipX": 1.0, "flipY": 1.0, "tileset": "tile_farm", "coord": [ 6.0, 3.0 ], "autotile_index": 0.0, "autotile": 1.0 }, "608_0": { "flipX": 1.0, "flipY": 1.0, "tileset": "tile_farm", "coord": [ 6.0, 2.0 ], "autotile_index": 0.0, "autotile": 1.0 }, "768_384": { "flipX": 1.0, "flipY": 1.0, "tileset": "tile_farm", "coord": [ 4.0, 3.0 ], "autotile_index": 0.0, "autotile": 1.0 }, "0_0": { "flipX": 1.0, "flipY": 1.0, "tileset": "tile_farm", "coord": [ 6.0, 2.0 ], "autotile_index": 0.0, "autotile": 1.0 }, "320_128": { "flipX": 1.0, "flipY": 1.0, "tileset": "tile_farm", "coord": [ 4.0, 2.0 ], "autotile_index": 0.0, "autotile": 1.0 }, "1376_416": { "flipX": 1.0, "flipY": 1.0, "tileset": "tile_farm", "coord": [ 5.0, 0.0 ], "autotile_index": 0.0, "autotile": 1.0 }, "160_96": { "flipX": 1.0, "flipY": 1.0, "tileset": "tile_farm", "coord": [ 5.0, 4.0 ], "autotile_index": 0.0, "autotile": 1.0 }, "576_448": { "flipX": 1.0, "flipY": 1.0, "tileset": "tile_farm", "coord": [ 6.0, 1.0 ], "autotile_index": 0.0, "autotile": 1.0 }, "1376_448": { "flipX": 1.0, "flipY": 1.0, "tileset": "tile_farm", "coord": [ 6.0, 1.0 ], "autotile_index": 0.0, "autotile": 1.0 }, "1056_480": { "flipX": 1.0, "flipY": 1.0, "tileset": "tile_farm", "coord": [ 6.0, 2.0 ], "autotile_index": 0.0, "autotile": 1.0 }, "128_32": { "flipX": 1.0, "flipY": 1.0, "tileset": "tile_farm", "coord": [ 6.0, 2.0 ], "autotile_index": 0.0, "autotile": 1.0 }, "832_320": { "flipX": 1.0, "flipY": 1.0, "tileset": "tile_farm", "coord": [ 7.0, 7.0 ], "autotile_index": 0.0, "autotile": 1.0 }, "576_0": { "flipX": 1.0, "flipY": 1.0, "tileset": "tile_farm", "coord": [ 6.0, 2.0 ], "autotile_index": 0.0, "autotile": 1.0 }, "576_416": { "flipX": 1.0, "flipY": 1.0, "tileset": "tile_farm", "coord": [ 5.0, 0.0 ], "autotile_index": 0.0, "autotile": 1.0 }, "768_480": { "flipX": 1.0, "flipY": 1.0, "tileset": "tile_farm", "coord": [ 6.0, 2.0 ], "autotile_index": 0.0, "autotile": 1.0 }, "640_32": { "flipX": 1.0, "flipY": 1.0, "tileset": "tile_farm", "coord": [ 6.0, 3.0 ], "autotile_index": 0.0, "autotile": 1.0 }, "192_512": { "flipX": 1.0, "flipY": 1.0, "tileset": "tile_farm", "coord": [ 6.0, 2.0 ], "autotile_index": 0.0, "autotile": 1.0 }, "480_160": { "flipX": 1.0, "flipY": 1.0, "tileset": "tile_farm", "coord": [ 8.0, 3.0 ], "autotile_index": 0.0, "autotile": 1.0 }, "672_512": { "flipX": 1.0, "flipY": 1.0, "tileset": "tile_farm", "coord": [ 6.0, 2.0 ], "autotile_index": 0.0, "autotile": 1.0 }, "736_96": { "flipX": 1.0, "flipY": 1.0, "tileset": "tile_farm", "coord": [ 4.0, 2.0 ], "autotile_index": 0.0, "autotile": 1.0 }, "800_96": { "flipX": 1.0, "flipY": 1.0, "tileset": "tile_farm", "coord": [ 6.0, 2.0 ], "autotile_index": 0.0, "autotile": 1.0 }, "1312_192": { "flipX": 1.0, "flipY": 1.0, "tileset": "tile_farm", "coord": [ 4.0, 1.0 ], "autotile_index": 0.0, "autotile": 1.0 }, "1376_320": { "flipX": 1.0, "flipY": 1.0, "tileset": "tile_farm", "coord": [ 5.0, 4.0 ], "autotile_index": 0.0, "autotile": 1.0 }, "448_192": { "flipX": 1.0, "flipY": 1.0, "tileset": "tile_farm", "coord": [ 7.0, 3.0 ], "autotile_index": 0.0, "autotile": 1.0 }, "896_96": { "flipX": 1.0, "flipY": 1.0, "tileset": "tile_farm", "coord": [ 8.0, 1.0 ], "autotile_index": 0.0, "autotile": 1.0 }, "1408_192": { "flipX": 1.0, "flipY": 1.0, "tileset": "tile_farm", "coord": [ 6.0, 2.0 ], "autotile_index": 0.0, "autotile": 1.0 }, "64_32": { "flipX": 1.0, "flipY": 1.0, "tileset": "tile_farm", "coord": [ 6.0, 2.0 ], "autotile_index": 0.0, "autotile": 1.0 }, "96_64": { "flipX": 1.0, "flipY": 1.0, "tileset": "tile_farm", "coord": [ 6.0, 3.0 ], "autotile_index": 0.0, "autotile": 1.0 }, "128_64": { "flipX": 1.0, "flipY": 1.0, "tileset": "tile_farm", "coord": [ 6.0, 3.0 ], "autotile_index": 0.0, "autotile": 1.0 }, "96_512": { "flipX": 1.0, "flipY": 1.0, "tileset": "tile_farm", "coord": [ 6.0, 2.0 ], "autotile_index": 0.0, "autotile": 1.0 }, "224_448": { "flipX": 1.0, "flipY": 1.0, "tileset": "tile_farm", "coord": [ 6.0, 1.0 ], "autotile_index": 0.0, "autotile": 1.0 }, "288_416": { "flipX": 1.0, "flipY": 1.0, "tileset": "tile_farm", "coord": [ 7.0, 0.0 ], "autotile_index": 0.0, "autotile": 1.0 }, "352_224": { "flipX": 1.0, "flipY": 1.0, "tileset": "tile_farm", "coord": [ 5.0, 4.0 ], "autotile_index": 0.0, "autotile": 1.0 }, "736_448": { "flipX": 1.0, "flipY": 1.0, "tileset": "tile_farm", "coord": [ 6.0, 1.0 ], "autotile_index": 0.0, "autotile": 1.0 }, "480_64": { "flipX": 1.0, "flipY": 1.0, "tileset": "tile_farm", "coord": [ 7.0, 5.0 ], "autotile_index": 0.0, "autotile": 1.0 }, "448_96": { "flipX": 1.0, "flipY": 1.0, "tileset": "tile_farm", "coord": [ 7.0, 2.0 ], "autotile_index": 0.0, "autotile": 1.0 }, "448_160": { "flipX": 1.0, "flipY": 1.0, "tileset": "tile_farm", "coord": [ 7.0, 2.0 ], "autotile_index": 0.0, "autotile": 1.0 }, "1088_512": { "flipX": 1.0, "flipY": 1.0, "tileset": "tile_farm", "coord": [ 6.0, 2.0 ], "autotile_index": 0.0, "autotile": 1.0 }, "0_320": { "flipX": 1.0, "flipY": 1.0, "tileset": "tile_farm", "coord": [ 6.0, 2.0 ], "autotile_index": 0.0, "autotile": 1.0 }, "32_0": { "flipX": 1.0, "flipY": 1.0, "tileset": "tile_farm", "coord": [ 6.0, 2.0 ], "autotile_index": 0.0, "autotile": 1.0 }, "1376_0": { "flipX": 1.0, "flipY": 1.0, "tileset": "tile_farm", "coord": [ 6.0, 2.0 ], "autotile_index": 0.0, "autotile": 1.0 }, "0_384": { "flipX": 1.0, "flipY": 1.0, "tileset": "tile_farm", "coord": [ 6.0, 2.0 ], "autotile_index": 0.0, "autotile": 1.0 }, "96_480": { "flipX": 1.0, "flipY": 1.0, "tileset": "tile_farm", "coord": [ 6.0, 2.0 ], "autotile_index": 0.0, "autotile": 1.0 }, "64_320": { "flipX": 1.0, "flipY": 1.0, "tileset": "tile_farm", "coord": [ 8.0, 1.0 ], "autotile_index": 0.0, "autotile": 1.0 }, "768_64": { "flipX": 1.0, "flipY": 1.0, "tileset": "tile_farm", "coord": [ 5.0, 2.0 ], "autotile_index": 0.0, "autotile": 1.0 }, "896_480": { "flipX": 1.0, "flipY": 1.0, "tileset": "tile_farm", "coord": [ 6.0, 2.0 ], "autotile_index": 0.0, "autotile": 1.0 }, "1312_448": { "flipX": 1.0, "flipY": 1.0, "tileset": "tile_farm", "coord": [ 6.0, 1.0 ], "autotile_index": 0.0, "autotile": 1.0 }, "1056_448": { "flipX": 1.0, "flipY": 1.0, "tileset": "tile_farm", "coord": [ 6.0, 1.0 ], "autotile_index": 0.0, "autotile": 1.0 }, "352_96": { "flipX": 1.0, "flipY": 1.0, "tileset": "tile_farm", "coord": [ 5.0, 2.0 ], "autotile_index": 0.0, "autotile": 1.0 }, "320_512": { "flipX": 1.0, "flipY": 1.0, "tileset": "tile_farm", "coord": [ 6.0, 2.0 ], "autotile_index": 0.0, "autotile": 1.0 }, "384_96": { "flipX": 1.0, "flipY": 1.0, "tileset": "tile_farm", "coord": [ 6.0, 2.0 ], "autotile_index": 0.0, "autotile": 1.0 }, "64_128": { "flipX": 1.0, "flipY": 1.0, "tileset": "tile_farm", "coord": [ 8.0, 1.0 ], "autotile_index": 0.0, "autotile": 1.0 }, "448_64": { "flipX": 1.0, "flipY": 1.0, "tileset": "tile_farm", "coord": [ 7.0, 2.0 ], "autotile_index": 0.0, "autotile": 1.0 }, "576_32": { "flipX": 1.0, "flipY": 1.0, "tileset": "tile_farm", "coord": [ 6.0, 3.0 ], "autotile_index": 0.0, "autotile": 1.0 }, "1440_192": { "flipX": 1.0, "flipY": 1.0, "tileset": "tile_farm", "coord": [ 6.0, 2.0 ], "autotile_index": 0.0, "autotile": 1.0 }, "864_352": { "flipX": 1.0, "flipY": 1.0, "tileset": "tile_farm", "coord": [ 8.0, 3.0 ], "autotile_index": 0.0, "autotile": 1.0 }, "608_416": { "flipX": 1.0, "flipY": 1.0, "tileset": "tile_farm", "coord": [ 6.0, 0.0 ], "autotile_index": 0.0, "autotile": 1.0 }, "1376_192": { "flipX": 1.0, "flipY": 1.0, "tileset": "tile_farm", "coord": [ 6.0, 2.0 ], "autotile_index": 0.0, "autotile": 1.0 }, "480_96": { "flipX": 1.0, "flipY": 1.0, "tileset": "tile_farm", "coord": [ 8.0, 2.0 ], "autotile_index": 0.0, "autotile": 1.0 }, "96_32": { "flipX": 1.0, "flipY": 1.0, "tileset": "tile_farm", "coord": [ 6.0, 2.0 ], "autotile_index": 0.0, "autotile": 1.0 }, "896_416": { "flipX": 1.0, "flipY": 1.0, "tileset": "tile_farm", "coord": [ 6.0, 0.0 ], "autotile_index": 0.0, "autotile": 1.0 }, "864_128": { "flipX": 1.0, "flipY": 1.0, "tileset": "tile_farm", "coord": [ 7.0, 2.0 ], "autotile_index": 0.0, "autotile": 1.0 }, "864_0": { "flipX": 1.0, "flipY": 1.0, "tileset": "tile_farm", "coord": [ 7.0, 2.0 ], "autotile_index": 0.0, "autotile": 1.0 }, "480_512": { "flipX": 1.0, "flipY": 1.0, "tileset": "tile_farm", "coord": [ 6.0, 2.0 ], "autotile_index": 0.0, "autotile": 1.0 }, "864_384": { "flipX": 1.0, "flipY": 1.0, "tileset": "tile_farm", "coord": [ 8.0, 1.0 ], "autotile_index": 0.0, "autotile": 1.0 }, "416_512": { "flipX": 1.0, "flipY": 1.0, "tileset": "tile_farm", "coord": [ 6.0, 2.0 ], "autotile_index": 0.0, "autotile": 1.0 }, "1280_480": { "flipX": 1.0, "flipY": 1.0, "tileset": "tile_farm", "coord": [ 6.0, 2.0 ], "autotile_index": 0.0, "autotile": 1.0 }, "192_448": { "flipX": 1.0, "flipY": 1.0, "tileset": "tile_farm", "coord": [ 6.0, 1.0 ], "autotile_index": 0.0, "autotile": 1.0 }, "416_224": { "flipX": 1.0, "flipY": 1.0, "tileset": "tile_farm", "coord": [ 5.0, 4.0 ], "autotile_index": 0.0, "autotile": 1.0 }, "288_448": { "flipX": 1.0, "flipY": 1.0, "tileset": "tile_farm", "coord": [ 6.0, 1.0 ], "autotile_index": 0.0, "autotile": 1.0 }, "128_96": { "flipX": 1.0, "flipY": 1.0, "tileset": "tile_farm", "coord": [ 5.0, 4.0 ], "autotile_index": 0.0, "autotile": 1.0 }, "1440_416": { "flipX": 1.0, "flipY": 1.0, "tileset": "tile_farm", "coord": [ 5.0, 0.0 ], "autotile_index": 0.0, "autotile": 1.0 }, "160_0": { "flipX": 1.0, "flipY": 1.0, "tileset": "tile_farm", "coord": [ 6.0, 2.0 ], "autotile_index": 0.0, "autotile": 1.0 }, "800_384": { "flipX": 1.0, "flipY": 1.0, "tileset": "tile_farm", "coord": [ 5.0, 2.0 ], "autotile_index": 0.0, "autotile": 1.0 }, "1408_64": { "flipX": 1.0, "flipY": 1.0, "tileset": "tile_farm", "coord": [ 6.0, 2.0 ], "autotile_index": 0.0, "autotile": 1.0 }, "736_128": { "flipX": 1.0, "flipY": 1.0, "tileset": "tile_farm", "coord": [ 4.0, 1.0 ], "autotile_index": 0.0, "autotile": 1.0 }, "224_96": { "flipX": 1.0, "flipY": 1.0, "tileset": "tile_farm", "coord": [ 6.0, 4.0 ], "autotile_index": 0.0, "autotile": 1.0 }, "544_0": { "flipX": 1.0, "flipY": 1.0, "tileset": "tile_farm", "coord": [ 6.0, 2.0 ], "autotile_index": 0.0, "autotile": 1.0 }, "192_96": { "flipX": 1.0, "flipY": 1.0, "tileset": "tile_farm", "coord": [ 6.0, 4.0 ], "autotile_index": 0.0, "autotile": 1.0 }, "128_448": { "flipX": 1.0, "flipY": 1.0, "tileset": "tile_farm", "coord": [ 6.0, 1.0 ], "autotile_index": 0.0, "autotile": 1.0 }, "224_480": { "flipX": 1.0, "flipY": 1.0, "tileset": "tile_farm", "coord": [ 6.0, 2.0 ], "autotile_index": 0.0, "autotile": 1.0 }, "832_160": { "flipX": 1.0, "flipY": 1.0, "tileset": "tile_farm", "coord": [ 6.0, 3.0 ], "autotile_index": 0.0, "autotile": 1.0 }, "32_352": { "flipX": 1.0, "flipY": 1.0, "tileset": "tile_farm", "coord": [ 7.0, 2.0 ], "autotile_index": 0.0, "autotile": 1.0 }, "1216_480": { "flipX": 1.0, "flipY": 1.0, "tileset": "tile_farm", "coord": [ 6.0, 2.0 ], "autotile_index": 0.0, "autotile": 1.0 }, "864_32": { "flipX": 1.0, "flipY": 1.0, "tileset": "tile_farm", "coord": [ 7.0, 2.0 ], "autotile_index": 0.0, "autotile": 1.0 }, "384_128": { "flipX": 1.0, "flipY": 1.0, "tileset": "tile_farm", "coord": [ 6.0, 2.0 ], "autotile_index": 0.0, "autotile": 1.0 }, "0_128": { "flipX": 1.0, "flipY": 1.0, "tileset": "tile_farm", "coord": [ 6.0, 2.0 ], "autotile_index": 0.0, "autotile": 1.0 }, "0_480": { "flipX": 1.0, "flipY": 1.0, "tileset": "tile_farm", "coord": [ 6.0, 2.0 ], "autotile_index": 0.0, "autotile": 1.0 }, "1376_224": { "flipX": 1.0, "flipY": 1.0, "tileset": "tile_farm", "coord": [ 6.0, 2.0 ], "autotile_index": 0.0, "autotile": 1.0 }, "864_480": { "flipX": 1.0, "flipY": 1.0, "tileset": "tile_farm", "coord": [ 6.0, 2.0 ], "autotile_index": 0.0, "autotile": 1.0 }, "896_0": { "flipX": 1.0, "flipY": 1.0, "tileset": "tile_farm", "coord": [ 8.0, 1.0 ], "autotile_index": 0.0, "autotile": 1.0 }, "1440_512": { "flipX": 1.0, "flipY": 1.0, "tileset": "tile_farm", "coord": [ 6.0, 2.0 ], "autotile_index": 0.0, "autotile": 1.0 }, "256_448": { "flipX": 1.0, "flipY": 1.0, "tileset": "tile_farm", "coord": [ 6.0, 1.0 ], "autotile_index": 0.0, "autotile": 1.0 }, "128_480": { "flipX": 1.0, "flipY": 1.0, "tileset": "tile_farm", "coord": [ 6.0, 2.0 ], "autotile_index": 0.0, "autotile": 1.0 }, "1344_64": { "flipX": 1.0, "flipY": 1.0, "tileset": "tile_farm", "coord": [ 5.0, 2.0 ], "autotile_index": 0.0, "autotile": 1.0 }, "64_64": { "flipX": 1.0, "flipY": 1.0, "tileset": "tile_farm", "coord": [ 6.0, 3.0 ], "autotile_index": 0.0, "autotile": 1.0 }, "32_32": { "flipX": 1.0, "flipY": 1.0, "tileset": "tile_farm", "coord": [ 6.0, 2.0 ], "autotile_index": 0.0, "autotile": 1.0 }, "672_416": { "flipX": 1.0, "flipY": 1.0, "tileset": "tile_farm", "coord": [ 5.0, 0.0 ], "autotile_index": 0.0, "autotile": 1.0 }, "512_416": { "flipX": 1.0, "flipY": 1.0, "tileset": "tile_farm", "coord": [ 7.0, 0.0 ], "autotile_index": 0.0, "autotile": 1.0 }, "1344_160": { "flipX": 1.0, "flipY": 1.0, "tileset": "tile_farm", "coord": [ 5.0, 2.0 ], "autotile_index": 0.0, "autotile": 1.0 } } }, "backgrounds": { "5": { "x": -7.0, "scroll_y": 0.75, "panic_sprite": -1.0, "hspeed": 0.0, "tile_y": 0.0, "character": "None", "y": 124.0, "escape": "None", "tile_x": 1.0, "sprite": "bg_farm1", "vspeed": 0.0, "image_speed": 15.0, "scroll_x": 0.75 }, "6": { "x": 0.0, "scroll_y": 0.69999999999999995559107901499374, "panic_sprite": -1.0, "hspeed": 1.0, "tile_y": 1.0, "character": "None", "y": 0.0, "escape": "None", "tile_x": 1.0, "sprite": "bg_farm2", "vspeed": 0.0, "image_speed": 15.0, "scroll_x": 0.69999999999999995559107901499374 } } }