{ "properties": { "song": "event:\/music\/w5\/kidspartychase", "songTransitionTime": 100.0, "pausecombo": 0.0, "roomX": 0.0, "levelWidth": 960.0, "roomY": 0.0, "levelHeight": 540.0 }, "isNoiseUpdate": 1.0, "editorVersion": 6.0, "instances": [ { "layer": 0.0, "object": "obj_darkcontroller", "deleted": 0.0, "variables": { "x": -128.0, "flipX": 0.0, "y": -128.0, "flipY": 0.0, "image_xscale": 1.0, "image_yscale": 1.0, "kidsparty": "Chateau" } }, { "layer": 0.0, "object": "obj_solid", "deleted": 0.0, "variables": { "x": 0.0, "flipX": 0.0, "y": 448.0, "flipY": 0.0, "image_xscale": 30.0, "image_yscale": 3.0 } }, { "layer": 1.0, "object": "obj_monstersolid", "deleted": 0.0, "variables": { "x": 0.0, "flipX": 0.0, "y": 448.0, "flipY": 0.0, "image_xscale": 30.0, "image_yscale": 3.0 } }, { "layer": 0.0, "object": "obj_solid", "deleted": 0.0, "variables": { "x": 544.0, "flipX": 0.0, "y": 352.0, "flipY": 0.0, "image_xscale": 1.0, "image_yscale": 3.0 } }, { "layer": 0.0, "object": "obj_solid", "deleted": 0.0, "variables": { "x": 576.0, "flipX": 0.0, "y": 352.0, "flipY": 0.0, "image_xscale": 7.0, "image_yscale": 1.0 } }, { "layer": 0.0, "object": "obj_solid", "deleted": 0.0, "variables": { "x": 800.0, "flipX": 0.0, "y": 352.0, "flipY": 0.0, "image_xscale": 1.0, "image_yscale": 3.0 } }, { "layer": 0.0, "object": "obj_hillbillymonster", "deleted": 1.0, "variables": { "x": 256.0, "flipX": 0.0, "y": 339.0, "flipY": 0.0 } }, { "layer": 0.0, "object": "obj_hillbillymonster", "deleted": 1.0, "variables": { "x": 320.0, "flipX": 0.0, "y": 339.0, "flipY": 0.0 } }, { "layer": 0.0, "object": "obj_hillbillymonster", "deleted": 1.0, "variables": { "x": 352.0, "flipX": 0.0, "y": 371.0, "flipY": 0.0 } }, { "layer": 0.0, "object": "obj_hillbillymonster", "deleted": 1.0, "variables": { "x": 256.0, "flipX": 0.0, "y": 339.0, "flipY": 0.0 } }, { "layer": 0.0, "object": "obj_hillbillymonster", "deleted": 1.0, "variables": { "x": 256.0, "flipX": 0.0, "y": 371.0, "flipY": 0.0 } }, { "layer": 0.0, "object": "obj_hillbillymonster", "deleted": 1.0, "variables": { "x": 352.0, "flipX": 0.0, "y": 307.0, "flipY": 0.0 } }, { "layer": 0.0, "object": "obj_hillbillymonster", "deleted": 1.0, "variables": { "x": 352.0, "flipX": 0.0, "y": 243.0, "flipY": 0.0 } }, { "layer": 0.0, "object": "obj_hillbillymonster", "deleted": 1.0, "variables": { "x": 192.0, "flipX": 0.0, "y": 339.0, "flipY": 0.0 } }, { "layer": 0.0, "object": "obj_hillbillymonster", "deleted": 1.0, "variables": { "x": 480.0, "flipX": 0.0, "y": 371.0, "flipY": 0.0 } }, { "layer": 0.0, "object": "obj_hillbillymonster", "deleted": 1.0, "variables": { "x": 416.0, "flipX": 0.0, "y": 339.0, "flipY": 0.0 } }, { "layer": 0.0, "object": "obj_hillbillymonster", "deleted": 1.0, "variables": { "x": 160.0, "flipX": 0.0, "y": 371.0, "flipY": 0.0 } }, { "layer": 0.0, "object": "obj_hillbillymonster", "deleted": 1.0, "variables": { "x": 256.0, "flipX": 0.0, "y": 307.0, "flipY": 0.0 } }, { "layer": 0.0, "object": "obj_hillbillymonster", "deleted": 1.0, "variables": { "x": 192.0, "flipX": 0.0, "y": 339.0, "flipY": 0.0 } }, { "layer": 0.0, "object": "obj_hillbillymonster", "deleted": 1.0, "variables": { "x": 320.0, "flipX": 0.0, "y": 371.0, "flipY": 0.0 } }, { "layer": 0.0, "object": "obj_hillbillymonster", "deleted": 1.0, "variables": { "x": 192.0, "flipX": 0.0, "y": 402.5, "flipY": 0.0 } }, { "layer": 0.0, "object": "obj_hillbillymonster", "deleted": 1.0, "variables": { "x": 288.0, "flipX": 0.0, "y": 243.0, "flipY": 0.0 } }, { "layer": 0.0, "object": "obj_hillbillymonster", "deleted": 1.0, "variables": { "x": 224.0, "flipX": 0.0, "y": 275.0, "flipY": 0.0 } }, { "layer": 0.0, "object": "obj_hillbillymonster", "deleted": 1.0, "variables": { "x": 160.0, "flipX": 0.0, "y": 307.0, "flipY": 0.0 } }, { "layer": 0.0, "object": "obj_hillbillymonster", "deleted": 1.0, "variables": { "x": 224.0, "flipX": 0.0, "y": 339.0, "flipY": 0.0 } }, { "layer": 0.0, "object": "obj_hillbillymonster", "deleted": 1.0, "variables": { "x": 256.0, "flipX": 0.0, "y": 339.0, "flipY": 0.0 } }, { "layer": 0.0, "object": "obj_hillbillymonster", "deleted": 1.0, "variables": { "x": 384.0, "flipX": 0.0, "y": 339.0, "flipY": 0.0 } }, { "layer": 0.0, "object": "obj_hillbillymonster", "deleted": 1.0, "variables": { "x": 384.0, "flipX": 0.0, "y": 371.0, "flipY": 0.0 } }, { "layer": 0.0, "object": "obj_hillbillymonster", "deleted": 1.0, "variables": { "x": 224.0, "flipX": 0.0, "y": 371.0, "flipY": 0.0 } }, { "layer": 0.0, "object": "obj_hillbillymonster", "deleted": 1.0, "variables": { "x": 288.0, "flipX": 0.0, "y": 339.0, "flipY": 0.0 } }, { "layer": 0.0, "object": "obj_hillbillymonster", "deleted": 1.0, "variables": { "x": 160.0, "flipX": 0.0, "y": 339.0, "flipY": 0.0 } }, { "layer": 0.0, "object": "obj_hillbillymonster", "deleted": 1.0, "variables": { "x": 128.0, "flipX": 0.0, "y": 339.0, "flipY": 0.0 } }, { "layer": 0.0, "object": "obj_hillbillymonster", "deleted": 1.0, "variables": { "x": 224.0, "flipX": 0.0, "y": 275.0, "flipY": 0.0 } }, { "layer": 0.0, "object": "obj_hillbillymonster", "deleted": 1.0, "variables": { "x": 320.0, "flipX": 0.0, "y": 275.0, "flipY": 0.0 } }, { "layer": 0.0, "object": "obj_hillbillymonster", "deleted": 1.0, "variables": { "x": 320.0, "flipX": 0.0, "y": 275.0, "flipY": 0.0 } }, { "layer": 0.0, "object": "obj_hillbillymonster", "deleted": 1.0, "variables": { "x": 224.0, "flipX": 0.0, "y": 307.0, "flipY": 0.0 } }, { "layer": 0.0, "object": "obj_hillbillymonster", "deleted": 1.0, "variables": { "x": 352.0, "flipX": 0.0, "y": 275.0, "flipY": 0.0 } }, { "layer": 0.0, "object": "obj_hillbillymonster", "deleted": 1.0, "variables": { "x": 224.0, "flipX": 0.0, "y": 371.0, "flipY": 0.0 } }, { "layer": 0.0, "object": "obj_hillbillymonster", "deleted": 1.0, "variables": { "x": 480.0, "flipX": 0.0, "y": 371.0, "flipY": 0.0 } }, { "layer": 0.0, "object": "obj_hillbillymonster", "deleted": 1.0, "variables": { "x": 256.0, "flipX": 0.0, "y": 339.0, "flipY": 0.0 } }, { "layer": 0.0, "object": "obj_hillbillymonster", "deleted": 1.0, "variables": { "x": 192.0, "flipX": 0.0, "y": 339.0, "flipY": 0.0 } }, { "layer": 0.0, "object": "obj_hillbillymonster", "deleted": 1.0, "variables": { "x": 288.0, "flipX": 0.0, "y": 371.0, "flipY": 0.0 } }, { "layer": 0.0, "object": "obj_hillbillymonster", "deleted": 1.0, "variables": { "x": 288.0, "flipX": 0.0, "y": 339.0, "flipY": 0.0 } }, { "layer": 0.0, "object": "obj_baddiespawner", "deleted": 0.0, "variables": { "x": 640.0, "flipX": 0.0, "y": 416.0, "flipY": 0.0, "content": "obj_camerapatrol" } }, { "layer": 0.0, "object": "obj_doorA", "deleted": 0.0, "variables": { "x": 768.0, "flipX": 0.0, "y": 416.0, "flipY": 0.0 } }, { "layer": 0.0, "object": "obj_hillbillymonster", "deleted": 1.0, "variables": { "x": 352.0, "flipX": 0.0, "y": 339.0, "flipY": 0.0 } }, { "layer": 0.0, "object": "obj_robotmonster", "deleted": 0.0, "variables": { "x": 736.0, "flipX": 0.0, "y": 146.0, "flipY": 0.0 } }, { "layer": 0.0, "object": "obj_robotmonster", "deleted": 0.0, "variables": { "x": 704.0, "flipX": 0.0, "y": 210.0, "flipY": 0.0 } }, { "layer": 0.0, "object": "obj_robotmonster", "deleted": 0.0, "variables": { "x": 768.0, "flipX": 0.0, "y": 210.0, "flipY": 0.0 } }, { "layer": 0.0, "object": "obj_robotmonster", "deleted": 0.0, "variables": { "x": 768.0, "flipX": 0.0, "y": 178.0, "flipY": 0.0 } }, { "layer": 0.0, "object": "obj_robotmonster", "deleted": 0.0, "variables": { "x": 736.0, "flipX": 0.0, "y": 210.0, "flipY": 0.0 } }, { "layer": 0.0, "object": "obj_robotmonster", "deleted": 0.0, "variables": { "x": 768.0, "flipX": 0.0, "y": 210.0, "flipY": 0.0 } }, { "layer": 0.0, "object": "obj_robotmonster", "deleted": 0.0, "variables": { "x": 768.0, "flipX": 0.0, "y": 178.0, "flipY": 0.0 } }, { "layer": 0.0, "object": "obj_robotmonster", "deleted": 0.0, "variables": { "x": 736.0, "flipX": 0.0, "y": 210.0, "flipY": 0.0 } }, { "layer": 0.0, "object": "obj_robotmonster", "deleted": 0.0, "variables": { "x": 768.0, "flipX": 0.0, "y": 178.0, "flipY": 0.0 } }, { "layer": 0.0, "object": "obj_robotmonster", "deleted": 0.0, "variables": { "x": 768.0, "flipX": 0.0, "y": 146.0, "flipY": 0.0 } }, { "layer": 0.0, "object": "obj_robotmonster", "deleted": 0.0, "variables": { "x": 704.0, "flipX": 0.0, "y": 178.0, "flipY": 0.0 } }, { "layer": 0.0, "object": "obj_robotmonster", "deleted": 0.0, "variables": { "x": 768.0, "flipX": 0.0, "y": 178.0, "flipY": 0.0 } }, { "layer": 0.0, "object": "obj_robotmonster", "deleted": 0.0, "variables": { "x": 768.0, "flipX": 0.0, "y": 146.0, "flipY": 0.0 } }, { "layer": 0.0, "object": "obj_robotmonster", "deleted": 0.0, "variables": { "x": 736.0, "flipX": 0.0, "y": 210.0, "flipY": 0.0 } }, { "layer": 0.0, "object": "obj_robotmonster", "deleted": 0.0, "variables": { "x": 768.0, "flipX": 0.0, "y": 210.0, "flipY": 0.0 } }, { "layer": 0.0, "object": "obj_robotmonster", "deleted": 0.0, "variables": { "x": 800.0, "flipX": 0.0, "y": 178.0, "flipY": 0.0 } }, { "layer": 0.0, "object": "obj_robotmonster", "deleted": 0.0, "variables": { "x": 768.0, "flipX": 0.0, "y": 210.0, "flipY": 0.0 } }, { "layer": 0.0, "object": "obj_robotmonster", "deleted": 0.0, "variables": { "x": 768.0, "flipX": 0.0, "y": 178.0, "flipY": 0.0 } }, { "layer": 0.0, "object": "obj_robotmonster", "deleted": 0.0, "variables": { "x": 768.0, "flipX": 0.0, "y": 146.0, "flipY": 0.0 } }, { "layer": 0.0, "object": "obj_robotmonster", "deleted": 0.0, "variables": { "x": 736.0, "flipX": 0.0, "y": 178.0, "flipY": 0.0 } }, { "layer": 0.0, "object": "obj_robotmonster", "deleted": 0.0, "variables": { "x": 768.0, "flipX": 0.0, "y": 146.0, "flipY": 0.0 } }, { "layer": 0.0, "object": "obj_robotmonster", "deleted": 0.0, "variables": { "x": 768.0, "flipX": 0.0, "y": 114.0, "flipY": 0.0 } }, { "layer": 0.0, "object": "obj_robotmonster", "deleted": 1.0, "variables": { "x": 672.0, "flipX": 0.0, "y": 114.0, "flipY": 0.0 } }, { "layer": 0.0, "object": "obj_robotmonster", "deleted": 0.0, "variables": { "x": 672.0, "flipX": 0.0, "y": 146.0, "flipY": 0.0 } }, { "layer": 0.0, "object": "obj_robotmonster", "deleted": 0.0, "variables": { "x": 768.0, "flipX": 0.0, "y": 114.0, "flipY": 0.0 } }, { "layer": 0.0, "object": "obj_robotmonster", "deleted": 0.0, "variables": { "x": 832.0, "flipX": 0.0, "y": 114.0, "flipY": 0.0 } }, { "layer": 0.0, "object": "obj_robotmonster", "deleted": 0.0, "variables": { "x": 768.0, "flipX": 0.0, "y": 146.0, "flipY": 0.0 } }, { "layer": 0.0, "object": "obj_robotmonster", "deleted": 0.0, "variables": { "x": 768.0, "flipX": 0.0, "y": 178.0, "flipY": 0.0 } }, { "layer": 0.0, "object": "obj_robotmonster", "deleted": 0.0, "variables": { "x": 864.0, "flipX": 0.0, "y": 146.0, "flipY": 0.0 } }, { "layer": 0.0, "object": "obj_robotmonster", "deleted": 0.0, "variables": { "x": 832.0, "flipX": 0.0, "y": 210.0, "flipY": 0.0 } }, { "layer": 0.0, "object": "obj_robotmonster", "deleted": 0.0, "variables": { "x": 896.0, "flipX": 0.0, "y": 146.0, "flipY": 0.0 } }, { "layer": 0.0, "object": "obj_robotmonster", "deleted": 0.0, "variables": { "x": 864.0, "flipX": 0.0, "y": 210.0, "flipY": 0.0 } }, { "layer": 0.0, "object": "obj_robotmonster", "deleted": 0.0, "variables": { "x": 832.0, "flipX": 0.0, "y": 242.0, "flipY": 0.0 } }, { "layer": 0.0, "object": "obj_robotmonster", "deleted": 0.0, "variables": { "x": 864.0, "flipX": 0.0, "y": 210.0, "flipY": 0.0 } }, { "layer": 0.0, "object": "obj_robotmonster", "deleted": 0.0, "variables": { "x": 800.0, "flipX": 0.0, "y": 274.0, "flipY": 0.0 } }, { "layer": 0.0, "object": "obj_robotmonster", "deleted": 0.0, "variables": { "x": 768.0, "flipX": 0.0, "y": 242.0, "flipY": 0.0 } }, { "layer": 0.0, "object": "obj_robotmonster", "deleted": 0.0, "variables": { "x": 800.0, "flipX": 0.0, "y": 114.0, "flipY": 0.0 } }, { "layer": 0.0, "object": "obj_keydoor", "deleted": 0.0, "variables": { "targetDoor": "D", "x": 704.0, "flipX": 0.0, "y": 352.0, "flipY": 0.0, "image_xscale": 1.0, "image_yscale": 1.0, "targetRoom": "room1" } }, { "layer": 0.0, "object": "obj_blobmonster", "deleted": 0.0, "variables": { "x": 960.0, "flipX": 0.0, "y": 302.0, "flipY": 0.0 } }, { "layer": 0.0, "object": "obj_blobmonster", "deleted": 0.0, "variables": { "x": 992.0, "flipX": 0.0, "y": 270.0, "flipY": 0.0 } }, { "layer": 0.0, "object": "obj_blobmonster", "deleted": 0.0, "variables": { "x": 992.0, "flipX": 0.0, "y": 206.0, "flipY": 0.0 } }, { "layer": 0.0, "object": "obj_blobmonster", "deleted": 0.0, "variables": { "x": 992.0, "flipX": 0.0, "y": 238.0, "flipY": 0.0 } }, { "layer": 0.0, "object": "obj_blobmonster", "deleted": 0.0, "variables": { "x": 928.0, "flipX": 0.0, "y": 302.0, "flipY": 0.0 } }, { "layer": 0.0, "object": "obj_blobmonster", "deleted": 0.0, "variables": { "x": 960.0, "flipX": 0.0, "y": 238.0, "flipY": 0.0 } }, { "layer": 0.0, "object": "obj_blobmonster", "deleted": 0.0, "variables": { "x": 992.0, "flipX": 0.0, "y": 238.0, "flipY": 0.0 } }, { "layer": 0.0, "object": "obj_blobmonster", "deleted": 0.0, "variables": { "x": 928.0, "flipX": 0.0, "y": 270.0, "flipY": 0.0 } }, { "layer": 0.0, "object": "obj_blobmonster", "deleted": 0.0, "variables": { "x": 896.0, "flipX": 0.0, "y": 302.0, "flipY": 0.0 } }, { "layer": 0.0, "object": "obj_blobmonster", "deleted": 0.0, "variables": { "x": 928.0, "flipX": 0.0, "y": 238.0, "flipY": 0.0 } }, { "layer": 0.0, "object": "obj_blobmonster", "deleted": 0.0, "variables": { "x": 928.0, "flipX": 0.0, "y": 270.0, "flipY": 0.0 } }, { "layer": 0.0, "object": "obj_blobmonster", "deleted": 0.0, "variables": { "x": 864.0, "flipX": 0.0, "y": 334.0, "flipY": 0.0 } }, { "layer": 0.0, "object": "obj_blobmonster", "deleted": 0.0, "variables": { "x": 896.0, "flipX": 0.0, "y": 302.0, "flipY": 0.0 } }, { "layer": 0.0, "object": "obj_blobmonster", "deleted": 0.0, "variables": { "x": 896.0, "flipX": 0.0, "y": 174.0, "flipY": 0.0 } }, { "layer": 0.0, "object": "obj_blobmonster", "deleted": 0.0, "variables": { "x": 896.0, "flipX": 0.0, "y": 206.0, "flipY": 0.0 } }, { "layer": 0.0, "object": "obj_blobmonster", "deleted": 0.0, "variables": { "x": 928.0, "flipX": 0.0, "y": 110.0, "flipY": 0.0 } }, { "layer": 0.0, "object": "obj_blobmonster", "deleted": 0.0, "variables": { "x": 928.0, "flipX": 0.0, "y": 78.0, "flipY": 0.0 } }, { "layer": 0.0, "object": "obj_blobmonster", "deleted": 0.0, "variables": { "x": 896.0, "flipX": 0.0, "y": 142.0, "flipY": 0.0 } }, { "layer": 0.0, "object": "obj_blobmonster", "deleted": 0.0, "variables": { "x": 896.0, "flipX": 0.0, "y": 174.0, "flipY": 0.0 } }, { "layer": 0.0, "object": "obj_blobmonster", "deleted": 0.0, "variables": { "x": 928.0, "flipX": 0.0, "y": 110.0, "flipY": 0.0 } }, { "layer": 0.0, "object": "obj_blobmonster", "deleted": 0.0, "variables": { "x": 896.0, "flipX": 0.0, "y": 174.0, "flipY": 0.0 } }, { "layer": 0.0, "object": "obj_blobmonster", "deleted": 0.0, "variables": { "x": 928.0, "flipX": 0.0, "y": 110.0, "flipY": 0.0 } }, { "layer": 0.0, "object": "obj_blobmonster", "deleted": 0.0, "variables": { "x": 928.0, "flipX": 0.0, "y": 142.0, "flipY": 0.0 } }, { "layer": 0.0, "object": "obj_blobmonster", "deleted": 0.0, "variables": { "x": 928.0, "flipX": 0.0, "y": 174.0, "flipY": 0.0 } }, { "layer": 0.0, "object": "obj_blobmonster", "deleted": 0.0, "variables": { "x": 928.0, "flipX": 0.0, "y": 142.0, "flipY": 0.0 } }, { "layer": 0.0, "object": "obj_hillbillymonster", "deleted": 0.0, "variables": { "x": 160.0, "flipX": 0.0, "y": 115.0, "flipY": 0.0 } }, { "layer": 0.0, "object": "obj_hillbillymonster", "deleted": 0.0, "variables": { "x": 288.0, "flipX": 0.0, "y": 83.0, "flipY": 0.0 } }, { "layer": 0.0, "object": "obj_blobmonster", "deleted": 0.0, "variables": { "x": 896.0, "flipX": 0.0, "y": 206.0, "flipY": 0.0 } }, { "layer": 1.0, "object": "obj_monstersolid", "deleted": 0.0, "variables": { "x": 704.0, "flipX": 0.0, "y": 352.0, "flipY": 0.0, "image_xscale": 4.0, "image_yscale": 3.0 } }, { "layer": 0.0, "object": "obj_hillbillymonster", "deleted": 0.0, "variables": { "x": 352.0, "flipX": 0.0, "y": 115.0, "flipY": 0.0 } }, { "layer": 0.0, "object": "obj_blobmonster", "deleted": 0.0, "variables": { "x": 896.0, "flipX": 0.0, "y": 174.0, "flipY": 0.0 } }, { "layer": 0.0, "object": "obj_hillbillymonster", "deleted": 0.0, "variables": { "x": 448.0, "flipX": 0.0, "y": 83.0, "flipY": 0.0 } }, { "layer": 0.0, "object": "obj_hillbillymonster", "deleted": 0.0, "variables": { "x": 480.0, "flipX": 0.0, "y": 115.0, "flipY": 0.0 } }, { "layer": 0.0, "object": "obj_blobmonster", "deleted": 0.0, "variables": { "x": 896.0, "flipX": 0.0, "y": 238.0, "flipY": 0.0 } }, { "layer": 0.0, "object": "obj_blobmonster", "deleted": 0.0, "variables": { "x": 896.0, "flipX": 0.0, "y": 334.0, "flipY": 0.0 } }, { "layer": 0.0, "object": "obj_hillbillymonster", "deleted": 0.0, "variables": { "x": 512.0, "flipX": 0.0, "y": 115.0, "flipY": 0.0 } }, { "layer": 0.0, "object": "obj_hillbillymonster", "deleted": 0.0, "variables": { "x": 544.0, "flipX": 0.0, "y": 115.0, "flipY": 0.0 } }, { "layer": 0.0, "object": "obj_blobmonster", "deleted": 0.0, "variables": { "x": 896.0, "flipX": 0.0, "y": 302.0, "flipY": 0.0 } }, { "layer": 0.0, "object": "obj_hillbillymonster", "deleted": 0.0, "variables": { "x": 576.0, "flipX": 0.0, "y": 115.0, "flipY": 0.0 } }, { "layer": 0.0, "object": "obj_hillbillymonster", "deleted": 0.0, "variables": { "x": 544.0, "flipX": 0.0, "y": 147.0, "flipY": 0.0 } }, { "layer": 0.0, "object": "obj_hillbillymonster", "deleted": 0.0, "variables": { "x": 448.0, "flipX": 0.0, "y": 179.0, "flipY": 0.0 } }, { "layer": 0.0, "object": "obj_hillbillymonster", "deleted": 0.0, "variables": { "x": 448.0, "flipX": 0.0, "y": 211.0, "flipY": 0.0 } }, { "layer": 0.0, "object": "obj_hillbillymonster", "deleted": 0.0, "variables": { "x": 480.0, "flipX": 0.0, "y": 179.0, "flipY": 0.0 } }, { "layer": 0.0, "object": "obj_hillbillymonster", "deleted": 0.0, "variables": { "x": 480.0, "flipX": 0.0, "y": 147.0, "flipY": 0.0 } }, { "layer": 0.0, "object": "obj_hillbillymonster", "deleted": 0.0, "variables": { "x": 352.0, "flipX": 0.0, "y": 147.0, "flipY": 0.0 } }, { "layer": 0.0, "object": "obj_hillbillymonster", "deleted": 0.0, "variables": { "x": 288.0, "flipX": 0.0, "y": 179.0, "flipY": 0.0 } }, { "layer": 0.0, "object": "obj_hillbillymonster", "deleted": 0.0, "variables": { "x": 288.0, "flipX": 0.0, "y": 147.0, "flipY": 0.0 } }, { "layer": 0.0, "object": "obj_hillbillymonster", "deleted": 0.0, "variables": { "x": 256.0, "flipX": 0.0, "y": 147.0, "flipY": 0.0 } }, { "layer": 0.0, "object": "obj_hillbillymonster", "deleted": 0.0, "variables": { "x": 160.0, "flipX": 0.0, "y": 179.0, "flipY": 0.0 } }, { "layer": 0.0, "object": "obj_hillbillymonster", "deleted": 0.0, "variables": { "x": 160.0, "flipX": 0.0, "y": 147.0, "flipY": 0.0 } }, { "layer": 0.0, "object": "obj_hillbillymonster", "deleted": 0.0, "variables": { "x": 128.0, "flipX": 0.0, "y": 147.0, "flipY": 0.0 } }, { "layer": 0.0, "object": "obj_hillbillymonster", "deleted": 0.0, "variables": { "x": 96.0, "flipX": 0.0, "y": 179.0, "flipY": 0.0 } }, { "layer": 0.0, "object": "obj_hillbillymonster", "deleted": 0.0, "variables": { "x": 128.0, "flipX": 0.0, "y": 147.0, "flipY": 0.0 } }, { "layer": 0.0, "object": "obj_hillbillymonster", "deleted": 0.0, "variables": { "x": 96.0, "flipX": 0.0, "y": 147.0, "flipY": 0.0 } }, { "layer": 0.0, "object": "obj_hillbillymonster", "deleted": 0.0, "variables": { "x": 96.0, "flipX": 0.0, "y": 179.0, "flipY": 0.0 } }, { "layer": 0.0, "object": "obj_hillbillymonster", "deleted": 0.0, "variables": { "x": 224.0, "flipX": 0.0, "y": 211.0, "flipY": 0.0 } }, { "layer": 0.0, "object": "obj_hillbillymonster", "deleted": 0.0, "variables": { "x": 256.0, "flipX": 0.0, "y": 179.0, "flipY": 0.0 } }, { "layer": 0.0, "object": "obj_hillbillymonster", "deleted": 0.0, "variables": { "x": 224.0, "flipX": 0.0, "y": 179.0, "flipY": 0.0 } }, { "layer": 0.0, "object": "obj_hillbillymonster", "deleted": 0.0, "variables": { "x": 192.0, "flipX": 0.0, "y": 179.0, "flipY": 0.0 } }, { "layer": 0.0, "object": "obj_hillbillymonster", "deleted": 0.0, "variables": { "x": 224.0, "flipX": 0.0, "y": 179.0, "flipY": 0.0 } }, { "layer": 0.0, "object": "obj_hillbillymonster", "deleted": 0.0, "variables": { "x": 192.0, "flipX": 0.0, "y": 179.0, "flipY": 0.0 } }, { "layer": 0.0, "object": "obj_hillbillymonster", "deleted": 0.0, "variables": { "x": 224.0, "flipX": 0.0, "y": 179.0, "flipY": 0.0 } }, { "layer": 0.0, "object": "obj_hillbillymonster", "deleted": 0.0, "variables": { "x": 352.0, "flipX": 0.0, "y": 179.0, "flipY": 0.0 } }, { "layer": 0.0, "object": "obj_hillbillymonster", "deleted": 0.0, "variables": { "x": 416.0, "flipX": 0.0, "y": 179.0, "flipY": 0.0 } }, { "layer": 0.0, "object": "obj_hillbillymonster", "deleted": 0.0, "variables": { "x": 544.0, "flipX": 0.0, "y": 179.0, "flipY": 0.0 } }, { "layer": 0.0, "object": "obj_hillbillymonster", "deleted": 0.0, "variables": { "x": 576.0, "flipX": 0.0, "y": 147.0, "flipY": 0.0 } }, { "layer": 0.0, "object": "obj_hillbillymonster", "deleted": 0.0, "variables": { "x": 576.0, "flipX": 0.0, "y": 179.0, "flipY": 0.0 } }, { "layer": 0.0, "object": "obj_hillbillymonster", "deleted": 0.0, "variables": { "x": 608.0, "flipX": 0.0, "y": 147.0, "flipY": 0.0 } }, { "layer": 0.0, "object": "obj_hillbillymonster", "deleted": 0.0, "variables": { "x": 640.0, "flipX": 0.0, "y": 147.0, "flipY": 0.0 } }, { "layer": 0.0, "object": "obj_hillbillymonster", "deleted": 0.0, "variables": { "x": 576.0, "flipX": 0.0, "y": 147.0, "flipY": 0.0 } }, { "layer": 0.0, "object": "obj_hillbillymonster", "deleted": 0.0, "variables": { "x": 448.0, "flipX": 0.0, "y": 179.0, "flipY": 0.0 } }, { "layer": 0.0, "object": "obj_hillbillymonster", "deleted": 0.0, "variables": { "x": 480.0, "flipX": 0.0, "y": 147.0, "flipY": 0.0 } }, { "layer": 0.0, "object": "obj_hillbillymonster", "deleted": 0.0, "variables": { "x": 448.0, "flipX": 0.0, "y": 147.0, "flipY": 0.0 } }, { "layer": 0.0, "object": "obj_hillbillymonster", "deleted": 0.0, "variables": { "x": 352.0, "flipX": 0.0, "y": 179.0, "flipY": 0.0 } }, { "layer": 0.0, "object": "obj_hillbillymonster", "deleted": 0.0, "variables": { "x": 320.0, "flipX": 0.0, "y": 179.0, "flipY": 0.0 } }, { "layer": 0.0, "object": "obj_hillbillymonster", "deleted": 0.0, "variables": { "x": 320.0, "flipX": 0.0, "y": 147.0, "flipY": 0.0 } }, { "layer": 0.0, "object": "obj_hillbillymonster", "deleted": 0.0, "variables": { "x": 192.0, "flipX": 0.0, "y": 147.0, "flipY": 0.0 } }, { "layer": 0.0, "object": "obj_hillbillymonster", "deleted": 0.0, "variables": { "x": 160.0, "flipX": 0.0, "y": 179.0, "flipY": 0.0 } }, { "layer": 0.0, "object": "obj_hillbillymonster", "deleted": 0.0, "variables": { "x": 160.0, "flipX": 0.0, "y": 147.0, "flipY": 0.0 } }, { "layer": 0.0, "object": "obj_hillbillymonster", "deleted": 0.0, "variables": { "x": 64.0, "flipX": 0.0, "y": 179.0, "flipY": 0.0 } }, { "layer": 0.0, "object": "obj_hillbillymonster", "deleted": 0.0, "variables": { "x": 64.0, "flipX": 0.0, "y": 147.0, "flipY": 0.0 } }, { "layer": 0.0, "object": "obj_hillbillymonster", "deleted": 0.0, "variables": { "x": 128.0, "flipX": 0.0, "y": 115.0, "flipY": 0.0 } }, { "layer": 0.0, "object": "obj_blobmonster", "deleted": 0.0, "variables": { "x": 896.0, "flipX": 0.0, "y": 270.0, "flipY": 0.0 } }, { "layer": 0.0, "object": "obj_hillbillymonster", "deleted": 0.0, "variables": { "x": 64.0, "flipX": 0.0, "y": 115.0, "flipY": 0.0 } }, { "layer": 0.0, "object": "obj_hillbillymonster", "deleted": 0.0, "variables": { "x": 96.0, "flipX": 0.0, "y": 115.0, "flipY": 0.0 } }, { "layer": 0.0, "object": "obj_hillbillymonster", "deleted": 0.0, "variables": { "x": 128.0, "flipX": 0.0, "y": 115.0, "flipY": 0.0 } }, { "layer": 0.0, "object": "obj_hillbillymonster", "deleted": 0.0, "variables": { "x": 96.0, "flipX": 0.0, "y": 147.0, "flipY": 0.0 } }, { "layer": 0.0, "object": "obj_hillbillymonster", "deleted": 0.0, "variables": { "x": 64.0, "flipX": 0.0, "y": 147.0, "flipY": 0.0 } }, { "layer": 0.0, "object": "obj_hillbillymonster", "deleted": 0.0, "variables": { "x": 32.0, "flipX": 0.0, "y": 147.0, "flipY": 0.0 } }, { "layer": 0.0, "object": "obj_blobmonster", "deleted": 0.0, "variables": { "x": 896.0, "flipX": 0.0, "y": 334.0, "flipY": 0.0 } }, { "layer": 0.0, "object": "obj_hillbillymonster", "deleted": 0.0, "variables": { "x": 64.0, "flipX": 0.0, "y": 179.0, "flipY": 0.0 } }, { "layer": 0.0, "object": "obj_hillbillymonster", "deleted": 0.0, "variables": { "x": 64.0, "flipX": 0.0, "y": 147.0, "flipY": 0.0 } }, { "layer": 0.0, "object": "obj_hillbillymonster", "deleted": 0.0, "variables": { "x": 64.0, "flipX": 0.0, "y": 179.0, "flipY": 0.0 } }, { "layer": 0.0, "object": "obj_hillbillymonster", "deleted": 0.0, "variables": { "x": 32.0, "flipX": 0.0, "y": 179.0, "flipY": 0.0 } }, { "layer": 0.0, "object": "obj_blobmonster", "deleted": 0.0, "variables": { "x": 896.0, "flipX": 0.0, "y": 397.5, "flipY": 0.0 } }, { "layer": 0.0, "object": "obj_blobmonster", "deleted": 0.0, "variables": { "x": 896.0, "flipX": 0.0, "y": 334.0, "flipY": 0.0 } }, { "layer": 0.0, "object": "obj_blobmonster", "deleted": 0.0, "variables": { "x": 896.0, "flipX": 0.0, "y": 366.0, "flipY": 0.0 } }, { "layer": 0.0, "object": "obj_blobmonster", "deleted": 0.0, "variables": { "x": 928.0, "flipX": 0.0, "y": 397.5, "flipY": 0.0 } }, { "layer": 0.0, "object": "obj_hillbillymonster", "deleted": 0.0, "variables": { "x": 32.0, "flipX": 0.0, "y": 115.0, "flipY": 0.0 } }, { "layer": 0.0, "object": "obj_hillbillymonster", "deleted": 0.0, "variables": { "x": 64.0, "flipX": 0.0, "y": 115.0, "flipY": 0.0 } }, { "layer": 0.0, "object": "obj_hillbillymonster", "deleted": 0.0, "variables": { "x": 64.0, "flipX": 0.0, "y": 147.0, "flipY": 0.0 } }, { "layer": 0.0, "object": "obj_hillbillymonster", "deleted": 0.0, "variables": { "x": 64.0, "flipX": 0.0, "y": 179.0, "flipY": 0.0 } }, { "layer": 0.0, "object": "obj_hillbillymonster", "deleted": 0.0, "variables": { "x": 64.0, "flipX": 0.0, "y": 211.0, "flipY": 0.0 } }, { "layer": 0.0, "object": "obj_hillbillymonster", "deleted": 0.0, "variables": { "x": 64.0, "flipX": 0.0, "y": 243.0, "flipY": 0.0 } }, { "layer": 0.0, "object": "obj_hillbillymonster", "deleted": 0.0, "variables": { "x": 96.0, "flipX": 0.0, "y": 243.0, "flipY": 0.0 } }, { "layer": 0.0, "object": "obj_hillbillymonster", "deleted": 0.0, "variables": { "x": 128.0, "flipX": 0.0, "y": 243.0, "flipY": 0.0 } }, { "layer": 0.0, "object": "obj_hillbillymonster", "deleted": 0.0, "variables": { "x": 160.0, "flipX": 0.0, "y": 243.0, "flipY": 0.0 } }, { "layer": 0.0, "object": "obj_hillbillymonster", "deleted": 0.0, "variables": { "x": 192.0, "flipX": 0.0, "y": 243.0, "flipY": 0.0 } }, { "layer": 0.0, "object": "obj_hillbillymonster", "deleted": 0.0, "variables": { "x": 224.0, "flipX": 0.0, "y": 243.0, "flipY": 0.0 } }, { "layer": 0.0, "object": "obj_hillbillymonster", "deleted": 0.0, "variables": { "x": 256.0, "flipX": 0.0, "y": 243.0, "flipY": 0.0 } }, { "layer": 0.0, "object": "obj_hillbillymonster", "deleted": 0.0, "variables": { "x": 288.0, "flipX": 0.0, "y": 243.0, "flipY": 0.0 } }, { "layer": 0.0, "object": "obj_hillbillymonster", "deleted": 0.0, "variables": { "x": 320.0, "flipX": 0.0, "y": 243.0, "flipY": 0.0 } }, { "layer": 0.0, "object": "obj_hillbillymonster", "deleted": 0.0, "variables": { "x": 352.0, "flipX": 0.0, "y": 243.0, "flipY": 0.0 } }, { "layer": 0.0, "object": "obj_hillbillymonster", "deleted": 0.0, "variables": { "x": 384.0, "flipX": 0.0, "y": 243.0, "flipY": 0.0 } }, { "layer": 0.0, "object": "obj_hillbillymonster", "deleted": 0.0, "variables": { "x": 416.0, "flipX": 0.0, "y": 243.0, "flipY": 0.0 } }, { "layer": 0.0, "object": "obj_hillbillymonster", "deleted": 0.0, "variables": { "x": 448.0, "flipX": 0.0, "y": 243.0, "flipY": 0.0 } }, { "layer": 0.0, "object": "obj_hillbillymonster", "deleted": 0.0, "variables": { "x": 480.0, "flipX": 0.0, "y": 243.0, "flipY": 0.0 } }, { "layer": 0.0, "object": "obj_hillbillymonster", "deleted": 0.0, "variables": { "x": 512.0, "flipX": 0.0, "y": 243.0, "flipY": 0.0 } }, { "layer": 0.0, "object": "obj_hillbillymonster", "deleted": 0.0, "variables": { "x": 544.0, "flipX": 0.0, "y": 243.0, "flipY": 0.0 } }, { "layer": 0.0, "object": "obj_hillbillymonster", "deleted": 0.0, "variables": { "x": 576.0, "flipX": 0.0, "y": 243.0, "flipY": 0.0 } }, { "layer": 0.0, "object": "obj_hillbillymonster", "deleted": 0.0, "variables": { "x": 608.0, "flipX": 0.0, "y": 243.0, "flipY": 0.0 } }, { "layer": 0.0, "object": "obj_hillbillymonster", "deleted": 0.0, "variables": { "x": 576.0, "flipX": 0.0, "y": 243.0, "flipY": 0.0 } }, { "layer": 0.0, "object": "obj_hillbillymonster", "deleted": 0.0, "variables": { "x": 544.0, "flipX": 0.0, "y": 243.0, "flipY": 0.0 } }, { "layer": 0.0, "object": "obj_hillbillymonster", "deleted": 0.0, "variables": { "x": 512.0, "flipX": 0.0, "y": 243.0, "flipY": 0.0 } }, { "layer": 0.0, "object": "obj_hillbillymonster", "deleted": 0.0, "variables": { "x": 480.0, "flipX": 0.0, "y": 243.0, "flipY": 0.0 } }, { "layer": 0.0, "object": "obj_hillbillymonster", "deleted": 0.0, "variables": { "x": 448.0, "flipX": 0.0, "y": 243.0, "flipY": 0.0 } }, { "layer": 0.0, "object": "obj_hillbillymonster", "deleted": 0.0, "variables": { "x": 416.0, "flipX": 0.0, "y": 243.0, "flipY": 0.0 } }, { "layer": 0.0, "object": "obj_hillbillymonster", "deleted": 0.0, "variables": { "x": 384.0, "flipX": 0.0, "y": 243.0, "flipY": 0.0 } }, { "layer": 0.0, "object": "obj_hillbillymonster", "deleted": 0.0, "variables": { "x": 352.0, "flipX": 0.0, "y": 243.0, "flipY": 0.0 } }, { "layer": 0.0, "object": "obj_hillbillymonster", "deleted": 0.0, "variables": { "x": 320.0, "flipX": 0.0, "y": 243.0, "flipY": 0.0 } }, { "layer": 0.0, "object": "obj_hillbillymonster", "deleted": 0.0, "variables": { "x": 288.0, "flipX": 0.0, "y": 243.0, "flipY": 0.0 } }, { "layer": 0.0, "object": "obj_hillbillymonster", "deleted": 0.0, "variables": { "x": 256.0, "flipX": 0.0, "y": 243.0, "flipY": 0.0 } }, { "layer": 0.0, "object": "obj_hillbillymonster", "deleted": 0.0, "variables": { "x": 224.0, "flipX": 0.0, "y": 243.0, "flipY": 0.0 } }, { "layer": 0.0, "object": "obj_hillbillymonster", "deleted": 0.0, "variables": { "x": 192.0, "flipX": 0.0, "y": 243.0, "flipY": 0.0 } }, { "layer": 0.0, "object": "obj_hillbillymonster", "deleted": 0.0, "variables": { "x": 160.0, "flipX": 0.0, "y": 243.0, "flipY": 0.0 } }, { "layer": 0.0, "object": "obj_hillbillymonster", "deleted": 0.0, "variables": { "x": 128.0, "flipX": 0.0, "y": 243.0, "flipY": 0.0 } }, { "layer": 0.0, "object": "obj_hillbillymonster", "deleted": 0.0, "variables": { "x": 96.0, "flipX": 0.0, "y": 243.0, "flipY": 0.0 } }, { "layer": 0.0, "object": "obj_hillbillymonster", "deleted": 0.0, "variables": { "x": 64.0, "flipX": 0.0, "y": 243.0, "flipY": 0.0 } }, { "layer": 0.0, "object": "obj_hillbillymonster", "deleted": 0.0, "variables": { "x": 32.0, "flipX": 0.0, "y": 243.0, "flipY": 0.0 } }, { "layer": 0.0, "object": "obj_chateaulight", "deleted": 0.0, "variables": { "x": 768.0, "flipX": 0.0, "y": 384.0, "flipY": 0.0, "image_xscale": 1.0, "image_yscale": 1.0 } }, { "layer": 0.0, "object": "obj_hillbillymonster", "deleted": 0.0, "variables": { "x": 704.0, "flipX": 0.0, "y": 339.0, "flipY": 0.0 } }, { "layer": 0.0, "object": "obj_hillbillymonster", "deleted": 0.0, "variables": { "x": 704.0, "flipX": 0.0, "y": 339.0, "flipY": 0.0 } }, { "layer": 0.0, "object": "obj_hillbillymonster", "deleted": 0.0, "variables": { "x": 32.0, "flipX": 0.0, "y": 307.0, "flipY": 0.0 } }, { "layer": 0.0, "object": "obj_hillbillymonster", "deleted": 0.0, "variables": { "x": 32.0, "flipX": 0.0, "y": 339.0, "flipY": 0.0 } }, { "layer": 0.0, "object": "obj_hillbillymonster", "deleted": 0.0, "variables": { "x": 64.0, "flipX": 0.0, "y": 339.0, "flipY": 0.0 } }, { "layer": 0.0, "object": "obj_hillbillymonster", "deleted": 0.0, "variables": { "x": 96.0, "flipX": 0.0, "y": 307.0, "flipY": 0.0 } }, { "layer": 0.0, "object": "obj_hillbillymonster", "deleted": 0.0, "variables": { "x": 128.0, "flipX": 0.0, "y": 307.0, "flipY": 0.0 } }, { "layer": 0.0, "object": "obj_hillbillymonster", "deleted": 0.0, "variables": { "x": 160.0, "flipX": 0.0, "y": 307.0, "flipY": 0.0 } }, { "layer": 0.0, "object": "obj_hillbillymonster", "deleted": 0.0, "variables": { "x": 192.0, "flipX": 0.0, "y": 307.0, "flipY": 0.0 } }, { "layer": 0.0, "object": "obj_hillbillymonster", "deleted": 0.0, "variables": { "x": 224.0, "flipX": 0.0, "y": 307.0, "flipY": 0.0 } }, { "layer": 0.0, "object": "obj_hillbillymonster", "deleted": 0.0, "variables": { "x": 256.0, "flipX": 0.0, "y": 307.0, "flipY": 0.0 } }, { "layer": 0.0, "object": "obj_hillbillymonster", "deleted": 0.0, "variables": { "x": 288.0, "flipX": 0.0, "y": 307.0, "flipY": 0.0 } }, { "layer": 0.0, "object": "obj_hillbillymonster", "deleted": 0.0, "variables": { "x": 320.0, "flipX": 0.0, "y": 307.0, "flipY": 0.0 } }, { "layer": 0.0, "object": "obj_hillbillymonster", "deleted": 0.0, "variables": { "x": 352.0, "flipX": 0.0, "y": 307.0, "flipY": 0.0 } }, { "layer": 0.0, "object": "obj_hillbillymonster", "deleted": 0.0, "variables": { "x": 384.0, "flipX": 0.0, "y": 339.0, "flipY": 0.0 } }, { "layer": 0.0, "object": "obj_hillbillymonster", "deleted": 0.0, "variables": { "x": 416.0, "flipX": 0.0, "y": 339.0, "flipY": 0.0 } }, { "layer": 0.0, "object": "obj_hillbillymonster", "deleted": 0.0, "variables": { "x": 448.0, "flipX": 0.0, "y": 339.0, "flipY": 0.0 } }, { "layer": 0.0, "object": "obj_hillbillymonster", "deleted": 0.0, "variables": { "x": 480.0, "flipX": 0.0, "y": 339.0, "flipY": 0.0 } }, { "layer": 1.0, "object": "obj_monstersolid", "deleted": 0.0, "variables": { "x": 0.0, "flipX": 0.0, "y": -32.0, "flipY": 0.0, "image_xscale": 30.0, "image_yscale": 1.0 } }, { "layer": 1.0, "object": "obj_monstersolid", "deleted": 0.0, "variables": { "x": 960.0, "flipX": 0.0, "y": -32.0, "flipY": 0.0, "image_xscale": 1.0, "image_yscale": 18.0 } }, { "layer": 1.0, "object": "obj_monstersolid", "deleted": 0.0, "variables": { "x": -32.0, "flipX": 0.0, "y": -32.0, "flipY": 0.0, "image_xscale": 1.0, "image_yscale": 18.0 } }, { "layer": 0.0, "object": "obj_hillbillymonster", "deleted": 0.0, "variables": { "x": 64.0, "flipX": 0.0, "y": 402.5, "flipY": 0.0 } }, { "layer": 0.0, "object": "obj_hillbillymonster", "deleted": 0.0, "variables": { "x": 512.0, "flipX": 0.0, "y": 339.0, "flipY": 0.0 } }, { "layer": 0.0, "object": "obj_hillbillymonster", "deleted": 0.0, "variables": { "x": 544.0, "flipX": 0.0, "y": 339.0, "flipY": 0.0 } }, { "layer": 0.0, "object": "obj_hillbillymonster", "deleted": 0.0, "variables": { "x": 576.0, "flipX": 0.0, "y": 339.0, "flipY": 0.0 } }, { "layer": 0.0, "object": "obj_hillbillymonster", "deleted": 0.0, "variables": { "x": 544.0, "flipX": 0.0, "y": 339.0, "flipY": 0.0 } }, { "layer": 0.0, "object": "obj_hillbillymonster", "deleted": 0.0, "variables": { "x": 512.0, "flipX": 0.0, "y": 339.0, "flipY": 0.0 } }, { "layer": 0.0, "object": "obj_hillbillymonster", "deleted": 0.0, "variables": { "x": 480.0, "flipX": 0.0, "y": 339.0, "flipY": 0.0 } }, { "layer": 0.0, "object": "obj_hillbillymonster", "deleted": 0.0, "variables": { "x": 448.0, "flipX": 0.0, "y": 339.0, "flipY": 0.0 } }, { "layer": 0.0, "object": "obj_hillbillymonster", "deleted": 0.0, "variables": { "x": 416.0, "flipX": 0.0, "y": 339.0, "flipY": 0.0 } }, { "layer": 0.0, "object": "obj_hillbillymonster", "deleted": 0.0, "variables": { "x": 384.0, "flipX": 0.0, "y": 339.0, "flipY": 0.0 } }, { "layer": 0.0, "object": "obj_hillbillymonster", "deleted": 0.0, "variables": { "x": 352.0, "flipX": 0.0, "y": 339.0, "flipY": 0.0 } }, { "layer": 0.0, "object": "obj_hillbillymonster", "deleted": 0.0, "variables": { "x": 320.0, "flipX": 0.0, "y": 339.0, "flipY": 0.0 } }, { "layer": 0.0, "object": "obj_hillbillymonster", "deleted": 0.0, "variables": { "x": 288.0, "flipX": 0.0, "y": 339.0, "flipY": 0.0 } }, { "layer": 0.0, "object": "obj_hillbillymonster", "deleted": 0.0, "variables": { "x": 256.0, "flipX": 0.0, "y": 339.0, "flipY": 0.0 } }, { "layer": 0.0, "object": "obj_hillbillymonster", "deleted": 0.0, "variables": { "x": 224.0, "flipX": 0.0, "y": 339.0, "flipY": 0.0 } }, { "layer": 0.0, "object": "obj_hillbillymonster", "deleted": 0.0, "variables": { "x": 192.0, "flipX": 0.0, "y": 339.0, "flipY": 0.0 } }, { "layer": 0.0, "object": "obj_hillbillymonster", "deleted": 0.0, "variables": { "x": 160.0, "flipX": 0.0, "y": 339.0, "flipY": 0.0 } }, { "layer": 0.0, "object": "obj_hillbillymonster", "deleted": 0.0, "variables": { "x": 128.0, "flipX": 0.0, "y": 339.0, "flipY": 0.0 } }, { "layer": 0.0, "object": "obj_hillbillymonster", "deleted": 0.0, "variables": { "x": 96.0, "flipX": 0.0, "y": 339.0, "flipY": 0.0 } }, { "layer": 0.0, "object": "obj_hillbillymonster", "deleted": 0.0, "variables": { "x": 64.0, "flipX": 0.0, "y": 339.0, "flipY": 0.0 } }, { "layer": 0.0, "object": "obj_hillbillymonster", "deleted": 0.0, "variables": { "x": 32.0, "flipX": 0.0, "y": 339.0, "flipY": 0.0 } }, { "layer": 0.0, "object": "obj_hillbillymonster", "deleted": 0.0, "variables": { "x": 704.0, "flipX": 0.0, "y": 402.5, "flipY": 0.0, "image_xscale": 1.0, "image_yscale": 1.0 } }, { "layer": 0.0, "object": "obj_hillbillymonster", "deleted": 0.0, "variables": { "x": 704.0, "flipX": 0.0, "y": 402.5, "flipY": 0.0 } }, { "layer": 0.0, "object": "obj_hillbillymonster", "deleted": 0.0, "variables": { "x": 704.0, "flipX": 0.0, "y": 402.5, "flipY": 0.0 } }, { "layer": 0.0, "object": "obj_hillbillymonster", "deleted": 0.0, "variables": { "x": 704.0, "flipX": 0.0, "y": 402.5, "flipY": 0.0 } }, { "layer": 0.0, "object": "obj_hillbillymonster", "deleted": 0.0, "variables": { "x": 704.0, "flipX": 0.0, "y": 402.5, "flipY": 0.0 } }, { "layer": 0.0, "object": "obj_hillbillymonster", "deleted": 0.0, "variables": { "x": 576.0, "flipX": 0.0, "y": 402.5, "flipY": 0.0 } }, { "layer": 0.0, "object": "obj_robotmonster", "deleted": 0.0, "variables": { "x": 768.0, "flipX": 0.0, "y": 305.5, "flipY": 0.0, "image_xscale": 1.0, "image_yscale": 1.0 } }, { "layer": 0.0, "object": "obj_robotmonster", "deleted": 0.0, "variables": { "x": 768.0, "flipX": 0.0, "y": 274.0, "flipY": 0.0 } }, { "layer": 0.0, "object": "obj_robotmonster", "deleted": 0.0, "variables": { "x": 768.0, "flipX": 0.0, "y": 242.0, "flipY": 0.0 } }, { "layer": 0.0, "object": "obj_robotmonster", "deleted": 0.0, "variables": { "x": 800.0, "flipX": 0.0, "y": 114.0, "flipY": 0.0 } }, { "layer": 0.0, "object": "obj_robotmonster", "deleted": 0.0, "variables": { "x": 768.0, "flipX": 0.0, "y": 114.0, "flipY": 0.0 } }, { "layer": 0.0, "object": "obj_robotmonster", "deleted": 0.0, "variables": { "x": 768.0, "flipX": 0.0, "y": 146.0, "flipY": 0.0 } }, { "layer": 0.0, "object": "obj_robotmonster", "deleted": 0.0, "variables": { "x": 800.0, "flipX": 0.0, "y": 146.0, "flipY": 0.0 } }, { "layer": 0.0, "object": "obj_robotmonster", "deleted": 0.0, "variables": { "x": 800.0, "flipX": 0.0, "y": 178.0, "flipY": 0.0 } }, { "layer": 0.0, "object": "obj_robotmonster", "deleted": 0.0, "variables": { "x": 800.0, "flipX": 0.0, "y": 210.0, "flipY": 0.0 } }, { "layer": 0.0, "object": "obj_robotmonster", "deleted": 0.0, "variables": { "x": 800.0, "flipX": 0.0, "y": 242.0, "flipY": 0.0 } }, { "layer": 0.0, "object": "obj_robotmonster", "deleted": 0.0, "variables": { "x": 800.0, "flipX": 0.0, "y": 274.0, "flipY": 0.0 } }, { "layer": 0.0, "object": "obj_blobmonster", "deleted": 0.0, "variables": { "x": 896.0, "flipX": 0.0, "y": 238.0, "flipY": 0.0 } }, { "layer": 0.0, "object": "obj_blobmonster", "deleted": 0.0, "variables": { "x": 896.0, "flipX": 0.0, "y": 270.0, "flipY": 0.0 } }, { "layer": 0.0, "object": "obj_blobmonster", "deleted": 0.0, "variables": { "x": 896.0, "flipX": 0.0, "y": 302.0, "flipY": 0.0 } }, { "layer": 0.0, "object": "obj_blobmonster", "deleted": 0.0, "variables": { "x": 896.0, "flipX": 0.0, "y": 334.0, "flipY": 0.0 } }, { "layer": 0.0, "object": "obj_blobmonster", "deleted": 0.0, "variables": { "x": 896.0, "flipX": 0.0, "y": 302.0, "flipY": 0.0 } }, { "layer": 0.0, "object": "obj_blobmonster", "deleted": 0.0, "variables": { "x": 864.0, "flipX": 0.0, "y": 302.0, "flipY": 0.0 } }, { "layer": 0.0, "object": "obj_blobmonster", "deleted": 0.0, "variables": { "x": 864.0, "flipX": 0.0, "y": 270.0, "flipY": 0.0 } }, { "layer": 0.0, "object": "obj_blobmonster", "deleted": 0.0, "variables": { "x": 864.0, "flipX": 0.0, "y": 238.0, "flipY": 0.0 } }, { "layer": 0.0, "object": "obj_blobmonster", "deleted": 0.0, "variables": { "x": 864.0, "flipX": 0.0, "y": 206.0, "flipY": 0.0 } }, { "layer": 0.0, "object": "obj_blobmonster", "deleted": 0.0, "variables": { "x": 896.0, "flipX": 0.0, "y": 206.0, "flipY": 0.0 } }, { "layer": 0.0, "object": "obj_blobmonster", "deleted": 0.0, "variables": { "x": 896.0, "flipX": 0.0, "y": 174.0, "flipY": 0.0 } }, { "layer": 0.0, "object": "obj_blobmonster", "deleted": 0.0, "variables": { "x": 896.0, "flipX": 0.0, "y": 142.0, "flipY": 0.0 } }, { "layer": 0.0, "object": "obj_blobmonster", "deleted": 0.0, "variables": { "x": 896.0, "flipX": 0.0, "y": 110.0, "flipY": 0.0 } }, { "layer": 0.0, "object": "obj_blobmonster", "deleted": 0.0, "variables": { "x": 896.0, "flipX": 0.0, "y": 78.0, "flipY": 0.0 } }, { "layer": 0.0, "object": "obj_blobmonster", "deleted": 0.0, "variables": { "x": 896.0, "flipX": 0.0, "y": 46.0, "flipY": 0.0 } }, { "layer": 1.0, "object": "obj_doorB", "deleted": 0.0, "variables": { "x": 736.0, "flipX": 0.0, "y": 416.0, "flipY": 0.0 } }, { "layer": 0.0, "object": "obj_robotmonster", "deleted": 0.0, "variables": { "x": 800.0, "flipX": 0.0, "y": 305.5, "flipY": 0.0 } }, { "layer": 0.0, "object": "obj_robotmonster", "deleted": 0.0, "variables": { "x": 800.0, "flipX": 0.0, "y": 305.5, "flipY": 0.0 } }, { "layer": 0.0, "object": "obj_hillbillymonster", "deleted": 0.0, "variables": { "x": 128.0, "flipX": 0.0, "y": 402.5, "flipY": 0.0 } }, { "layer": 0.0, "object": "obj_robotmonster", "deleted": 0.0, "variables": { "x": 800.0, "flipX": 0.0, "y": 305.5, "flipY": 0.0 } }, { "layer": 0.0, "object": "obj_robotmonster", "deleted": 0.0, "variables": { "x": 800.0, "flipX": 0.0, "y": 305.5, "flipY": 0.0 } }, { "layer": 0.0, "object": "obj_robotmonster", "deleted": 0.0, "variables": { "x": 800.0, "flipX": 0.0, "y": 305.5, "flipY": 0.0 } }, { "layer": 0.0, "object": "obj_blobmonster", "deleted": 0.0, "variables": { "x": 896.0, "flipX": 0.0, "y": 397.5, "flipY": 0.0 } }, { "layer": 0.0, "object": "obj_blobmonster", "deleted": 0.0, "variables": { "x": 896.0, "flipX": 0.0, "y": 397.5, "flipY": 0.0 } }, { "layer": 0.0, "object": "obj_blobmonster", "deleted": 0.0, "variables": { "x": 896.0, "flipX": 0.0, "y": 397.5, "flipY": 0.0 } }, { "layer": 0.0, "object": "obj_blobmonster", "deleted": 0.0, "variables": { "x": 896.0, "flipX": 0.0, "y": 397.5, "flipY": 0.0 } }, { "layer": 0.0, "object": "obj_blobmonster", "deleted": 0.0, "variables": { "x": 896.0, "flipX": 0.0, "y": 397.5, "flipY": 0.0 } }, { "layer": 0.0, "object": "obj_blobmonster", "deleted": 0.0, "variables": { "x": 896.0, "flipX": 0.0, "y": 397.5, "flipY": 0.0 } }, { "layer": 0.0, "object": "obj_hillbillymonster", "deleted": 0.0, "variables": { "x": 96.0, "flipX": 0.0, "y": 402.5, "flipY": 0.0 } }, { "layer": 0.0, "object": "obj_blobmonster", "deleted": 0.0, "variables": { "x": 896.0, "flipX": 0.0, "y": 397.5, "flipY": 0.0 } }, { "layer": 0.0, "object": "obj_blobmonster", "deleted": 0.0, "variables": { "x": 896.0, "flipX": 0.0, "y": 397.5, "flipY": 0.0 } }, { "layer": 0.0, "object": "obj_blobmonster", "deleted": 0.0, "variables": { "x": 896.0, "flipX": 0.0, "y": 397.5, "flipY": 0.0 } }, { "layer": 0.0, "object": "obj_blobmonster", "deleted": 0.0, "variables": { "x": 896.0, "flipX": 0.0, "y": 397.5, "flipY": 0.0 } }, { "layer": 0.0, "object": "obj_blobmonster", "deleted": 0.0, "variables": { "x": 896.0, "flipX": 0.0, "y": 397.5, "flipY": 0.0 } }, { "layer": 0.0, "object": "obj_hillbillymonster", "deleted": 0.0, "variables": { "x": 32.0, "flipX": 0.0, "y": 402.5, "flipY": 0.0 } }, { "layer": 0.0, "object": "obj_hillbillymonster", "deleted": 0.0, "variables": { "x": 544.0, "flipX": 0.0, "y": 402.5, "flipY": 0.0 } }, { "layer": 0.0, "object": "obj_hillbillymonster", "deleted": 0.0, "variables": { "x": 32.0, "flipX": 0.0, "y": 402.5, "flipY": 0.0 } }, { "layer": 0.0, "object": "obj_hillbillymonster", "deleted": 0.0, "variables": { "x": 512.0, "flipX": 0.0, "y": 402.5, "flipY": 0.0 } }, { "layer": 0.0, "object": "obj_hillbillymonster", "deleted": 0.0, "variables": { "x": 480.0, "flipX": 0.0, "y": 402.5, "flipY": 0.0 } }, { "layer": 0.0, "object": "obj_hillbillymonster", "deleted": 0.0, "variables": { "x": 448.0, "flipX": 0.0, "y": 402.5, "flipY": 0.0 } }, { "layer": 0.0, "object": "obj_hillbillymonster", "deleted": 0.0, "variables": { "x": 416.0, "flipX": 0.0, "y": 402.5, "flipY": 0.0 } }, { "layer": 0.0, "object": "obj_hillbillymonster", "deleted": 0.0, "variables": { "x": 384.0, "flipX": 0.0, "y": 402.5, "flipY": 0.0 } }, { "layer": 0.0, "object": "obj_hillbillymonster", "deleted": 0.0, "variables": { "x": 352.0, "flipX": 0.0, "y": 402.5, "flipY": 0.0 } }, { "layer": 0.0, "object": "obj_hillbillymonster", "deleted": 0.0, "variables": { "x": 320.0, "flipX": 0.0, "y": 402.5, "flipY": 0.0 } }, { "layer": 0.0, "object": "obj_hillbillymonster", "deleted": 0.0, "variables": { "x": 288.0, "flipX": 0.0, "y": 402.5, "flipY": 0.0 } }, { "layer": 0.0, "object": "obj_hillbillymonster", "deleted": 0.0, "variables": { "x": 256.0, "flipX": 0.0, "y": 402.5, "flipY": 0.0 } }, { "layer": 0.0, "object": "obj_hillbillymonster", "deleted": 0.0, "variables": { "x": 224.0, "flipX": 0.0, "y": 402.5, "flipY": 0.0 } }, { "layer": 0.0, "object": "obj_hillbillymonster", "deleted": 0.0, "variables": { "x": 192.0, "flipX": 0.0, "y": 402.5, "flipY": 0.0 } }, { "layer": 0.0, "object": "obj_hillbillymonster", "deleted": 0.0, "variables": { "x": 160.0, "flipX": 0.0, "y": 402.5, "flipY": 0.0 } }, { "layer": 0.0, "object": "obj_hillbillymonster", "deleted": 0.0, "variables": { "x": 128.0, "flipX": 0.0, "y": 402.5, "flipY": 0.0 } }, { "layer": 0.0, "object": "obj_hillbillymonster", "deleted": 0.0, "variables": { "x": 96.0, "flipX": 0.0, "y": 402.5, "flipY": 0.0 } }, { "layer": 0.0, "object": "obj_hillbillymonster", "deleted": 0.0, "variables": { "x": 128.0, "flipX": 0.0, "y": 402.5, "flipY": 0.0 } }, { "layer": 0.0, "object": "obj_hillbillymonster", "deleted": 0.0, "variables": { "x": 160.0, "flipX": 0.0, "y": 402.5, "flipY": 0.0 } }, { "layer": 0.0, "object": "obj_hillbillymonster", "deleted": 0.0, "variables": { "x": 192.0, "flipX": 0.0, "y": 402.5, "flipY": 0.0 } }, { "layer": 0.0, "object": "obj_hillbillymonster", "deleted": 0.0, "variables": { "x": 224.0, "flipX": 0.0, "y": 402.5, "flipY": 0.0 } }, { "layer": 0.0, "object": "obj_hillbillymonster", "deleted": 0.0, "variables": { "x": 256.0, "flipX": 0.0, "y": 402.5, "flipY": 0.0 } }, { "layer": 0.0, "object": "obj_hillbillymonster", "deleted": 0.0, "variables": { "x": 288.0, "flipX": 0.0, "y": 402.5, "flipY": 0.0 } }, { "layer": 0.0, "object": "obj_hillbillymonster", "deleted": 0.0, "variables": { "x": 320.0, "flipX": 0.0, "y": 402.5, "flipY": 0.0 } }, { "layer": 0.0, "object": "obj_hillbillymonster", "deleted": 0.0, "variables": { "x": 352.0, "flipX": 0.0, "y": 402.5, "flipY": 0.0 } }, { "layer": 0.0, "object": "obj_hillbillymonster", "deleted": 0.0, "variables": { "x": 384.0, "flipX": 0.0, "y": 402.5, "flipY": 0.0 } }, { "layer": 0.0, "object": "obj_hillbillymonster", "deleted": 0.0, "variables": { "x": 416.0, "flipX": 0.0, "y": 402.5, "flipY": 0.0 } }, { "layer": 0.0, "object": "obj_hillbillymonster", "deleted": 0.0, "variables": { "x": 448.0, "flipX": 0.0, "y": 402.5, "flipY": 0.0 } }, { "layer": 0.0, "object": "obj_hillbillymonster", "deleted": 0.0, "variables": { "x": 480.0, "flipX": 0.0, "y": 402.5, "flipY": 0.0 } }, { "layer": 0.0, "object": "obj_hillbillymonster", "deleted": 0.0, "variables": { "x": 512.0, "flipX": 0.0, "y": 402.5, "flipY": 0.0 } }, { "layer": 0.0, "object": "obj_hillbillymonster", "deleted": 0.0, "variables": { "x": 544.0, "flipX": 0.0, "y": 402.5, "flipY": 0.0 } }, { "layer": 0.0, "object": "obj_hillbillymonster", "deleted": 0.0, "variables": { "x": 512.0, "flipX": 0.0, "y": 402.5, "flipY": 0.0 } }, { "layer": 0.0, "object": "obj_hillbillymonster", "deleted": 0.0, "variables": { "x": 480.0, "flipX": 0.0, "y": 402.5, "flipY": 0.0 } }, { "layer": 0.0, "object": "obj_hillbillymonster", "deleted": 0.0, "variables": { "x": 448.0, "flipX": 0.0, "y": 402.5, "flipY": 0.0 } }, { "layer": 0.0, "object": "obj_hillbillymonster", "deleted": 0.0, "variables": { "x": 416.0, "flipX": 0.0, "y": 402.5, "flipY": 0.0 } }, { "layer": 0.0, "object": "obj_hillbillymonster", "deleted": 0.0, "variables": { "x": 384.0, "flipX": 0.0, "y": 402.5, "flipY": 0.0 } }, { "layer": 0.0, "object": "obj_hillbillymonster", "deleted": 0.0, "variables": { "x": 352.0, "flipX": 0.0, "y": 402.5, "flipY": 0.0 } }, { "layer": 0.0, "object": "obj_hillbillymonster", "deleted": 0.0, "variables": { "x": 320.0, "flipX": 0.0, "y": 402.5, "flipY": 0.0 } }, { "layer": 0.0, "object": "obj_hillbillymonster", "deleted": 0.0, "variables": { "x": 288.0, "flipX": 0.0, "y": 402.5, "flipY": 0.0 } }, { "layer": 0.0, "object": "obj_hillbillymonster", "deleted": 0.0, "variables": { "x": 256.0, "flipX": 0.0, "y": 402.5, "flipY": 0.0 } }, { "layer": 0.0, "object": "obj_hillbillymonster", "deleted": 0.0, "variables": { "x": 224.0, "flipX": 0.0, "y": 402.5, "flipY": 0.0 } }, { "layer": 0.0, "object": "obj_hillbillymonster", "deleted": 0.0, "variables": { "x": 192.0, "flipX": 0.0, "y": 402.5, "flipY": 0.0 } }, { "layer": 0.0, "object": "obj_hillbillymonster", "deleted": 0.0, "variables": { "x": 160.0, "flipX": 0.0, "y": 402.5, "flipY": 0.0 } } ], "tile_data": { "5": { "800_512": { "flipX": 1.0, "flipY": 1.0, "tileset": "tile_medieval2", "coord": [ 8.0, 1.0 ], "autotile_index": 0.0, "autotile": 1.0 }, "864_448": { "flipX": 1.0, "flipY": 1.0, "tileset": "tile_medieval2", "coord": [ 2.0, 1.0 ], "autotile_index": 0.0, "autotile": 1.0 }, "768_512": { "flipX": 1.0, "flipY": 1.0, "tileset": "tile_medieval2", "coord": [ 8.0, 1.0 ], "autotile_index": 0.0, "autotile": 1.0 }, "608_512": { "flipX": 1.0, "flipY": 1.0, "tileset": "tile_medieval2", "coord": [ 8.0, 1.0 ], "autotile_index": 0.0, "autotile": 1.0 }, "256_448": { "flipX": 1.0, "flipY": 1.0, "tileset": "tile_medieval2", "coord": [ 2.0, 1.0 ], "autotile_index": 0.0, "autotile": 1.0 }, "352_512": { "flipX": 1.0, "flipY": 1.0, "tileset": "tile_medieval2", "coord": [ 8.0, 1.0 ], "autotile_index": 0.0, "autotile": 1.0 }, "512_480": { "flipX": 1.0, "flipY": 1.0, "tileset": "tile_medieval2", "coord": [ 2.0, 2.0 ], "autotile_index": 0.0, "autotile": 1.0 }, "896_512": { "flipX": 1.0, "flipY": 1.0, "tileset": "tile_medieval2", "coord": [ 8.0, 1.0 ], "autotile_index": 0.0, "autotile": 1.0 }, "288_480": { "flipX": 1.0, "flipY": 1.0, "tileset": "tile_medieval2", "coord": [ 2.0, 2.0 ], "autotile_index": 0.0, "autotile": 1.0 }, "640_480": { "flipX": 1.0, "flipY": 1.0, "tileset": "tile_medieval2", "coord": [ 2.0, 2.0 ], "autotile_index": 0.0, "autotile": 1.0 }, "320_512": { "flipX": 1.0, "flipY": 1.0, "tileset": "tile_medieval2", "coord": [ 8.0, 1.0 ], "autotile_index": 0.0, "autotile": 1.0 }, "512_448": { "flipX": 1.0, "flipY": 1.0, "tileset": "tile_medieval2", "coord": [ 2.0, 1.0 ], "autotile_index": 0.0, "autotile": 1.0 }, "384_512": { "flipX": 1.0, "flipY": 1.0, "tileset": "tile_medieval2", "coord": [ 8.0, 1.0 ], "autotile_index": 0.0, "autotile": 1.0 }, "736_512": { "flipX": 1.0, "flipY": 1.0, "tileset": "tile_medieval2", "coord": [ 8.0, 1.0 ], "autotile_index": 0.0, "autotile": 1.0 }, "320_448": { "flipX": 1.0, "flipY": 1.0, "tileset": "tile_medieval2", "coord": [ 2.0, 1.0 ], "autotile_index": 0.0, "autotile": 1.0 }, "800_448": { "flipX": 1.0, "flipY": 1.0, "tileset": "tile_medieval2", "coord": [ 2.0, 1.0 ], "autotile_index": 0.0, "autotile": 1.0 }, "704_480": { "flipX": 1.0, "flipY": 1.0, "tileset": "tile_medieval2", "coord": [ 2.0, 2.0 ], "autotile_index": 0.0, "autotile": 1.0 }, "544_512": { "flipX": 1.0, "flipY": 1.0, "tileset": "tile_medieval2", "coord": [ 8.0, 1.0 ], "autotile_index": 0.0, "autotile": 1.0 }, "480_448": { "flipX": 1.0, "flipY": 1.0, "tileset": "tile_medieval2", "coord": [ 2.0, 1.0 ], "autotile_index": 0.0, "autotile": 1.0 }, "288_512": { "flipX": 1.0, "flipY": 1.0, "tileset": "tile_medieval2", "coord": [ 8.0, 1.0 ], "autotile_index": 0.0, "autotile": 1.0 }, "192_512": { "flipX": 1.0, "flipY": 1.0, "tileset": "tile_medieval2", "coord": [ 8.0, 1.0 ], "autotile_index": 0.0, "autotile": 1.0 }, "288_448": { "flipX": 1.0, "flipY": 1.0, "tileset": "tile_medieval2", "coord": [ 2.0, 1.0 ], "autotile_index": 0.0, "autotile": 1.0 }, "672_512": { "flipX": 1.0, "flipY": 1.0, "tileset": "tile_medieval2", "coord": [ 8.0, 1.0 ], "autotile_index": 0.0, "autotile": 1.0 }, "0_512": { "flipX": 1.0, "flipY": 1.0, "tileset": "tile_medieval2", "coord": [ 8.0, 1.0 ], "autotile_index": 0.0, "autotile": 1.0 }, "416_480": { "flipX": 1.0, "flipY": 1.0, "tileset": "tile_medieval2", "coord": [ 2.0, 2.0 ], "autotile_index": 0.0, "autotile": 1.0 }, "640_512": { "flipX": 1.0, "flipY": 1.0, "tileset": "tile_medieval2", "coord": [ 8.0, 1.0 ], "autotile_index": 0.0, "autotile": 1.0 }, "512_512": { "flipX": 1.0, "flipY": 1.0, "tileset": "tile_medieval2", "coord": [ 8.0, 1.0 ], "autotile_index": 0.0, "autotile": 1.0 }, "96_448": { "flipX": 1.0, "flipY": 1.0, "tileset": "tile_medieval2", "coord": [ 2.0, 1.0 ], "autotile_index": 0.0, "autotile": 1.0 }, "448_448": { "flipX": 1.0, "flipY": 1.0, "tileset": "tile_medieval2", "coord": [ 2.0, 1.0 ], "autotile_index": 0.0, "autotile": 1.0 }, "160_512": { "flipX": 1.0, "flipY": 1.0, "tileset": "tile_medieval2", "coord": [ 8.0, 1.0 ], "autotile_index": 0.0, "autotile": 1.0 }, "640_448": { "flipX": 1.0, "flipY": 1.0, "tileset": "tile_medieval2", "coord": [ 2.0, 1.0 ], "autotile_index": 0.0, "autotile": 1.0 }, "928_512": { "flipX": 1.0, "flipY": 1.0, "tileset": "tile_medieval2", "coord": [ 8.0, 1.0 ], "autotile_index": 0.0, "autotile": 1.0 }, "320_480": { "flipX": 1.0, "flipY": 1.0, "tileset": "tile_medieval2", "coord": [ 2.0, 2.0 ], "autotile_index": 0.0, "autotile": 1.0 }, "32_448": { "flipX": 1.0, "flipY": 1.0, "tileset": "tile_medieval2", "coord": [ 2.0, 1.0 ], "autotile_index": 0.0, "autotile": 1.0 }, "64_512": { "flipX": 1.0, "flipY": 1.0, "tileset": "tile_medieval2", "coord": [ 8.0, 1.0 ], "autotile_index": 0.0, "autotile": 1.0 }, "256_480": { "flipX": 1.0, "flipY": 1.0, "tileset": "tile_medieval2", "coord": [ 2.0, 2.0 ], "autotile_index": 0.0, "autotile": 1.0 }, "128_480": { "flipX": 1.0, "flipY": 1.0, "tileset": "tile_medieval2", "coord": [ 2.0, 2.0 ], "autotile_index": 0.0, "autotile": 1.0 }, "544_480": { "flipX": 1.0, "flipY": 1.0, "tileset": "tile_medieval2", "coord": [ 2.0, 2.0 ], "autotile_index": 0.0, "autotile": 1.0 }, "864_480": { "flipX": 1.0, "flipY": 1.0, "tileset": "tile_medieval2", "coord": [ 2.0, 2.0 ], "autotile_index": 0.0, "autotile": 1.0 }, "192_448": { "flipX": 1.0, "flipY": 1.0, "tileset": "tile_medieval2", "coord": [ 2.0, 1.0 ], "autotile_index": 0.0, "autotile": 1.0 }, "256_512": { "flipX": 1.0, "flipY": 1.0, "tileset": "tile_medieval2", "coord": [ 8.0, 1.0 ], "autotile_index": 0.0, "autotile": 1.0 }, "32_512": { "flipX": 1.0, "flipY": 1.0, "tileset": "tile_medieval2", "coord": [ 8.0, 1.0 ], "autotile_index": 0.0, "autotile": 1.0 }, "896_480": { "flipX": 1.0, "flipY": 1.0, "tileset": "tile_medieval2", "coord": [ 2.0, 2.0 ], "autotile_index": 0.0, "autotile": 1.0 }, "672_480": { "flipX": 1.0, "flipY": 1.0, "tileset": "tile_medieval2", "coord": [ 2.0, 2.0 ], "autotile_index": 0.0, "autotile": 1.0 }, "448_480": { "flipX": 1.0, "flipY": 1.0, "tileset": "tile_medieval2", "coord": [ 2.0, 2.0 ], "autotile_index": 0.0, "autotile": 1.0 }, "224_480": { "flipX": 1.0, "flipY": 1.0, "tileset": "tile_medieval2", "coord": [ 2.0, 2.0 ], "autotile_index": 0.0, "autotile": 1.0 }, "128_512": { "flipX": 1.0, "flipY": 1.0, "tileset": "tile_medieval2", "coord": [ 8.0, 1.0 ], "autotile_index": 0.0, "autotile": 1.0 }, "576_480": { "flipX": 1.0, "flipY": 1.0, "tileset": "tile_medieval2", "coord": [ 2.0, 2.0 ], "autotile_index": 0.0, "autotile": 1.0 }, "384_448": { "flipX": 1.0, "flipY": 1.0, "tileset": "tile_medieval2", "coord": [ 2.0, 1.0 ], "autotile_index": 0.0, "autotile": 1.0 }, "672_448": { "flipX": 1.0, "flipY": 1.0, "tileset": "tile_medieval2", "coord": [ 2.0, 1.0 ], "autotile_index": 0.0, "autotile": 1.0 }, "576_512": { "flipX": 1.0, "flipY": 1.0, "tileset": "tile_medieval2", "coord": [ 8.0, 1.0 ], "autotile_index": 0.0, "autotile": 1.0 }, "224_448": { "flipX": 1.0, "flipY": 1.0, "tileset": "tile_medieval2", "coord": [ 2.0, 1.0 ], "autotile_index": 0.0, "autotile": 1.0 }, "448_512": { "flipX": 1.0, "flipY": 1.0, "tileset": "tile_medieval2", "coord": [ 8.0, 1.0 ], "autotile_index": 0.0, "autotile": 1.0 }, "832_480": { "flipX": 1.0, "flipY": 1.0, "tileset": "tile_medieval2", "coord": [ 2.0, 2.0 ], "autotile_index": 0.0, "autotile": 1.0 }, "352_480": { "flipX": 1.0, "flipY": 1.0, "tileset": "tile_medieval2", "coord": [ 2.0, 2.0 ], "autotile_index": 0.0, "autotile": 1.0 }, "160_480": { "flipX": 1.0, "flipY": 1.0, "tileset": "tile_medieval2", "coord": [ 2.0, 2.0 ], "autotile_index": 0.0, "autotile": 1.0 }, "768_480": { "flipX": 1.0, "flipY": 1.0, "tileset": "tile_medieval2", "coord": [ 2.0, 2.0 ], "autotile_index": 0.0, "autotile": 1.0 }, "480_512": { "flipX": 1.0, "flipY": 1.0, "tileset": "tile_medieval2", "coord": [ 8.0, 1.0 ], "autotile_index": 0.0, "autotile": 1.0 }, "32_480": { "flipX": 1.0, "flipY": 1.0, "tileset": "tile_medieval2", "coord": [ 2.0, 2.0 ], "autotile_index": 0.0, "autotile": 1.0 }, "608_448": { "flipX": 1.0, "flipY": 1.0, "tileset": "tile_medieval2", "coord": [ 2.0, 1.0 ], "autotile_index": 0.0, "autotile": 1.0 }, "704_512": { "flipX": 1.0, "flipY": 1.0, "tileset": "tile_medieval2", "coord": [ 8.0, 1.0 ], "autotile_index": 0.0, "autotile": 1.0 }, "0_480": { "flipX": 1.0, "flipY": 1.0, "tileset": "tile_medieval2", "coord": [ 2.0, 2.0 ], "autotile_index": 0.0, "autotile": 1.0 }, "768_448": { "flipX": 1.0, "flipY": 1.0, "tileset": "tile_medieval2", "coord": [ 2.0, 1.0 ], "autotile_index": 0.0, "autotile": 1.0 }, "64_448": { "flipX": 1.0, "flipY": 1.0, "tileset": "tile_medieval2", "coord": [ 2.0, 1.0 ], "autotile_index": 0.0, "autotile": 1.0 }, "608_480": { "flipX": 1.0, "flipY": 1.0, "tileset": "tile_medieval2", "coord": [ 2.0, 2.0 ], "autotile_index": 0.0, "autotile": 1.0 }, "704_448": { "flipX": 1.0, "flipY": 1.0, "tileset": "tile_medieval2", "coord": [ 2.0, 1.0 ], "autotile_index": 0.0, "autotile": 1.0 }, "928_448": { "flipX": 1.0, "flipY": 1.0, "tileset": "tile_medieval2", "coord": [ 2.0, 1.0 ], "autotile_index": 0.0, "autotile": 1.0 }, "928_480": { "flipX": 1.0, "flipY": 1.0, "tileset": "tile_medieval2", "coord": [ 2.0, 2.0 ], "autotile_index": 0.0, "autotile": 1.0 }, "736_480": { "flipX": 1.0, "flipY": 1.0, "tileset": "tile_medieval2", "coord": [ 2.0, 2.0 ], "autotile_index": 0.0, "autotile": 1.0 }, "832_512": { "flipX": 1.0, "flipY": 1.0, "tileset": "tile_medieval2", "coord": [ 8.0, 1.0 ], "autotile_index": 0.0, "autotile": 1.0 }, "896_448": { "flipX": 1.0, "flipY": 1.0, "tileset": "tile_medieval2", "coord": [ 2.0, 1.0 ], "autotile_index": 0.0, "autotile": 1.0 }, "480_480": { "flipX": 1.0, "flipY": 1.0, "tileset": "tile_medieval2", "coord": [ 2.0, 2.0 ], "autotile_index": 0.0, "autotile": 1.0 }, "864_512": { "flipX": 1.0, "flipY": 1.0, "tileset": "tile_medieval2", "coord": [ 8.0, 1.0 ], "autotile_index": 0.0, "autotile": 1.0 }, "544_448": { "flipX": 1.0, "flipY": 1.0, "tileset": "tile_medieval2", "coord": [ 2.0, 1.0 ], "autotile_index": 0.0, "autotile": 1.0 }, "192_480": { "flipX": 1.0, "flipY": 1.0, "tileset": "tile_medieval2", "coord": [ 2.0, 2.0 ], "autotile_index": 0.0, "autotile": 1.0 }, "224_512": { "flipX": 1.0, "flipY": 1.0, "tileset": "tile_medieval2", "coord": [ 8.0, 1.0 ], "autotile_index": 0.0, "autotile": 1.0 }, "128_448": { "flipX": 1.0, "flipY": 1.0, "tileset": "tile_medieval2", "coord": [ 2.0, 1.0 ], "autotile_index": 0.0, "autotile": 1.0 }, "96_480": { "flipX": 1.0, "flipY": 1.0, "tileset": "tile_medieval2", "coord": [ 2.0, 2.0 ], "autotile_index": 0.0, "autotile": 1.0 }, "96_512": { "flipX": 1.0, "flipY": 1.0, "tileset": "tile_medieval2", "coord": [ 8.0, 1.0 ], "autotile_index": 0.0, "autotile": 1.0 }, "64_480": { "flipX": 1.0, "flipY": 1.0, "tileset": "tile_medieval2", "coord": [ 2.0, 2.0 ], "autotile_index": 0.0, "autotile": 1.0 }, "800_480": { "flipX": 1.0, "flipY": 1.0, "tileset": "tile_medieval2", "coord": [ 2.0, 2.0 ], "autotile_index": 0.0, "autotile": 1.0 }, "576_448": { "flipX": 1.0, "flipY": 1.0, "tileset": "tile_medieval2", "coord": [ 2.0, 1.0 ], "autotile_index": 0.0, "autotile": 1.0 }, "160_448": { "flipX": 1.0, "flipY": 1.0, "tileset": "tile_medieval2", "coord": [ 2.0, 1.0 ], "autotile_index": 0.0, "autotile": 1.0 }, "416_512": { "flipX": 1.0, "flipY": 1.0, "tileset": "tile_medieval2", "coord": [ 8.0, 1.0 ], "autotile_index": 0.0, "autotile": 1.0 }, "736_448": { "flipX": 1.0, "flipY": 1.0, "tileset": "tile_medieval2", "coord": [ 2.0, 1.0 ], "autotile_index": 0.0, "autotile": 1.0 }, "0_448": { "flipX": 1.0, "flipY": 1.0, "tileset": "tile_medieval2", "coord": [ 2.0, 1.0 ], "autotile_index": 0.0, "autotile": 1.0 }, "832_448": { "flipX": 1.0, "flipY": 1.0, "tileset": "tile_medieval2", "coord": [ 2.0, 1.0 ], "autotile_index": 0.0, "autotile": 1.0 }, "384_480": { "flipX": 1.0, "flipY": 1.0, "tileset": "tile_medieval2", "coord": [ 2.0, 2.0 ], "autotile_index": 0.0, "autotile": 1.0 }, "416_448": { "flipX": 1.0, "flipY": 1.0, "tileset": "tile_medieval2", "coord": [ 2.0, 1.0 ], "autotile_index": 0.0, "autotile": 1.0 }, "352_448": { "flipX": 1.0, "flipY": 1.0, "tileset": "tile_medieval2", "coord": [ 2.0, 1.0 ], "autotile_index": 0.0, "autotile": 1.0 } } }, "backgrounds": { "5": { "x": 0.0, "scroll_y": 0.75, "panic_sprite": -1.0, "tile_y": 1.0, "hspeed": 0.0, "character": "None", "y": 0.0, "escape": "None", "tile_x": 1.0, "sprite": "bg_farmceilling", "vspeed": 0.0, "image_speed": 15.0, "scroll_x": 0.75 } } }