{ "isNoiseUpdate": 1.0, "properties": { "song": "event:\/music\/soundtest\/noise", "songTransitionTime": 100.0, "pausecombo": 0.0, "roomX": 0.0, "levelWidth": 960.0, "roomY": 0.0, "levelHeight": 540.0 }, "editorVersion": 6.0, "instances": [ { "layer": 0.0, "object": "obj_solid", "deleted": 0.0, "variables": { "x": 0.0, "flipX": 0.0, "y": 448.0, "flipY": 0.0, "image_xscale": 30.0, "image_yscale": 3.0 } }, { "layer": 0.0, "object": "obj_solid", "deleted": 0.0, "variables": { "x": 896.0, "flipX": 0.0, "y": -160.0, "flipY": 0.0, "image_xscale": 6.0, "image_yscale": 22.0 } }, { "layer": 0.0, "object": "obj_solid", "deleted": 0.0, "variables": { "x": -128.0, "flipX": 0.0, "y": -160.0, "flipY": 0.0, "image_xscale": 6.0, "image_yscale": 22.0 } }, { "layer": 0.0, "object": "obj_vigilantespot", "deleted": 0.0, "variables": { "x": 64.0, "flipX": 0.0, "y": 352.0, "flipY": 0.0, "image_xscale": 4.0, "image_yscale": 3.0 } }, { "layer": 0.0, "object": "obj_vigilantespot", "deleted": 0.0, "variables": { "x": 768.0, "flipX": 0.0, "y": 352.0, "flipY": 0.0, "image_xscale": 4.0, "image_yscale": 3.0 } }, { "layer": 0.0, "object": "obj_vigilanteboss", "deleted": 0.0, "variables": { "x": 704.0, "flipX": 1.0, "y": 402.5, "flipY": 0.0, "image_xscale": 1.0, "image_yscale": 1.0 } }, { "layer": 0.0, "object": "obj_micnoise", "deleted": 0.0, "variables": { "x": 736.0, "flipX": 0.0, "y": 384.0, "flipY": 0.0, "image_xscale": 1.0, "image_yscale": 1.0, "target": "obj_vigilanteboss" } }, { "layer": 0.0, "object": "obj_cowspawner", "deleted": 0.0, "variables": { "x": -64.0, "flipX": 0.0, "y": 384.0, "flipY": 0.0, "image_xscale": 1.0, "image_yscale": 1.0 } }, { "layer": 0.0, "object": "obj_cowspawner", "deleted": 0.0, "variables": { "x": 1056.0, "flipX": 1.0, "y": 384.0, "flipY": 0.0, "image_xscale": 1.0, "image_yscale": 1.0 } }, { "layer": 1.0, "object": "obj_platformvigi", "deleted": 0.0, "variables": { "x": 64.0, "flipX": 0.0, "y": 448.0, "flipY": 0.0, "image_xscale": 26.0, "image_yscale": 1.0 } }, { "layer": 0.0, "object": "obj_doorA", "deleted": 0.0, "variables": { "x": 192.0, "flipX": 0.0, "y": 416.0, "flipY": 0.0 } }, { "layer": 0.0, "object": "obj_tutorialbook", "deleted": 0.0, "variables": { "x": -192.0, "flipX": 0.0, "y": -21.0, "flipY": 0.0, "image_xscale": 1.0, "image_yscale": 1.0 } }, { "layer": 0.0, "object": "obj_bosscontroller", "deleted": 0.0, "variables": { "x": -288.0, "flipX": 0.0, "image_xscale": 1.0, "bossspr": "spr_vsvigilante", "vstitle": "spr_vstitle_vigilante", "playerspr": "spr_vspeppino", "player_hp": 13.0, "boss_rowmax": 3.0, "flipY": 0.0, "y": 0.0, "image_yscale": 1.0, "boss_hpsprite": "spr_bossfight_vigiHP", "boss_hp": 9.0 } }, { "layer": 0.0, "object": "obj_baddiespawner", "deleted": 0.0, "variables": { "x": 96.0, "flipX": 0.0, "y": 416.0, "flipY": 0.0, "image_xscale": 1.0, "image_yscale": 1.0, "content": "obj_noisey" } }, { "layer": 0.0, "object": "obj_solid", "deleted": 0.0, "variables": { "x": -96.0, "flipX": 0.0, "y": -288.0, "flipY": 0.0, "image_xscale": 36.0, "image_yscale": 5.0 } }, { "layer": 0.0, "object": "obj_baddiespawner", "deleted": 0.0, "variables": { "x": 864.0, "flipX": 1.0, "y": 416.0, "flipY": 0.0, "image_xscale": 1.0, "image_yscale": 1.0, "content": "obj_noisey" } }, { "layer": 0.0, "object": "obj_bosskeyspawn", "deleted": 0.0, "variables": { "x": 468.0, "flipX": 0.0, "y": 403.0, "flipY": 0.0 } }, { "layer": 0.0, "object": "obj_deadjohn3", "deleted": 0.0, "variables": { "x": 320.0, "flipX": 0.0, "y": 320.0, "flipY": 0.0 } }, { "layer": 0.0, "object": "obj_deadjohn2", "deleted": 0.0, "variables": { "x": 320.0, "flipX": 0.0, "y": 160.0, "flipY": 0.0, "image_xscale": 1.0, "image_yscale": 1.0 } }, { "layer": 0.0, "object": "obj_deadjohn1", "deleted": 0.0, "variables": { "x": 320.0, "flipX": 0.0, "y": 224.0, "flipY": 0.0, "image_xscale": 1.0, "image_yscale": 1.0 } } ], "tile_data": { "5": { } }, "backgrounds": { "-1": { "x": 0.0, "scroll_y": 1.0, "panic_sprite": -1.0, "hspeed": 0.0, "tile_y": 1.0, "character": "None", "y": 0.0, "escape": "None", "tile_x": 1.0, "sprite": "spr_fakepeppino_arena", "vspeed": 0.0, "image_speed": 15.0, "scroll_x": 1.0 }, "6": { "x": 0.0, "scroll_y": 1.0, "panic_sprite": -1.0, "tile_y": 1.0, "hspeed": 0.0, "character": "None", "y": 0.0, "escape": "None", "tile_x": 1.0, "sprite": "bg_noisebossBG1_2", "vspeed": 0.0, "image_speed": 15.0, "scroll_x": 1.0 }, "7": { "x": 0.0, "scroll_y": 1.0, "panic_sprite": -1.0, "tile_y": 1.0, "hspeed": 0.0, "character": "None", "y": 0.0, "escape": "None", "tile_x": 1.0, "sprite": "bg_noisebossBG4", "vspeed": 0.0, "image_speed": 15.0, "scroll_x": 1.0 } } }