{ "isNoiseUpdate": 1.0, "properties": { "song": "event:\/music\/boss\/fakepep", "songTransitionTime": 100.0, "pausecombo": 0.0, "roomX": 0.0, "levelWidth": 960.0, "roomY": 0.0, "levelHeight": 540.0 }, "editorVersion": 6.0, "instances": [ { "layer": 0.0, "object": "obj_fakepepsolid", "deleted": 0.0, "variables": { "x": 64.0, "flipX": 0.0, "y": 448.0, "flipY": 0.0, "image_xscale": 26.0, "image_yscale": 5.0 } }, { "layer": 0.0, "object": "obj_solid", "deleted": 0.0, "variables": { "x": 0.0, "flipX": 0.0, "y": 0.0, "flipY": 0.0, "image_xscale": 2.0, "image_yscale": 21.0 } }, { "layer": 0.0, "object": "obj_solid", "deleted": 0.0, "variables": { "x": 896.0, "flipX": 0.0, "y": 0.0, "flipY": 0.0, "image_xscale": 2.0, "image_yscale": 21.0 } }, { "layer": 0.0, "object": "obj_solid", "deleted": 0.0, "variables": { "x": 0.0, "flipX": 0.0, "y": -64.0, "flipY": 0.0, "image_xscale": 30.0, "image_yscale": 2.0 } }, { "layer": 0.0, "object": "obj_fakepephallwaystart", "deleted": 0.0, "variables": { "x": 64.0, "flipX": 0.0, "y": 608.0, "flipY": 0.0, "image_xscale": 13.0, "image_yscale": 2.0 } }, { "layer": 0.0, "object": "obj_fakepepboss", "deleted": 0.0, "variables": { "x": 768.0, "flipX": 0.0, "y": 402.5, "flipY": 0.0 } }, { "layer": 0.0, "object": "obj_micnoise", "deleted": 0.0, "variables": { "x": 832.0, "flipX": 0.0, "y": 352.0, "flipY": 0.0, "image_xscale": 1.0, "image_yscale": 1.0, "target": "obj_fakepepboss", "spd": "spr_micnoise2" } }, { "layer": 0.0, "object": "obj_doorA", "deleted": 0.0, "variables": { "x": 128.0, "flipX": 0.0, "y": 416.0, "flipY": 0.0 } }, { "layer": 0.0, "object": "obj_bosscontroller", "deleted": 0.0, "variables": { "x": -32.0, "flipX": 0.0, "image_xscale": 1.0, "bossspr": "spr_vsfakepep2", "vstitle": "spr_vstitle_fakepep2", "playerspr": "spr_vspeppino", "player_hp": 9.0, "boss_rowmax": 2.0, "flipY": 0.0, "y": -96.0, "image_yscale": 1.0, "boss_hpsprite": "spr_bossfight_fakepephp", "boss_hp": 8.0 } }, { "layer": 0.0, "object": "obj_tutorialbook", "deleted": 0.0, "variables": { "x": -96.0, "flipX": 0.0, "y": -117.0, "flipY": 0.0 } }, { "layer": 0.0, "object": "obj_hppickup", "deleted": 0.0, "variables": { "x": 864.0, "flipX": 0.0, "y": 416.0, "flipY": 0.0 } }, { "layer": 0.0, "object": "obj_hppickup", "deleted": 0.0, "variables": { "x": 96.0, "flipX": 0.0, "y": 416.0, "flipY": 0.0 } }, { "layer": 0.0, "object": "obj_pizzahead_haywire", "deleted": 0.0, "variables": { "x": 480.0, "flipX": 0.0, "y": 96.0, "flipY": 0.0, "image_xscale": 1.0, "image_yscale": 1.0 } }, { "layer": 0.0, "object": "obj_pizzahead_haywire", "deleted": 1.0, "variables": { "x": 512.0, "flipX": 0.0, "y": 256.0, "flipY": 0.0, "image_xscale": 1.0, "image_yscale": 1.0 } } ], "tile_data": { }, "backgrounds": { "5": { "x": 0.0, "scroll_y": 1.0, "panic_sprite": -1.0, "hspeed": 0.0, "tile_y": 1.0, "character": "None", "y": 0.0, "escape": "None", "tile_x": 1.0, "sprite": "spr_fakepeppino_arena", "vspeed": 0.0, "image_speed": 15.0, "scroll_x": 1.0 }, "6": { "x": 0.0, "scroll_y": 1.0, "panic_sprite": -1.0, "hspeed": 0.0, "tile_y": 1.0, "character": "None", "y": 0.0, "escape": "None", "tile_x": 1.0, "sprite": "bg_noisebossBG1_2", "vspeed": 0.0, "image_speed": 15.0, "scroll_x": 1.0 }, "7": { "x": 0.0, "scroll_y": 1.0, "panic_sprite": -1.0, "hspeed": 0.0, "tile_y": 1.0, "character": "None", "y": 0.0, "escape": "None", "tile_x": 1.0, "sprite": "bg_fakepeppino", "vspeed": 0.0, "image_speed": 15.0, "scroll_x": 1.0 } } }