{ "isNoiseUpdate": 1.0, "properties": { "song": "event:\/music\/soundtest\/unexpectancy1", "songTransitionTime": 100.0, "pausecombo": 0.0, "roomX": 0.0, "levelWidth": 960.0, "roomY": 0.0, "levelHeight": 540.0 }, "editorVersion": 6.0, "instances": [ { "layer": 0.0, "object": "obj_solid", "deleted": 1.0, "variables": { "x": 0.0, "flipX": 0.0, "y": 448.0, "flipY": 0.0, "image_xscale": 30.0, "image_yscale": 3.0, "image_angle": "0" } }, { "layer": 0.0, "object": "obj_solid", "deleted": 0.0, "variables": { "x": 960.0, "flipX": 0.0, "y": -96.0, "flipY": 0.0, "image_xscale": 4.0, "image_yscale": 20.0 } }, { "layer": 0.0, "object": "obj_solid", "deleted": 0.0, "variables": { "x": 0.0, "flipX": 0.0, "y": -96.0, "flipY": 0.0, "image_xscale": 30.0, "image_yscale": 3.0 } }, { "layer": 0.0, "object": "obj_solid", "deleted": 0.0, "variables": { "x": -128.0, "flipX": 0.0, "y": -96.0, "flipY": 0.0, "image_xscale": 4.0, "image_yscale": 20.0 } }, { "layer": 0.0, "object": "obj_bosskeyspawn", "deleted": 0.0, "variables": { "x": 458.0, "flipX": 0.0, "y": 402.0, "flipY": 0.0 } }, { "layer": 0.0, "object": "obj_solid", "deleted": 0.0, "variables": { "x": 0.0, "flipX": 0.0, "y": 448.0, "flipY": 0.0, "image_xscale": 30.0, "image_yscale": 3.0 } }, { "layer": 0.0, "object": "obj_micnoise", "deleted": 0.0, "variables": { "x": 608.0, "flipX": 0.0, "y": 352.0, "flipY": 0.0 } }, { "layer": 0.0, "object": "obj_hppickup", "deleted": 0.0, "variables": { "x": 928.0, "flipX": 0.0, "y": 416.0, "flipY": 0.0, "image_xscale": 1.0, "image_yscale": 1.0, "useLayerDepth": "true" } }, { "layer": 0.0, "object": "obj_bosscontroller", "deleted": 0.0, "variables": { "x": -160.0, "flipX": 0.0, "image_xscale": 1.0, "bossspr": "spr_vsnoise", "vstitle": "spr_vstitle_noise", "playerspr": "spr_vspeppino", "player_hp": 4.0, "boss_rowmax": 2.0, "flipY": 0.0, "y": -96.0, "image_yscale": 1.0, "boss_hpsprite": "spr_bossfight_noiseHP", "boss_hp": 1.0 } }, { "layer": 0.0, "object": "obj_doorA", "deleted": 0.0, "variables": { "x": 320.0, "flipX": 0.0, "y": 416.0, "flipY": 0.0, "image_xscale": 1.0, "image_yscale": 1.0 } }, { "layer": 0.0, "object": "obj_noiseyspawner2", "deleted": 0.0, "variables": { "x": 180.0, "flipX": 0.0, "y": 403.0, "flipY": 0.0, "image_xscale": 1.0, "image_yscale": 1.0 } }, { "layer": 0.0, "object": "obj_noiseboss", "deleted": 0.0, "variables": { "x": 576.0, "flipX": 1.0, "y": 402.5, "flipY": 0.0, "image_xscale": 1.0, "image_yscale": 1.0 } }, { "layer": 0.0, "object": "obj_tutorialbook", "deleted": 0.0, "variables": { "x": -256.0, "flipX": 0.0, "y": -117.0, "flipY": 0.0 } }, { "layer": 0.0, "object": "obj_fakepepprojectile", "deleted": 0.0, "variables": { "x": -352.0, "flipX": 0.0, "y": -352.0, "flipY": 0.0 } }, { "layer": 0.0, "object": "obj_noiseyspawner", "deleted": 0.0, "variables": { "x": 64.0, "flipX": 0.0, "y": -64.0, "flipY": 0.0 } }, { "layer": 0.0, "object": "obj_hppickup", "deleted": 0.0, "variables": { "x": 32.0, "flipX": 0.0, "y": 416.0, "flipY": 0.0, "image_xscale": 1.0, "image_yscale": 1.0, "useLayerDepth": "true" } }, { "layer": 0.0, "object": "obj_darkcontroller", "deleted": 0.0, "variables": { "x": -128.0, "flipX": 0.0, "y": -192.0, "flipY": 0.0, "image_xscale": 1.0, "image_yscale": 1.0, "kidsparty": "DMAS" } } ], "tile_data": { }, "backgrounds": { "7": { "x": 0.0, "scroll_y": 1.0, "panic_sprite": -1.0, "tile_y": 1.0, "hspeed": 0.0, "character": "None", "y": 0.0, "escape": "None", "tile_x": 1.0, "sprite": "bg_pizzaface_p3_sky", "vspeed": 0.0, "image_speed": 15.0, "scroll_x": 1.0 }, "-1": { "x": 0.0, "scroll_y": 1.0, "panic_sprite": -1.0, "hspeed": 0.0, "tile_y": 0.0, "character": "None", "y": 0.0, "escape": "None", "tile_x": 0.0, "sprite": "bg_pizzaface1", "vspeed": 0.0, "image_speed": 15.0, "scroll_x": 1.0 }, "-3": { "x": 0.0, "scroll_y": 1.0, "panic_sprite": -1.0, "tile_y": 0.0, "hspeed": 0.5, "character": "None", "y": 0.0, "escape": "None", "tile_x": 1.0, "sprite": "bg_pizzaface_p3_sky1", "vspeed": 0.0, "image_speed": 15.0, "scroll_x": 1.0 }, "-4": { "x": 0.0, "scroll_y": 1.0, "panic_sprite": -1.0, "tile_y": 0.0, "hspeed": 1.0, "character": "None", "y": 0.0, "escape": "None", "tile_x": 1.0, "sprite": "bg_pizzaface_p3_sky2", "vspeed": 0.0, "image_speed": 15.0, "scroll_x": 1.0 }, "6": { "x": 0.0, "scroll_y": 1.0, "panic_sprite": -1.0, "tile_y": 1.0, "hspeed": 0.0, "character": "None", "y": 0.0, "escape": "None", "tile_x": 1.0, "sprite": "bg_noisebossBG1_2", "vspeed": 0.0, "image_speed": 15.0, "scroll_x": 1.0 } } }